Customer number;Customer name;Customer type;Number;E-mail;Address;Remark;Address row 1;Zip code;City/Province;State/Region;Country;
1013747;1Call Limited;4;64-3-5779321;sales@1call.co.nz;www.1call.co.nz;www.se.com;144 Middle Renwick Road;7201;Blenheim;Marlborough District;New Zealand;
1013748;2E Electrical Ltd;4;0800233532;2e.electrical@gmail.com;;www.se.com;18F Perclo Place;3200;Hamilton;Waikato;New Zealand;
1013749;Active Electrical Drury;4;098693316;drury@goactive.nz;goactive.nz/;www.se.com;271 Great South Rd Drury;2113;Auckland;;New Zealand;
1013751;ControlCo Automation - Optimum Air;4;0800660011;info@controlco.nz;https://www.controlco.nz/;www.se.com;30a Vestey Dr;1060;Mt Wellington;Auckland;New Zealand;
1013753;Copper Electrical;4;;copperelectrical@gmail.com;;www.se.com;4 Saville Row;6037;Johnsonville;;New Zealand;
1013754;Corys Electrical Albany;4;094780920;northshore@corys.co.nz;https://corys.co.nz/;www.se.com;18 Tawa Drive Albany;632;Auckland;;New Zealand;
1013755;Corys Electrical Ashburton;4;033076060;ashburton@corys.co.nz;https://corys.co.nz/;www.se.com;Unit A 62 Dobson Street;7700;Ashburton;;New Zealand;
1013756;Corys Electrical Balclutha;4;034184590;balclutha@corys.co.nz;https://corys.co.nz/;www.se.com;43 Stewart Street;9230;Balclutha;Otago;New Zealand;
1013757;Corys Electrical Blenheim;4;035775643;blenheim@corys.co.nz;https://corys.co.nz/;www.se.com;47 Main Street;7201;Blenheim;;New Zealand;
1013758;Corys Electrical Christchurch;4;033667560;christchurch@corys.co.nz;https://corys.co.nz/;www.se.com;202 Hazeldean Road Sydenham;8023;Christchurch;;New Zealand;
1013759;Corys Electrical Counties Power;4;092371256;pukekohe@corys.co.nz;https://corys.co.nz/;www.se.com;15 Nelson St Counties Power;2120;Auckland;;New Zealand;
1013760;Active Electrical East Tamaki;4;093998065;easttamaki@goactive.nz;goactive.nz/;www.se.com;17 Nandina Ave East Tamaki;2013;Auckland;;New Zealand;
1013761;Corys Electrical Dunedin;4;034740682;dunedin@corys.co.nz;https://corys.co.nz/;www.se.com;100 Cumberland Street;9016;Dunedin;;New Zealand;
1013762;Corys Electrical East Tamaki;4;092728010;easttamaki@corys.co.nz;https://corys.co.nz/;www.se.com;16 Lady Ruby Drive East Tamaki;2013;Auckland;;New Zealand;
1013763;Corys Electrical Frankton;4;034414195;frankton@corys.co.nz;https://corys.co.nz/;www.se.com;Unit 1, 156 Glenda Drive;9371;Frankton;Otago;New Zealand;
1013764;Corys Electrical Gisborne;4;068672084;gisborne@corys.co.nz;https://corys.co.nz/;www.se.com;351 Palmerston Road;4010;Gisborne;;New Zealand;
1013765;Corys Electrical Greymouth;4;037684462;greymouth@corys.co.nz;https://corys.co.nz/;www.se.com;8 Charles OConnor Street;7802;Greymouth;;New Zealand;
1013766;Corys Electrical Hastings;4;068726420;hastings@corys.co.nz;https://corys.co.nz/;www.se.com;202-206 Ellison Road;4122;Hastings;;New Zealand;
1013767;Corys Electrical Henderson;4;098363738;henderson@corys.co.nz;https://corys.co.nz/;www.se.com;163 Central Park Drive Henderson;610;Auckland;;New Zealand;
1013768;Corys Electrical Hornby;4;033495029;hornby@corys.co.nz;https://corys.co.nz/;www.se.com;40 Carmen Road;8042;Hornby;;New Zealand;
1013769;Corys Electrical Invercargill;4;032186054;invercargill@corys.co.nz;https://corys.co.nz/;www.se.com;138 Bond Street;9810;Invercargill;;New Zealand;
1013770;Corys Electrical Kawerau;4;073231100;kawerau@corys.co.nz;https://corys.co.nz/;www.se.com;Unit 5 KEA Building Paora Rd;3169;Kawerau;;New Zealand;
1013771;Active Electrical Hamilton;4;079035087;hamilton@goactive.nz;goactive.nz/;www.se.com;8 Devon Rd;3204;Hamilton;;New Zealand;
1013772;Corys Electrical Kerikeri;4;094016303;kerikeri@corys.co.nz;https://corys.co.nz/;www.se.com;59 Cobham Road;0245;Kerikeri;Northland;New Zealand;
1013773;Corys Electrical Levin;4;063670620;levin@corys.co.nz;https://corys.co.nz/;www.se.com;11Power St;5510;Levin;Manawatu-Wanganui;New Zealand;
1013774;Corys Electrical Lower Hutt;4;045861730;lowerhutt@corys.co.nz;https://corys.co.nz/;www.se.com;74-78 Victoria Street;5010;Lower Hutt;;New Zealand;
1013775;Corys Electrical Ltd Otago Uni;4;034793807;otagouni@corys.co.nz;https://corys.co.nz/;www.se.com;111 Albany Street;9016;Otago Uni;;New Zealand;
1013776;Corys Electrical Ltd Rangiora;4;033132980;rangiora@corys.co.nz;https://corys.co.nz/;www.se.com;5 Albert St;7400;Rangiora;;New Zealand;
1013777;Corys Electrical Manukau;4;092629600;manukau@corys.co.nz;www.corys.co.nz;www.se.com;Unit 2, 21 Ronwood Ave Manukau;2104;Auckland;Auckland;New Zealand;
1013778;Corys Electrical Masterton;4;063772430;masterton@corys.co.nz;www.corys.co.nz;www.se.com;29 Chapel Street;5810;Masterton;Wellington;New Zealand;
1013779;Corys Electrical Mosgiel;4;034740683;mosgiel@corys.co.nz;https://corys.co.nz/;www.se.com;86A Gordon Road;9024;Mosgiel;;New Zealand;
1013780;Corys Electrical Mt Eden;4;096234108;mteden@corys.co.nz;https://corys.co.nz/;www.se.com;61 Normanby Road Mt Eden;1024;Auckland;Auckland;New Zealand;
1013781;Corys Electrical Mt Maunganui;4;075755103;mtmaunganui@corys.co.nz;https://corys.co.nz/;www.se.com;135 Newton Street;3116;Mt Maunganui;;New Zealand;
1013782;Active Electrical Hastings;4;069754020;hastings@goactive.nz;goactive.nz/;www.se.com;209 Ellison Rd;4122;Hastings;;New Zealand;
1013783;Corys Electrical Napier;4;068437490;napier@corys.co.nz;www.corys.co.nz;www.se.com;47 Wakefield Street;4110;Napier;Hawke´s Bay;New Zealand;
1013784;Corys Electrical Nelson;4;035480149;nelson@corys.co.nz;https://corys.co.nz/;www.se.com;118 Vanguard Street;7010;Nelson;;New Zealand;
1013785;Corys Electrical New Lynn;4;098272143;newlynn@corys.co.nz;https://corys.co.nz/;www.se.com;41 Portage Road New Lynn;600;Auckland;;New Zealand;
1013786;Corys Electrical New Plymouth;4;067595420;newplymouth@corys.co.nz;https://corys.co.nz/;www.se.com;118 Gill Street;4310;New Plymouth;;New Zealand;
1013787;Corys Electrical Palmerston North;4;063570874;palmerstonnorth@corys.co.nz;https://corys.co.nz/;www.se.com;76-78 Bourke Street;4410;Palmerston North;;New Zealand;
1013788;Corys Electrical Paraparaumu;4;042961960;paraparaumu@corys.co.nz;https://corys.co.nz/;www.se.com;Unit 3, 37 Te Roto Drive;5032;Paraparaumu;;New Zealand;
1013789;Corys Electrical Penrose;4;095796792;penrose@corys.co.nz;https://corys.co.nz/;www.se.com;32 ORorke Road Penrose;1061;Auckland;;New Zealand;
1013790;Corys Electrical Porirua;4;042373434;porirua@corys.co.nz;https://corys.co.nz/;www.se.com;57-59 Kenepuru Drive;5022;Porirua;;New Zealand;
1013791;Corys Electrical Pukekohe;4;092388145;pukekohewholesale@corys.co.nz;https://corys.co.nz/;www.se.com;227 Manukau Road Pukekohe;2120;Auckland;Auckland;New Zealand;
1013792;Corys Electrical Queenstown;4;034412434;queenstown@corys.co.nz;https://corys.co.nz/;www.se.com;124 Gorge Road;9300;Queenstown;;New Zealand;
1013793;Active Electrical Hornby;4;037411302;hornby@goactive.nz;goactive.nz/;www.se.com;43 Hickory Pl;8042;Hornby;;New Zealand;
1013794;Corys Electrical Rotorua;4;073489757;rotorua@corys.co.nz;https://corys.co.nz/;www.se.com;6 Biak Street;3015;Rotorua;;New Zealand;
1013795;Corys Electrical Silverdale;4;094262371�;silverdale@corys.co.nz;https://corys.co.nz/;www.se.com;Unit 9/30 Foundry Road Silverdale;932;Auckland;;New Zealand;
1013796;Corys Electrical Taranaki St;4;043843709;wellington@corys.co.nz;https://corys.co.nz/;www.se.com;278 Taranaki Street;6011;Wellington;;New Zealand;
1013797;Corys Electrical Taupo;4;073788153;taupo@corys.co.nz;https://corys.co.nz/;www.se.com;32 Waikato Street;3330;Taupo;;New Zealand;
1013798;Corys Electrical Tauranga;4;075783146;tauranga@corys.co.nz;https://corys.co.nz/;www.se.com;11 St John Street;3110;Tauranga;;New Zealand;
1013799;Corys Electrical Te Rapa;4;078495801;terapa@corys.co.nz;https://corys.co.nz/;www.se.com;69 Vickery St Te Rapa;3200;Hamilton;;New Zealand;
1013800;Corys Electrical Tokoroa;4;078864549;tokoroa@corys.co.nz;https://corys.co.nz/;www.se.com;7 Campbell St;3420;Tokoroa;;New Zealand;
1013801;Corys Electrical Wanganui;4;063487697;wanganui@corys.co.nz;https://corys.co.nz/;www.se.com;93 Ingestre Steet;4500;Wanganui;;New Zealand;
1013802;Corys Electrical Warkworth;4;094222380;warkworth@corys.co.nz;https://corys.co.nz/;www.se.com;48 Morrison Drive Warkworth;910;Auckland;;New Zealand;
1013803;Corys Electrical Whangarei;4;094303666;whangarei@corys.co.nz;https://corys.co.nz/;www.se.com;Unit B 33 Okara Drive;110;Whangarei;Northland;New Zealand;
1013804;Active Electrical Manukau;4;099708940;;www.goactive.net.nz;www.se.com;7 Ronwood Avenue;2025;Manukau;;New Zealand;
1013805;CR Automation;4;;marek@crautomation.nz;;www.se.com;500 Coventry Rd;4172;Hastings;Hawke´s Bay;New Zealand;
1013806;Crabb Electrical.2012 Ltd;4;272293388;brad@crabbelectrical.co.nz;;www.se.com;205 Akersten St;7010;Nelson;Canterbury;New Zealand;
1013808;CSE W. Arthur Fisher;4;+6492713810;harrys@cse-waf.co.nz;www.cse-waf.co.nz;www.se.com;15 Polaris Place East Tamaki, AucklandNew Zealand 2013;;Auckland;Auckland;New Zealand;
1013810;Dan Harris;4;;harriselectrical@yahoo.co.nz;;www.se.com;867 Victoria Street;3204;Hamilton;;New Zealand;
1013811;Daryl Johnston Electrical;4;0272895525;djelectrical@xtra.co.nz;;www.se.com;10 Aratia Way;7020;Richmond;;New Zealand;
1013812;Dave Redshaw Electrical;4;274998551;daveredshaw@xtra.co.nz;;www.se.com;376 Mckenzie Rd;2679;Auckland;Auckland;New Zealand;
1013813;DC Electrics Limited;4;035784846;dcelectrics@xtra.co.nz;;www.se.com;5A Park Tce;7201;Blenheim;Canterbury;New Zealand;
1013814;Dean Smith-Pilling Electrical Limited;4;;d.csp@xtra.co.nz;;www.se.com;31 Milverton Avenue, Hokowhitu,;4410;Palmerston North;Manawatu-Wanganui;New Zealand;
1013815;Active Electrical Mt Eden;4;099030630;mteden@goactive.nz;goactive.nz/;www.se.com;32 Normanby Rd Mount Eden;1024;;Auckland;New Zealand;
1013817;Dempster & Hill Electrical Ltd;4;094350382;andrew@demphill.co.nz;www.dempsterandhill.co.nz;www.se.com;11A Clark rd;0112;Kamo;Northland;New Zealand;
1013818;Derek Anderson Electrical Ltd;4;0274339808;derek-anderson@xtra.co.nz;www.electricianblenheim.co.nz;www.se.com;61 Elmwood Avenue;7201;Blenheim;Marlborough District;New Zealand;
1013819;Des Scott Electrical;4;036896063;des.scottelectrical@xtra.co.nz;;www.se.com;15 Leonard St;7924;Waimate;Canterbury;New Zealand;
1013820;Devonport Electrical;4;021670103;paul@devonportelectrical.co.nz;;www.se.com;1/27 Lake Road;0622;Auckland;;New Zealand;
1013821;Direct Electrical Ltd;4;;dion@direct-electrical.co.nz;www.direct-electrical.co.nz;www.se.com;1084 Maraekakaho Road;4130;Havelock North;;New Zealand;
1013822;DNA Electrical Limited;4;094799202;damien@dnaelectrical.co.nz;;www.se.com;5c Piermark Dr;0632;Auckland;Auckland;New Zealand;
1013823;DNI Electrical Limited;4;0800473929;dnielectrical@outlook.com;;www.se.com;P O Box 20100;0641;Auckland;Auckland;New Zealand;
1013824;Ds Electrical Ltd;4;0272899558;dave@dselectrical.nz;dselectrical.nz;www.se.com;220 Albert Street;4410;Palmerston North;Manawatu-Wanganui;New Zealand;
1013826;Active Electrical Mt Maunganui;4;077770378;mtmaunganui@goactive.nz;goactive.nz/;www.se.com;75 Newton St;3116;Mt Maunganui;;New Zealand;
1013827;E4 Electrical Ltd;4;021533210;allan@e4.co.nz;;www.se.com;79 Highbrook Way;3289;Hamilton;Waikato;New Zealand;
1013829;Eccles Electrical;4;(022)380-1874;eccleselectrical.whitianga@gmail.com;https://www.eccleselectrical.com/;www.se.com;7 Ringwood place;3510;whitianga;Waikato;New Zealand;
1013832;Electric 1 Ltd;4;078491763;;www.electric1.co.nz;www.se.com;11 Euclid Avenue;3200;Hamilton;;New Zealand;
1013833;Electrical & Fire Services Ltd;4;096220492;dan@electricalandfire.co.nz;electricalandfire.co.nz;www.se.com;Unit 2/761 Great South Rd;1061;Penrose;Auckland;New Zealand;
1013834;Electrical Control Automation Design;4;;zak@ecad.co.nz;www.ecad.co.nz;www.se.com;Nelson;7010;Nelson;Nelson City;New Zealand;
1013836;Electrical Edge LTD;4;0273647996;accounts@electricaledge.co.nz;;www.se.com;14a Premila DrivePukekohe;2120;Auckland;Auckland;New Zealand;
1013837;Active Electrical Nelson;4;039702198;nelson@goactive.nz;goactive.nz/;www.se.com;8 Washington Rd;7010;Nelson;;New Zealand;
1013839;Electrical Supplies 1990 Ltd;4;033520023;;;www.se.com;3 Langstone Lane;8052;Christchurch;;New Zealand;
1013841;Electrotech Controls Ltd;4;;richie@electrotech.co.nz;;www.se.com;787 Tremaine Ave;4412;Palmerston North;Manawatu-Wanganui;New Zealand;
1013842;Elektron Group Ltd;4;;keith@elektron.co.nz;;www.se.com;5 Mainstreet Place, P;3200;Hamilton;Waikato;New Zealand;
1013843;Energy Services;4;;shaun@energyservices.co.nz;;www.se.com;Energy Services;3110;Tauranga;Bay of Plenty;New Zealand;
1013845;Errol Ludlow Electrical;4;027344149;iyrit@xtra.co.nz;;www.se.com;61 Hood St;9010;Dunedin;Otago;New Zealand;
1013846;ETC Solutions Ltd;4;0276980777;peter@etcsolutions.co.nz;etcelectrical.nz;www.se.com;7 Poturi Street;3110;Tauranga;Bay of Plenty;New Zealand;
1013848;Active Electrical New Plymouth;4;062154246;newplymouth@goactive.nz;goactive.nz/;www.se.com;106 Gill Street;4310;New Plymouth;;New Zealand;
1013849;Exclusive Electrical Ltd;4;0800865824;sales@exclusiveelectrical.co.nz;;www.se.com;8 Scotsmoor Drive;2103;Wattle Downs;Auckland;New Zealand;
1013850;Exotic Electrical NZ Ltd;4;02102367870;;;www.se.com;27 Seon place;0626;Auckland;;New Zealand;
1013851;Finepoint Electrical Ltd;4;021554303;kyle@finepoint.co.nz;https://finepoint.co.nz/;www.se.com;10 Lancewood Lane;0875;Kaukapakapa;Auckland;New Zealand;
1013852;French Electrical Ltd;4;092733700;ashton@frenchelectrical.co.nz;;www.se.com;25 Sir William Ave;2013;Manukau;Auckland;New Zealand;
1013853;Fryer Electrical;4;0274927497;mfe@xtra.co.nz;;www.se.com;226 Maungatapu Rd;3112;Tauranga;Bay of Plenty;New Zealand;
1013854;Full voltage electrical ltd;4;0800385586;kelvin@fullvoltage.co.nz;https://fullvoltage.co.nz/;www.se.com;A1 8 henry rose place;0632;North shore;Auckland;New Zealand;
1013855;G4 nz ltd;4;0212448324;888piggy@gmail.com;;www.se.com;29 Kings Cr;5010;Lower Hutt;Wellington;New Zealand;
1013858;Genvest Limited;4;0212472331;info@genvest.co.nz;;www.se.com;PO Box 25246;6140;Wellington;Wellington;New Zealand;
1013860;Active Electrical Palmerston North;4;063997051;palmerstonnorth@goactive.nz;goactive.nz/;www.se.com;667 Tremaine Ave;4414;Palmerston North;;New Zealand;
1013861;Go Live Electrical Limited;4;279188379;golive@xtra.co.nz;;www.se.com;440 Don Buck Road;614;Auckland;Auckland;New Zealand;
1013863;Grounds Electrical Limited;4;0294272444;groundselectrical@xtra.co.nz;;www.se.com;23 Calder St;9012;Dunedin;Otago;New Zealand;
1013864;Guild & Spence Electrical Limited;4;075755328;clive@guildspence.co.nz;;www.se.com;11 St John St;3110;Tauranga;Bay of Plenty;New Zealand;
1013866;Harbour Electrical;4;0800133233;info@harbourelectrical.co.nz;https://www.harbourelectrical.co.nz/;www.se.com;8A Shamrock Drive;0810;North Shore;Auckland;New Zealand;
1013867;Hart Electrical;4;092153742;connect@hartelectrical.co.nz;https://hartelectrical.co.nz/;www.se.com;44e Portage Road,;0600;;Auckland;New Zealand;
1013868;high Energy Electrics LTD;4;274439276;trev@highenergy.co.nz;;www.se.com;3 Pickering St;6035;Wellington;Wellington;New Zealand;
1013869;High Wire Electrical Limited;4;0508444494;aj@highwire.net.nz;https://highwire.net.nz;www.se.com;6/70 Bruce McLaren Road;0612;Henderson;Auckland;New Zealand;
1013870;HKM Electrical Limited;4;;hkmelectrical@hotmail.com;;www.se.com;55 Radiata Street;3214;Hamilton;Waikato;New Zealand;
1013871;Active Electrical Papanui;4;039435359;papanui@goactive.nz;goactive.nz/;www.se.com;567 Wairakei Rd;8053;Papanui;;New Zealand;
1013872;Honest Electrical Ltd;4;(027)277-8316;enquiries@honestelectrical.co.nz;https://www.honestelectrical.co.nz/;www.se.com;226 Highcliff Road Shiel Hill;9013;Dunedin;Otago;New Zealand;
1013873;Horizon Technology Ltd;4;;jamesf@horizontechnology.co.nz;;www.se.com;4 Antares Place;0632;Auckland;Auckland;New Zealand;
1013877;Ideal Electrical - Cambridge;4;079497050;cambridge@ideal.co.nz;https://www.ideal.co.nz/;www.se.com;Unit B 32 Lake St;3434;Cambridge;;New Zealand;
1013878;Ideal Electrical Ashburton;4;033088588;ashburton@ideal.co.nz;https://www.ideal.co.nz/;www.se.com;62 Dobson St;7700;Ashburton;Canterbury;New Zealand;
1013879;Ideal Electrical Avondale;4;098280933;avondale@ideal.co.nz;https://www.ideal.co.nz/;www.se.com;392 Rosebank Rd Avondale;1026;Auckland;;New Zealand;
1013880;Ideal Electrical Blenheim;4;035778818;blenheim@ideal.co.nz;https://www.ideal.co.nz/;www.se.com;7 Opawa St;7201;Blenheim;;New Zealand;
1013881;Ideal Electrical Downtown;4;093661222;downtown@ideal.co.nz;https://www.ideal.co.nz/;www.se.com;47 The Strand Parnell;1010;Auckland;Auckland;New Zealand;
1013882;Active Electrical Penrose;4;095557740;penrose@goactive.nz;goactive.nz/;www.se.com;83 ORorke Rd Penrose;1061;Auckland;;New Zealand;
1013883;Ideal Electrical Dunedin;4;034740088;dunedin@ideal.co.nz;https://www.ideal.co.nz/;www.se.com;30 Portsmouth Dr;9012;Dunedin;;New Zealand;
1013884;Ideal Electrical East Tamaki;4;092739232;easttamaki@ideal.co.nz;https://www.ideal.co.nz/;www.se.com;107 Harris RdEast Tamaki;2013;Auckland;;New Zealand;
1013885;Ideal Electrical Gisborne;4;068670777;;www.ideal.co.nz;www.se.com;170 Carnarvon Street;4010;Gisborne;;New Zealand;
1013886;Ideal Electrical Greymouth;4;037689900;greymouth@ideal.co.nz;https://www.ideal.co.nz/;www.se.com;28 Leonard St;7805;Greymouth;West Coast;New Zealand;
1013887;Ideal Electrical Hamilton;4;078462099;hamilton@ideal.co.nz;https://www.ideal.co.nz/;www.se.com;26 Somerset St;3204;Hamilton;;New Zealand;
1013888;Ideal Electrical Hastings;4;068762489;hastings@ideal.co.nz;https://www.ideal.co.nz/;www.se.com;308 Ellison Rd;4122;Hastings;;New Zealand;
1013889;Ideal Electrical Hawera;4;062788854;hawera@ideal.co.nz;https://www.ideal.co.nz/;www.se.com;33 Glover Rd;4610;Hawera;Taranaki;New Zealand;
1013890;Ideal Electrical Henderson;4;098365320;henderson@ideal.co.nz;https://www.ideal.co.nz/;www.se.com;38 Paramount Dr Henderson;610;Auckland;;New Zealand;
1013891;Ideal Electrical Hornby;4;033490342;hornby@ideal.co.nz;https://www.ideal.co.nz/;www.se.com;79 Waterloo Rd;8042;Wigram;;New Zealand;
1013892;Ideal Electrical Invercargill;4;032182178;invercargill@ideal.co.nz;https://www.ideal.co.nz/;www.se.com;5 Liddel St;9810;Invercargill;;New Zealand;
1013893;Active Electrical Rotorua;4;073994050;rotorua@goactive.nz;goactive.nz/;www.se.com;9 Gilltrap St;3015;Rotorua;;New Zealand;
1013894;Ideal Electrical Lower Hutt;4;045662566;lowerhutt@ideal.co.nz;https://www.ideal.co.nz/;www.se.com;3 / 541 High St;5010;Lower Hutt;;New Zealand;
1013895;Ideal Electrical Manukau;4;092621946;manukau@ideal.co.nz;https://www.ideal.co.nz/;www.se.com;49 Cavendish Dr Manukau;2014;Auckland;Auckland;New Zealand;
1013896;Ideal Electrical Masterton;4;063709181;masterton@ideal.co.nz;https://www.ideal.co.nz/;www.se.com;306 Queen St;5810;Masterton;;New Zealand;
1013897;Ideal Electrical Mt Eden;4;093580770;auckland@ideal.co.nz;https://www.ideal.co.nz/;www.se.com;33 Nugent St Mt Eden;1023;Auckland;;New Zealand;
1013898;Ideal Electrical Mt Maunganui;4;075748499;mtmaunganui@ideal.co.nz;https://www.ideal.co.nz/;www.se.com;139 Newton Rd;3116;Mount Maunganui;;New Zealand;
1013899;Ideal Electrical Napier;4;068432922;napier@ideal.co.nz;https://www.ideal.co.nz/;www.se.com;22 Cadbury RdOnekawa;4110;Napier;;New Zealand;
1013900;Ideal Electrical Nelson;4;035486812;nelson@ideal.co.nz;https://www.ideal.co.nz/;www.se.com;72 Pascoe St;7011;Nelson;;New Zealand;
1013901;Ideal Electrical New Plymouth;4;067573988;newplymouth@ideal.co.nz;https://www.ideal.co.nz/;www.se.com;9 Burton Street;4310;New Plymouth;;New Zealand;
1013902;Ideal Electrical North Shore;4;094750066;northshore@ideal.co.nz;https://www.ideal.co.nz/;www.se.com;50 Apollo Dr Rosedale;632;Auckland;;New Zealand;
1013903;Ideal Electrical Oamaru;4;034343043;oamaru@ideal.co.nz;https://www.ideal.co.nz/;www.se.com;34 Humber St;9400;Oamaru;;New Zealand;
1013904;Active Electrical Tauranga;4;077770122;tauranga@goactive.nz;goactive.nz/;www.se.com;39A Waihi Road;3110;Taranga;;New Zealand;
1013905;Ideal Electrical Palmerston North;4;063554990;palmerstonnorth@ideal.co.nz;https://www.ideal.co.nz/;www.se.com;355-359 Rangitiki St;4410;Palmerston North;;New Zealand;
1013906;Ideal Electrical Papakura;4;092987518;papakura@ideal.co.nz;https://www.ideal.co.nz/;www.se.com;38 East St Papakura;2110;Auckland;;New Zealand;
1013907;Ideal Electrical Papanui;4;033524662;papanui@ideal.co.nz;https://www.ideal.co.nz/;www.se.com;110 Sawyers Arms Rd;8052;Papanui;;New Zealand;
1013908;Ideal Electrical Penrose;4;095257327;penrose@ideal.co.nz;https://www.ideal.co.nz/;www.se.com;176 - 178 Station Rd Penrose;1061;Auckland;;New Zealand;
1013909;Ideal Electrical Petone;4;045664433;petone@ideal.co.nz;https://www.ideal.co.nz/;www.se.com;136 Hutt RdPetone;5012;Lower Hutt;Wellington;New Zealand;
1013910;Ideal Electrical Pukekohe;4;092390950;pukekohe@ideal.co.nz;https://www.ideal.co.nz/;www.se.com;6 Massey Avenue Pukekohe;2120;Auckland;;New Zealand;
1013911;Ideal Electrical Queenstown;4;034428432;queenstown@ideal.co.nz;https://www.ideal.co.nz/;www.se.com;Cnr Gorge Rd & Industrial Pl;9300;Queenstown;;New Zealand;
1013912;Ideal Electrical Rotorua;4;073483770;rotorua@ideal.co.nz;https://www.ideal.co.nz/;www.se.com;10 Depot St;3015;Rotorua;;New Zealand;
1013913;Ideal Electrical Suppliers;4;96229514;brian.mackenzie@ideal.co.nz;https://www.ideal.co.nz/;www.se.com;PO Box 13642;1643;Auckland;Auckland;New Zealand;
1013914;Ideal Electrical Sydenham;4;033791611;sydenham@ideal.co.nz;https://www.ideal.co.nz/;www.se.com;118 montreal st;8140;Christchurch;Canterbury;New Zealand;
1013915;Active Electrical Te Awamutu;4;077778016;teawamutu@goactive.nz;goactive.nz/;www.se.com;494 Sloane Street;3800;Te Awamutu;;New Zealand;
1013916;Ideal Electrical Taupo;4;073783660;taupo@ideal.co.nz;https://www.ideal.co.nz/;www.se.com;33 Nukuhau St;3330;Taupo;;New Zealand;
1013917;Ideal Electrical Tauranga;4;075783886;tauranga@ideal.co.nz;https://www.ideal.co.nz/;www.se.com;63 St John St;3110;Tauranga;;New Zealand;
1013918;Ideal Electrical Te Rapa;4;078498250;terapa@ideal.co.nz;https://www.ideal.co.nz/;www.se.com;86 Vickery St;3200;Te Rapa;;New Zealand;
1013919;Ideal Electrical Timaru;4;036885440;timaru@ideal.co.nz;https://www.ideal.co.nz/;www.se.com;24 Barnard Street;7940;Timaru;Canterbury;New Zealand;
1013920;Ideal Electrical Tokoroa;4;078867770;tokoroa@ideal.co.nz;https://www.ideal.co.nz/;www.se.com;7 Waratah Pl;3420;Tokoroa;;New Zealand;
1013921;Ideal Electrical Waiheke;4;093729991;waiheke@ideal.co.nz;https://www.ideal.co.nz/;www.se.com;18 Hamilton Rd;1081;Waiheke Island;Auckland;New Zealand;
1013922;Ideal Electrical Wanaka;4;034435616;;www.ideal.co.nz;www.se.com;1 Sir Tim Wallis Drive,;9382;Wanaka;;New Zealand;
1013923;Ideal Electrical Wanganui;4;063484951;wanganui@ideal.co.nz;https://www.ideal.co.nz/;www.se.com;66 Wilson St;4500;Wanganui;Manawatu-Wanganui;New Zealand;
1013924;Ideal Electrical Wellington;4;043850229;wellington@ideal.co.nz;https://www.ideal.co.nz/;www.se.com;8 Ghuznee St;6011;Wellington Central;;New Zealand;
1013925;Ideal Electrical Westport;4;037888018;westport@ideal.co.nz;https://www.ideal.co.nz/;www.se.com;181-187 Palmerston St;7825;Westport;West Coast;New Zealand;
1013926;Active Electrical Te Rapa;4;079034030;terapa@goactive.nz;goactive.nz/;www.se.com;45 Bryant Rd Te Rapa;3200;Hamilton;;New Zealand;
1013927;Ideal Electrical Whakatane;4;072193304;whakatane@ideal.co.nz;https://www.ideal.co.nz/;www.se.com;17-19 Peace St;3120;Whakatane;Waikato;New Zealand;
1013928;Ideal Electrical Whangarei;4;094387333;whangarei@ideal.co.nz;https://www.ideal.co.nz/;www.se.com;34 Porowini Avenue, Morningside,;0110;Whangarei;Northland;New Zealand;
1013929;IES Canterbury Ltd;4;033656606;;www.iesltd.co.nz;www.se.com;446 St Asaph Street;8011;Christchurch;;New Zealand;
1013930;Illuminate Ltd;4;092383384;craig@illuminate.co.nz;;www.se.com;PO Box 834;2340;Pukekohe;Auckland;New Zealand;
1013931;INDUSTRIAL CONTROLS CHCH LTD;4;;chris.dzieciol@icch.co.nz;;www.se.com;UNIT 2 31 CARLYLE ST, P;8023;CHRISTCHURCH;Canterbury;New Zealand;
1013932;Intelectric;4;0274741951;mike@intelectric.co.nz;;www.se.com;22 Firth St;3216;Hamilton;Waikato;New Zealand;
1013934;Ion Electrical;4;;chris@ionelectrical.co.nz;;www.se.com;Verbena Rd;0626;Auckland;Auckland;New Zealand;
1013936;IT Power Services Limited;4;;geoff.nickles@itpower.co.nz;www.itpower.co.nz;www.se.com;13A Piermark Drive;0632;Auckland;Auckland;New Zealand;
1013937;Active Electrical Timaru;4;039565020;timaru@goactive.nz;goactive.nz/;www.se.com;17 Bank Rd;7910;Timaru;;New Zealand;
1013938;IT Power Services Ltd;4;+6494155080;jenny@itpower.co.nz;www.itpower.co.nz/about-us.htm;www.se.com;13A Piermark Drive;0632;Auckland;Auckland;New Zealand;
1013939;J A Russell  Ltd  - Henderson;4;098362611;;https://www.jarussell.co.nz/;www.se.com;66 Central Park Drive Henderson;610;Auckland;;New Zealand;
1013940;J A Russell  Ltd - Airport;4;092561261;;https://www.jarussell.co.nz/;www.se.com;9 Jimmy Ward Crescent Auckland Ariport;2022;Auckland;;New Zealand;
1013941;J A Russell  Ltd - Albany;4;094147300;;https://www.jarussell.co.nz/;www.se.com;8/2 Tawa Drive Albany;632;Auckland;;New Zealand;
1013942;J A Russell  Ltd - Cook Street;4;093583985;;https://www.jarussell.co.nz/;www.se.com;62 Cook Street;1010;Auckland;;New Zealand;
1013943;J A Russell  Ltd - Glen Innes;4;095702181;;https://www.jarussell.co.nz/;www.se.com;41 Morrin Road Glen Innes;1072;Auckland;;New Zealand;
1013944;J A Russell  Ltd - Hamilton;4;078473233;;https://www.jarussell.co.nz/;www.se.com;31 Somerset Street;3204;Hamilton;;New Zealand;
1013945;J A Russell  Ltd - Hastings;4;068709326;;https://www.jarussell.co.nz/;www.se.com;801 Karamu Road;4122;Hastings;;New Zealand;
1013946;J A Russell  Ltd - Hawera;4;062788594;;https://www.jarussell.co.nz/;www.se.com;17 Wellington Street;4610;Hawera;;New Zealand;
1013947;J A Russell  Ltd - Kawerau;4;073231200;;https://www.jarussell.co.nz/;www.se.com;9A Manukorihi Drive;3127;Kawerau;;New Zealand;
1013948;Active Electrical Warkworth;4;097774050;warkworth@goactive.nz;goactive.nz/;www.se.com;51 Woodcocks Rd;0910;;Auckland;New Zealand;
1013949;J A Russell  Ltd - Levin;4;063683039;;https://www.jarussell.co.nz/;www.se.com;526 Queen Street East;5510;Levin;;New Zealand;
1013950;J A Russell  Ltd - Lower Hutt;4;045762040;;https://www.jarussell.co.nz/;www.se.com;399 Hutt Road;5012;Lower Hutt;;New Zealand;
1013951;J A Russell  Ltd - Manukau;4;092770150;;https://www.jarussell.co.nz/;www.se.com;Cnr Cavendish Dr & Norman Spencer Dr;2104;Auckland;;New Zealand;
1013952;J A Russell  Ltd - Matamata;4;078884930;;https://www.jarussell.co.nz/;www.se.com;49B Firth Street;3400;Matamata;;New Zealand;
1013953;J A Russell  Ltd - Morrinsville;4;078896081;;https://www.jarussell.co.nz/;www.se.com;2A Thames Street;3300;Morrinsville;;New Zealand;
1013954;J A Russell  Ltd - Mt Maunganui;4;075744060;;https://www.jarussell.co.nz/;www.se.com;89 Newton Street;3116;Mt Maunganui;;New Zealand;
1013955;J A Russell  Ltd - Mt Wellington;4;095884042;;https://www.jarussell.co.nz/;www.se.com;68D Carbine Road Mt Wellington;1060;Auckland;;New Zealand;
1013956;J A Russell  Ltd - New Lynn;4;098283119;;https://www.jarussell.co.nz/;www.se.com;29 Wolverton Street New Lynn;600;Auckland;;New Zealand;
1013957;J A Russell  Ltd - Paraparaumu;4;042984072;;https://www.jarussell.co.nz/;www.se.com;184 Kapiti Road;5032;Paraparaumu;;New Zealand;
1013958;J A Russell  Ltd - Penrose;4;095791402;;https://www.jarussell.co.nz/;www.se.com;25 Fairfax Ave Penrose;1061;Auckland;;New Zealand;
1013959;Active Electrical Whangarei;4;096993050;whangarei@goactive.nz;goactive.nz/;www.se.com;24 Porowini Ave;110;Whangarei;;New Zealand;
1013960;J A Russell  Ltd - Pukekohe;4;092386909;;https://www.jarussell.co.nz/;www.se.com;175 Manukau Road Pukekohe;2120;Auckland;;New Zealand;
1013961;J A Russell  Ltd - Rosebank Road;4;098206302;;https://www.jarussell.co.nz/;www.se.com;Unit 7 624 Rosebank Road;1026;Auckland;;New Zealand;
1013962;J A Russell  Ltd - Rotorua;4;073490661;;https://www.jarussell.co.nz/;www.se.com;8-12 Waterford Street;3015;Rotorua;;New Zealand;
1013963;J A Russell  Ltd - Silverdale;4;094266833;;https://www.jarussell.co.nz/;www.se.com;7 Wainui Road Silverdale;932;Auckland;;New Zealand;
1013964;J A Russell  Ltd - Takapuna;4;099510676;;https://www.jarussell.co.nz/;www.se.com;58 Barrys Point Road Takapuna;622;Auckland;;New Zealand;
1013965;J A Russell  Ltd - Taupo;4;073781988;;https://www.jarussell.co.nz/;www.se.com;44 Waikato Street;3330;Taupo;;New Zealand;
1013966;J A Russell  Ltd - Te Awamutu;4;078720600;;https://www.jarussell.co.nz/;www.se.com;60 Vaile Street;3800;Te Awamutu;;New Zealand;
1013967;J A Russell  Ltd - Te Puke;4;075735091;;https://www.jarussell.co.nz/;www.se.com;132B Jellicoe Street;3119;Te Puke;;New Zealand;
1013968;J A Russell  Ltd - Te Rapa;4;078505436;;https://www.jarussell.co.nz/;www.se.com;671 Te Rapa Road;3200;Te Rapa;;New Zealand;
1013969;J A Russell  Ltd - Thames;4;078679338;;https://www.jarussell.co.nz/;www.se.com;102Grey Street;3500;Thames;;New Zealand;
1013970;A C Connections Ltd;4;6433773603;derek@acconnections.co.nz;;www.se.com;8/97 Shakespeare Road;8023;Christchurch;Canterbury;New Zealand;
1013971;Adam Tulloch Electrical Limited;4;+6444774097;adamt@safepower.co.nz;www.safepower.co.nz;www.se.com;PO Box 526;6140;Wellington;Wellington;New Zealand;
1013972;J A Russell  Ltd - Thorndon;4;044739350;;https://www.jarussell.co.nz/;www.se.com;120 Hutt Road;6035;Thorndon;;New Zealand;
1013973;J A Russell  Ltd - Tokoroa;4;078864830;;https://www.jarussell.co.nz/;www.se.com;48 Ashworth Street;3420;Tokoroa;;New Zealand;
1013974;J A Russell  Ltd - Waiheke;4;099033657;;https://www.jarussell.co.nz/;www.se.com;Unit 1 Tahi Road;1081;Waiheke;;New Zealand;
1013975;J A Russell  Ltd - Wanganui;4;063487660;;https://www.jarussell.co.nz/;www.se.com;63 Wilson Street;4500;Wanganui;;New Zealand;
1013976;J A Russell  Ltd - Whakatane;4;073060310;;https://www.jarussell.co.nz/;www.se.com;27-29 McAlister Street;3120;Whakatane;;New Zealand;
1013977;J A Russell  Ltd - Whangamata;4;078656887;;https://www.jarussell.co.nz/;www.se.com;300 Aickin Road;3620;Whangamata;;New Zealand;
1013978;J A Russell  Ltd - Whitianga;4;078660478;;https://www.jarussell.co.nz/;www.se.com;Unit 3/20 Joan Gaskell Drive;3510;Whitianga;;New Zealand;
1013979;J A Russell  Ltd- North Shore;4;094447339;;https://www.jarussell.co.nz/;www.se.com;8 Hillside Road North Shore;627;Auckland;;New Zealand;
1013980;J A Russell  Ltd- Wellington Central;4;043852142;;https://www.jarussell.co.nz/;www.se.com;71 Webb Street;6011;Wellington Central;;New Zealand;
1013981;J A Russell Cambridge;4;078279156;;https://www.jarussell.co.nz/;www.se.com;Unit 4/15 Albert Street;3434;Cambridge;;New Zealand;
1013982;ADES LIMITED;4;092222101;office@ades.co.nz;;www.se.com;7 River Road;0932;Red Beach;Auckland;New Zealand;
1013983;J A Russell Kerikeri;4;094070077;;https://www.jarussell.co.nz/;www.se.com;15 Mill Lane;230;Kerikeri;;New Zealand;
1013984;J A Russell Ltd - East Tamaki;4;092737450;;https://www.jarussell.co.nz/;www.se.com;90 Greenmount Drive East Tamaki;2013;Auckland;;New Zealand;
1013985;J A Russell Ltd - Porirua;4;042374580;;https://www.jarussell.co.nz/;www.se.com;25A Kenepuru Drive;5022;Porirua;;New Zealand;
1013986;J A Russell Ltd Gisborne;4;068673169;;https://www.jarussell.co.nz/;www.se.com;293 Palmerston Road;4010;Gisborne;;New Zealand;
1013987;J A Russell Masterton;4;063787789;;https://www.jarussell.co.nz/;www.se.com;212 Chapel Street;5810;Masterton;Wellington;New Zealand;
1013988;J A Russell Napier;4;068435888;;https://www.jarussell.co.nz/;www.se.com;104 Austin St;4110;Napier;;New Zealand;
1013989;J A Russell New Plymouth;4;067575007;;https://www.jarussell.co.nz/;www.se.com;96 Gill Street;4310;New Plymouth;;New Zealand;
1013990;J A Russell Palmerston North;4;063586169;;https://www.jarussell.co.nz/;www.se.com;177-199 Rangitikei Street;4410;Palmerston North;Manawatu-Wanganui;New Zealand;
1013991;J A Russell Papakura;4;092981370;;https://www.jarussell.co.nz/;www.se.com;14 Queen Street Papakura;2110;Auckland;;New Zealand;
1013992;J A Russell Tauranga;4;075714001;;https://www.jarussell.co.nz/;www.se.com;19 St John Street;3110;Tauranga;Bay of Plenty;New Zealand;
1013993;Adsel Solutions Group Ltd (electrical Building Services Ltd);4;09362-0114;ross.taylor@adsel.co.nz;;www.se.com;97a Mt Eden Rd;1024;Auckland;Auckland;New Zealand;
1013994;J A Russell Warkworth;4;094251140;;https://www.jarussell.co.nz/;www.se.com;1 Morrison Drive Warkworth;910;Auckland;;New Zealand;
1013995;J A Russell Whangarei;4;094381107;;https://www.jarussell.co.nz/;www.se.com;118-124 Cameron Street;110;Whangarei;;New Zealand;
1013996;J. A. Russell Ltd;4;093574450;aaron.murray@jarussell.co.nz;https://www.jarussell.co.nz/;www.se.com;49 Boston Road Mt Eden;1023;Auckland;Auckland;New Zealand;
1013997;Jace Electrical Services Ltd;4;0800522328;service@jaceelectrical.co.nz;;www.se.com;8 Botticelli mews;7614;Rolleston;Canterbury;New Zealand;
1013999;Jimmy Neal Electrical Ltd;4;;jimmy.neal@hotmail.com;;www.se.com;90 Tawari St;3400;Matamata;Waikato;New Zealand;
1014000;JMAC ELECTRICAL LTD;4;045654073;bookings@jmac.co.nz;www.jmac.co.nz;www.se.com;4 Union St;5013;Petone;Wellington;New Zealand;
1014001;John Lovett Electrical;4;0212610261;stephen@lovettelectrical.co.nz;;www.se.com;16 Perclo Place;3200;Hamilton;Waikato;New Zealand;
1014002;John Stevens Limited;4;078867356;john@stevenselectrical.co.nz;;www.se.com;50 Manfield St;3420;Tokoroa;Waikato;New Zealand;
1014004;Advance Electrical Lower Hutt;4;045692267;lowerhutt@advanceelectrical.co.nz;https://www.advanceelectrical.co.nz/;www.se.com;14 Victoria St;5010;LOWER HUTT;;New Zealand;
1014005;Jones & Cole Electrical;4;+6473234789;garry@sparkies.net.nz;www.sparkies.net.nz/;www.se.com;157 Riverside Dr;3120;Whakatane;Bay of Plenty;New Zealand;
1014006;Jono's Electrical;4;;jono@jonoselectrical.co.nz;;www.se.com;32 Tutauanui Cresent;3112;Tauranga;Bay of Plenty;New Zealand;
1014008;Just Electric Limited;4;0272971157;justelectric@paradise.net.nz;;www.se.com;37 Callender Tce;5032;Paraparaumu;Wellington;New Zealand;
1014009;K&E Electrical Ltd.;4;0272817706;ke.electrical@yahoo.co.nz;;www.se.com;28 Saxon Woods Drive Rototuna North Hamilton;3210;Hamilton;Waikato;New Zealand;
1014010;Kapiti Telecommunications;4;;kapiticomms@xtra.co.nz;;www.se.com;7 Forest Lane Raumati South;5032;Paraparaumu;Wellington;New Zealand;
1014011;Kennedy Electrical Ltd;4;0225483663;kennedyelectricalltd@yahoo.co.nz;;www.se.com;Hamilton;3200;Hamilton;Waikato;New Zealand;
1014012;Keywork Home Automation;4;092172677;info@keywork.co.nz;;www.se.com;79 Te Atatu Road, Te Atatu South;0610;Auckland;;New Zealand;
1014013;Kinetic Electrical Kapiti/Wellington;4;(021)247-0978;mark.james@kinetic-electric.co.nz;https://www.kinetic-electric.co.nz/locations/kapiti-coast/;www.se.com;19a Aorangi Rd;5032;Paraparaumu;Wellington;New Zealand;
1014015;Advance Electrical Palmerston North;4;063563237;manawatu@advanceelectrical.co.nz;https://www.advanceelectrical.co.nz/;www.se.com;79 Campbell St;4410;Palmerston North;;New Zealand;
1014016;King Electrical Ltd;4;(07)8887578;jeremy@kingelectrical.co.nz;;www.se.com;54 Firth St;3400;Matamata;Waikato;New Zealand;
1014017;Kinsman Electrical Ltd;4;095351317;anitakinsman@xtra.co.nz;;www.se.com;36 Channing Crescent;2010;Botany Downs;Auckland;New Zealand;
1014018;Kiwitown Electrical Ltd;4;078737895;kiwitownelectrical@outlook.com;;www.se.com;42B Turongo St;3900;Ōtorohanga;Waikato;New Zealand;
1014019;KJM Electrical;4;021733460;kjmelect@outlook.co.nz;;www.se.com;62 Taranaki Lane;RD 7;Te Puke;Bay of Plenty;New Zealand;
1014021;KV Amps Electrical Limited;4;;rick@kvamps.co.nz;;www.se.com;17 Avenue Roadwest end;7910;Timaru;Canterbury;New Zealand;
1014022;Laser Electrical;4;096388883;richiebluck@gmail.com;;www.se.com;183 Mt Eden Rd;1024;Auckland;Auckland;New Zealand;
1014023;Laser Electrical Ashburton;4;033082106;b.christie@laserelectrical.co.nz;www.laserelectrical.co.nz/m/electrician-ashburton;www.se.com;726 East Street;7700;Ashburton;;New Zealand;
1014024;Laser Electrical Dunedin;4;034564530;a.mckillop@laserelectrical.co.nz;www.laserelectrical.co.nz/m/electrician-dunedin;www.se.com;257A Hillside Road;9012;South Dunedin;;New Zealand;
1014025;Laser Electrical Geraldine;4;036939399;t.smith@laserelectrical.co.nz;;www.se.com;17 Peel St;7930;Geraldine;;New Zealand;
1014026;Advance Electrical Porirua;4;042375971;porirua@advanceelectrical.co.nz;https://www.advanceelectrical.co.nz/;www.se.com;2 Prosser St;5022;Porirua;;New Zealand;
1014027;Laser Electrical Hamilton;4;078499942;p.white@laserelectrical.co.nz;www.laserelectrical.co.nz/m/electrician-hamilton;www.se.com;35 Northway Street;3204;Te Rapa;;New Zealand;
1014028;Laser Electrical Hawera;4;062783098;stephen.c@laserelectrical.co.nz;;www.se.com;55 Glover Road;4610;Hawera;;New Zealand;
1014029;Laser Electrical Ngatea;4;078677049;c.mcduff@laserelectrical.co.nz;www.laserelectrical.co.nz/m/electrician-ngatea;www.se.com;29 Orchard Road;3503;Ngatea;Waikato;New Zealand;
1014030;Laser Electrical Papakura;4;092988173;d.withy@laserelectrical.co.nz;;www.se.com;43 Elliot street;2677;Papakura;Auckland;New Zealand;
1014031;Laser Electrical Riccarton;4;;s.calverley@laserelectrical.co.nz;;www.se.com;14 Nga Mahi Road;8440;Christchurch;Canterbury;New Zealand;
1014032;Laser Electrical Rolleston;4;033474016;z.adams@laserelectrical.co.nz;;www.se.com;831 Jones Rd;7677;Rolleston;Canterbury;New Zealand;
1014033;Laser Electrical Rotorua;4;;briantownley51@gmail.com;;www.se.com;49 Pururu St;3015;Rotorua;Bay of Plenty;New Zealand;
1014034;Laser Electrical Silverdale;4;094263852;b.fairgray@laserelectrical.co.nz;;www.se.com;29A Peters Way;3216;Silverdale;Auckland;New Zealand;
1014035;Laser Electrical Taupo;4;073787595;wright.taupo@gmail.com;taupo.laserelectrical.co.nz;www.se.com;U2, 41 Runanga Street;3330;Taupo;;New Zealand;
1014036;Laser Electrical Wairarapa;4;063700530;d.norman@laserelectrical.co.nz;www.laserelectrical.co.nz/m/electrician-wairarapa;www.se.com;407 Queen Street;5810;Masterton;;New Zealand;
1014037;Advance Electrical Upper Hutt;4;045280715;upperhutt@advanceelectrical.co.nz;https://www.advanceelectrical.co.nz/;www.se.com;14 Goodshed Rd;5018;UPPER HUTT;;New Zealand;
1014038;Laser Electrical Whangarei & Bream Bay;4;094381686;r.trigg@laserelectrical.co.nz;https://www.laserelectricalwhangarei.co.nz/;www.se.com;138 Cameron Street;110;Whangarei;Northland;New Zealand;
1014040;Leck Electrical Ltd;4;006496241875;info@leckelectrical.co.nz;https://leckelectrical.co.nz/;www.se.com;42a Liverpool Street;1023;Epsom;;New Zealand;
1014042;Liddington Electrical Southern;4;;liddingtonelectrical@live.com;;www.se.com;3 Stone Ridge Place;9300;Queenstown;Southland;New Zealand;
1014045;Live Electrical;4;0800548366;info@liveelectrical.co.nz;;www.se.com;75 Enderley Ave;3214;Hamilton;Waikato;New Zealand;
1014046;Lloyd Electrical Ltd;4;094157075;adamw@lloydelectrical.co.nz;;www.se.com;19D William Pickering Dr;0632;North Shore CIty;Auckland;New Zealand;
1014047;Logan Electrical Ltd;4;(027)435-4242;;;www.se.com;35 Kohunga Cres, Bottle Lake;8083;Christchurch;Canterbury;New Zealand;
1014048;Advance Electrical Wellington;4;048019500;wellington@advanceelectrical.co.nz;https://www.advanceelectrical.co.nz/;www.se.com;250 Cuba St;6011;Central Wellington;;New Zealand;
1014049;LS Electrical Services Ltd;4;;lance@lselectrical.co.nz;;www.se.com;518 Buckland Road;2677;Pukekohe;Auckland;New Zealand;
1014051;LW Electrical 2013 Ltd;4;063533355;trevor.newland@lwelectrical.co.nz;;www.se.com;12 Andrew Young St;4410;Palmerston North;Manawatu-Wanganui;New Zealand;
1014052;Lyndon Jones Electrical Ltd;4;;lyndon.lje@xtra.co.nz;;www.se.com;172 Ellis St;3204;Hamilton;Waikato;New Zealand;
1014056;Mark Frost Electrical Ltd;4;062788324;mark.frost@xtra.co.nz;;www.se.com;33 Turuturu Rd;4610;Hawera;Taranaki;New Zealand;
1014057;Mathis Electrical;4;0275312549;mathiselectrical@hotmail.co.nz;;www.se.com;;3120;Whakatane;Bay of Plenty;New Zealand;
1014060;MB Electrical Limited;4;092928682;jack@mbelectrical.co.nz;;www.se.com;Monument Rd;2582;Papakura;Auckland;New Zealand;
1014061;McKay;4;;james.hand@mckay.co.nz;mckay.co.nz;www.se.com;38 Water Street;0110;Whangarei;Northland;New Zealand;
1014062;Melray Electric Limited;4;033657077;glenn@melray.co.nz;;www.se.com;38 Stewart St;8011;Christchurch Central;Canterbury;New Zealand;
1014065;Mike Wieblitz Electrical Ltd;4;037558615;mike@mwelectrical.co.nz;www.mwelectrical.co.nz;www.se.com;44 Hoffman Street;7810;Hokitika;;New Zealand;
1014067;Modserve NZ;4;+6433817477;admin@modserve.co.nz;;www.se.com;Unit 8, 18 Taurus Place, Bromley;8062;Christchurch;Canterbury;New Zealand;
1014068;MORRIS WADDELL ELECTRICAL LTD;4;036862422;mwaddell@xtra.co.nz;;www.se.com;60 Gleniti Rd;7910;Timaru;Canterbury;New Zealand;
1014069;Nemesys Ltd;4;;ruth.robinson@nemesys.co.nz;;www.se.com;Ground Floor, 20 Rostrevor St, P;3204;Hamilton;Waikato;New Zealand;
1014070;Advanced Electrical Nelson Ltd;4;+6435410680;stephen@advanced-electrical.co.nz;www.advanced-electrical.co.nz;www.se.com;34 Beach Rd;7020;Nelson;Tasman District;New Zealand;
1014071;New Zealand Electrical Solutions Lt;4;;rory@nes.co.nz;;www.se.com;33 Forests Rd, P;7011;Nelson;;New Zealand;
1014072;New Zealand Electrical Traders Ltd;4;;alan@bray.co.nz;;www.se.com;13 Christopher St;;Tauranga;Bay of Plenty;New Zealand;
1014073;Nexus Electrical;4;0800263987;sam@nexuselectrical.co.nz;www.nexuselectrical.co.nz;www.se.com;69b Carr Road;1041;Auckland;Auckland;New Zealand;
1014074;No Shock Electrical Ltd;4;095508774;office@noshock.co.nz;https://noshock.co.nz/;www.se.com;18 Hill St;1061;Onehunga;Auckland;New Zealand;
1014076;NZ Trade Group Ltd;4;094144644;brownie@nztradegroup.co.nz;;www.se.com;22A Tarndale Grove;612;Auckland;Auckland;New Zealand;
1014077;O'Leary Electrical;4;;o.e.s@paradise.net.nz;;www.se.com;Raumati Beach;5032;Paraparaumu;;New Zealand;
1014078;Oceans Electrical;4;;chris@oceanselectrical.co.nz;;www.se.com;7a/43a Linwood Ave Mount Albert;1022;Auckland - Auckland City;Auckland;New Zealand;
1014079;Off Grid Electrical Ltd;4;(07)3765195;admin@offgridelectrical.nz;www.offgridelectrical.nz;www.se.com;27 miro street;3330;Taupo;Waikato;New Zealand;
1014080;Origin IT;4;;jamesh@originit.co.nz;;www.se.com;31 Apollo Dr;0757;Auckland;Auckland;New Zealand;
1014082;Advanced Electrical Services Ltd;4;0224567367;jordan@advancedelectricalservices.co.nz;www.advancedelectricalservices.co.nz;www.se.com;1099 Great North Road;1022;Point Chevalier;;New Zealand;
1014083;Otago Electrical & Communications Ltd;4;+6434772795;mark.wilson@oec.co.nz;;www.se.com;5 Hope St;9016;Dunedin;Otago;New Zealand;
1014084;Paul Mann Electrical Ltd.;4;;pvmann@actrix.co.nz;;www.se.com;110 River road;3216;hamilton;Waikato;New Zealand;
1014085;PC Electrical Ltd;4;;paul@pcelectrical.co.nz;;www.se.com;36 Owen Street;3510;Whitianga;Waikato;New Zealand;
1014086;PCI Electrical Ltd;4;093091185;matt@pcielectrical.co.nz;;www.se.com;97B Mt Eden Rd;1010;Auckland;Auckland;New Zealand;
1014087;PHD Electrical Ltd;4;021998595;daniel@phdelectrical.co.nz;;www.se.com;68 Sim Rd;2676;Pukekohe;Auckland;New Zealand;
1014088;Phillips Electrical;4;063480506;jeff@phillipselect.co.nz;www.phillipselectrical.co.nz;www.se.com;6 Indus Street;4500;Wanganui;Manawatu-Wanganui;New Zealand;
1014089;Pope Electrical Ltd;4;5423355;ron@popes.co.nz;;www.se.com;15 Reynolds Place;3118;Papamoa;Bay of Plenty;New Zealand;
1014090;Port Hills Electrical;4;0272655783;sam@porthillselectrical.co.nz;;www.se.com;35 Clark St;8081;Christchurch;Canterbury;New Zealand;
1014092;Power Services Te Anau Ltd;4;0274358370;dainty.teanau@xtra.co.nz;www.photofiordland.co.nz;www.se.com;222 Milford Road;9600;Te Anau;;New Zealand;
1014093;Aeon Electrical Solutions;4;0212548282;rick@aeonelectrical.co.nz;www.aeonelectricalsolutions.co.nz;www.se.com;8 Allen Berry Ave;4112;Pirimai;;New Zealand;
1014094;Professional Electrics Ltd;4;033488096;lee.farrell@prolec.co.nz;;www.se.com;5 Vulcan;8024;Christchurch;Canterbury;New Zealand;
1014096;Projex Electrical and Maintenance Ltd;4;0275270404;office.projex@gmail.com;;www.se.com;Main Street;5140;Upper Hutt;Wellington;New Zealand;
1014097;Pye Electrix Ltd;4;274528857;bkpye61@gmail.com;www.pyeelectrix.co.nz;www.se.com;14 Tupelo Place;3112;Tauranga;;New Zealand;
1014098;Quasar;4;+6433439150;sales@quasar.co.nz;https://www.quasar.com;www.se.com;Unit 9,1 Stark Drive;8042;Wigram;Canterbury;New Zealand;
1014099;R Redpaths Ltd Alexandra;4;034485291;;https://www.redpaths.co.nz/;www.se.com;23 Ngapara St Alexandra;9320;Otago;;New Zealand;
1014100;R Redpaths Ltd Ashburton;4;033077001;;https://www.redpaths.co.nz/;www.se.com;11 Grey Street;7700;Ashburton;;New Zealand;
1014101;R Redpaths Ltd Christchurch;4;033790446;;https://www.redpaths.co.nz/;www.se.com;308 St Asaph St;8011;Christchurch;;New Zealand;
1014102;R Redpaths Ltd Cromwell;4;034453190;;https://www.redpaths.co.nz/;www.se.com;Unit 3-4;9310;Cromwell;;New Zealand;
1014103;R Redpaths Ltd Dunedin;4;034717222;;https://www.redpaths.co.nz/;www.se.com;110 Cumberland St;9016;DUNEDIN;;New Zealand;
1014104;AFI Ltd;4;0273976692;pmckenna@afi.co.nz;;www.se.com;55 Cuba St;5012;Lower Hutt;Wellington;New Zealand;
1014105;R Redpaths Ltd Invercargill;4;032141200;;https://www.redpaths.co.nz/;www.se.com;14 Yarrow St;9810;INVERCARGILL;;New Zealand;
1014106;R Redpaths Ltd Nelson;4;035380151;;https://www.redpaths.co.nz/;www.se.com;111 St Vincent St;7010;Nelson;;New Zealand;
1014107;R Redpaths Ltd Oamaru;4;034349119;;https://www.redpaths.co.nz/;www.se.com;19 Usk St;9400;Oamaru;;New Zealand;
1014108;R Redpaths Ltd Rangiora;4;033132363;;https://www.redpaths.co.nz/;www.se.com;341A Flaxton Road;7400;Rangiora;;New Zealand;
1014110;R Redpaths Ltd Rolleston;4;032605860;;https://www.redpaths.co.nz/;www.se.com;856 Jones Rd;7677;Rolleston;Canterbury;New Zealand;
1014111;R Redpaths Ltd Sockburn;4;033431020;;https://www.redpaths.co.nz/;www.se.com;29 Watts Rd;8042;Sockburn;;New Zealand;
1014112;R Redpaths Ltd Timaru;4;036889989;;https://www.redpaths.co.nz/;www.se.com;31 Latter Street;7910;TIMARU;;New Zealand;
1014113;R Redpaths Ltd Wakatipu;4;034411030;;https://www.redpaths.co.nz/;www.se.com;105 Glenda Dr;9300;Queenstown;;New Zealand;
1014114;R Redpaths Ltd Wanaka;4;032653400;;https://www.redpaths.co.nz/;www.se.com;1 Cliff Wilson St;9305;Wanaka;;New Zealand;
1014115;Akon Electrical;4;+6421588448;steve@akon.co.nz;;www.se.com;5 Tony StreetHenderson;0610;Auckland;;New Zealand;
1014116;Radcliffe Electrical - Ashburton;4;033072233;;https://www.jarussell.co.nz/;www.se.com;155 Moore Street;7700;Ashburton;;New Zealand;
1014117;Radcliffe Electrical - Belfast;4;033239428;;https://www.jarussell.co.nz/;www.se.com;26 Belfast Road;8051;Belfast;;New Zealand;
1014118;Radcliffe Electrical - Blenheim;4;035793344;;https://www.jarussell.co.nz/;www.se.com;98 Middle Renwick Road;7201;Blenheim;;New Zealand;
1014119;Radcliffe Electrical - Christchurch;4;033793008;;https://www.jarussell.co.nz/;www.se.com;350 Tuam Street;8011;Christchurch;;New Zealand;
1014120;Radcliffe Electrical - Cromwell;4;034454044;;https://www.jarussell.co.nz/;www.se.com;Unit A 39-45 Barry Ave;9310;Cromwell;;New Zealand;
1014121;Radcliffe Electrical - Dunedin;4;034561400;;https://www.jarussell.co.nz/;www.se.com;47Timaru Street;9012;Dunedin;;New Zealand;
1014122;Radcliffe Electrical - Gore;4;032039261;;https://www.jarussell.co.nz/;www.se.com;13 Avon Street;9710;Gore;;New Zealand;
1014123;Radcliffe Electrical - Greymouth;4;037685794;;https://www.jarussell.co.nz/;www.se.com;53 Gresson Street;7805;Greymouth;;New Zealand;
1014124;Radcliffe Electrical - Hokitika;4;037568005;;https://www.jarussell.co.nz/;www.se.com;63A Kumara Junction Highway;7882;Hokitika;;New Zealand;
1014125;Radcliffe Electrical - Hornby;4;033440535;;https://www.jarussell.co.nz/;www.se.com;52 Waterloo Road;8042;Hornby;;New Zealand;
1014126;Alex Stewart Electricial Ltd;4;;alex@taupoelectrician.co.nz;;www.se.com;35 Miro Street;3303;Taupo;;New Zealand;
1014127;Radcliffe Electrical - Invercargill;4;032188774;;https://www.jarussell.co.nz/;www.se.com;15 Victoria Ave;9810;Invercargill;;New Zealand;
1014128;Radcliffe Electrical - Rangiora;4;033133356;;https://www.jarussell.co.nz/;www.se.com;645 Lineside Road;7400;Rangiora;;New Zealand;
1014129;Radcliffe Electrical - Richmond;4;035410370;;https://www.jarussell.co.nz/;www.se.com;18 Poutama Street;7020;Nelson;;New Zealand;
1014130;Radcliffe Electrical - Timaru;4;036831270;;https://www.jarussell.co.nz/;www.se.com;7-11 Arthur Street;7910;Timaru;;New Zealand;
1014131;Radcliffe Electrical - Wanaka;4;034431270;;https://www.jarussell.co.nz/;www.se.com;25 Reece Crescent;9305;Wanaka;;New Zealand;
1014132;Radcliffe Electrical - Westport;4;037896300;;https://www.jarussell.co.nz/;www.se.com;10D Lyndhurst Street;7825;Westport;;New Zealand;
1014133;Radcliffe Electrical -Queenstown;4;034422772;;https://www.jarussell.co.nz/;www.se.com;149 Glenda Drive;9300;Queenstown;;New Zealand;
1014134;Radcliffe Electrical Nelson;4;035485068;;www.jarussell.co.nz;www.se.com;19 Pascoe Street;7011;Nelson;Nelson City;New Zealand;
1014135;Rapid Wire Electrical Ltd;4;0272255727;nath@rapidwire.co.nz;;www.se.com;141 Molesworth Street;4312;New Plymouth;Taranaki;New Zealand;
1014136;RBE Limited;4;021544082;rob@rbelimited.co.nz;www.rbelimited.co.nz;www.se.com;6 Stafford Street;4102;Clive;Hawke´s Bay;New Zealand;
1014138;RCR Energy Systems Wellington;4;;paul@gdl.co.nz;;www.se.com;EMC2 House, 5 Willeston St,;6011;Wellington;Wellington;New Zealand;
1014139;Redline Electrical & Security Ltd;4;;andrew@redline.net.nz;;www.se.com;342 Kingseat RoadRD4;2679;Pukekohe;Auckland;New Zealand;
1014141;RichmondBarr Electrical LTD;4;078479845;mike@richmondbarr.co.nz;www.richmondbarr.co.nz;www.se.com;28 The Boulevard;3280;Hamilton;Waikato;New Zealand;
1014143;Rotorua Electrical Services Ltd;4;073338192;michael.dent@kinetic-electric.co.nz;;www.se.com;11 Guthrie Street;3083;Reporoa;;New Zealand;
1014145;S Jones Electrical Limited;4;;steve@joneselectrical.co.nz;www.joneselectrical.co.nz;www.se.com;12 Spur Road;4172;Havelock North;;New Zealand;
1014147;Scott Electrical Albany;4;6494146022;albany@scottelectrical.co.nz;https://www.scottelectrical.co.nz/;www.se.com;187 Bush Road Albany;632;Auckland;;New Zealand;
1014148;All Faze Electrical & Security Ltd;4;094060026;allfaze@vodafone.co.nz;;www.se.com;568B State Highway 1;420;Taipa;;New Zealand;
1014149;Scott Electrical Auckland city;4;6493033136;city@scottelectrical.co.nz;https://www.scottelectrical.co.nz/;www.se.com;48-50 Sale Street;1010;Auckland;;New Zealand;
1014150;Scott Electrical Avondale;4;6499735190;avondale@scottelectrical.co.nz;https://www.scottelectrical.co.nz/;www.se.com;561 Rosebank Road Avondale;1026;Auckland;;New Zealand;
1014151;Scott Electrical East Tamaki;4;6492650143;easttamaki@scottelectrical.co.nz;https://www.scottelectrical.co.nz/;www.se.com;59 Sir William Ave East Tamaki;2013;Auckland;;New Zealand;
1014152;Scott Electrical Hamilton;4;6478506210;hamilton@scottelectrical.co.nz;https://www.scottelectrical.co.nz/;www.se.com;23 Norris Avenue Te Rapa;3200;Hamilton;;New Zealand;
1014153;Scott Electrical Henderson;4;6498352914;henderson@scottelectrical.co.nz;https://www.scottelectrical.co.nz/;www.se.com;103 Central Park Drive Henderson;610;Auckland;;New Zealand;
1014154;Scott Electrical Kerikeri;4;6492835501;kerikeri@scottelectrical.co.nz;https://www.scottelectrical.co.nz/;www.se.com;4 Hobson Avenue;230;Kerikeri;;New Zealand;
1014155;Scott Electrical Ltd Papakura;4;6492980563;papakura@scottelectrical.co.nz;https://www.scottelectrical.co.nz/;www.se.com;270 Great South Road Takanini;2112;Auckland;;New Zealand;
1014156;Scott Electrical Ltd Penrose;4;6495252242;penrose@scottelectrical.co.nz;https://www.scottelectrical.co.nz/;www.se.com;525 Great South Road Penrose;1061;Auckland;;New Zealand;
1014157;Scott Electrical Ltd Whangarei;4;6494300205;whangarei@scottelectrical.co.nz;https://www.scottelectrical.co.nz/;www.se.com;10 Woods Road Whangarei;110;Whangarei;;New Zealand;
1014158;Scott Electrical Matamata;4;6478889040;matamata@scottelectrical.co.nz;https://www.scottelectrical.co.nz/;www.se.com;15 Tui Street;3400;Matamata;;New Zealand;
1014159;All Safe Electrical;4;078297880;allsafelectrical@hotmail.com;;www.se.com;44 Willow Brook Lane;3288;Hamilton;Waikato;New Zealand;
1014160;Scott Electrical North Shore;4;6494430905;northshore@scottelectrical.co.nz;https://www.scottelectrical.co.nz/;www.se.com;86 Ellice Road Glenfield;629;Auckland;;New Zealand;
1014161;Scott Electrical Rotorua;4;6473483030;rotorua@scottelectrical.co.nz;https://www.scottelectrical.co.nz/;www.se.com;6 White Street Te Ngae;3010;Rotorua;;New Zealand;
1014162;Scott Electrical Silverdale;4;6494210865;silverdale@scottelectrical.co.nz;https://www.scottelectrical.co.nz/;www.se.com;2200 East Coast Road Silverdale;993;Auckland;;New Zealand;
1014163;Scott Electrical Tauranga;4;6475715217;tauranga@scottelectrical.co.nz;https://www.scottelectrical.co.nz/;www.se.com;5 Amber Crescent Judea;3110;Tauranga;;New Zealand;
1014164;SD Electrical;4;;samdickins@gmail.com;;www.se.com;58b Gateman Place;0626;Birkdale;Auckland;New Zealand;
1014165;Seddon Electrical Services;4;034895863;seddon_electrical@xtra.co.nz;;www.se.com;45 Glenrbook Dr;9054;Dunedin;Otago;New Zealand;
1014166;Sefton Electrical Ltd;4;073461982;david@seftons.nz;;www.se.com;75 - 81 Tallyho St;3010;Rotorua;Bay of Plenty;New Zealand;
1014167;Select 2009 ltd;4;0276116477;mark@select.net.nz;;www.se.com;25 Montgomery Crescent;5018;Upper Hutt;Wellington;New Zealand;
1014168;Shane Batten Electrical Limited;4;(027)532-7377;info@sbelectrical.co.nz;https://sbelectrical.co.nz/;www.se.com;445 Marsden Point Road;0118;Whangarei;Northland;New Zealand;
1014170;Allendale Electrical ltd;4;093361730;stevew@allend.co.nz;;www.se.com;23-25 Edinburgh St;1145;NEWTON;Auckland;New Zealand;
1014171;Simpson Electrical Ltd;4;0508746766;info@simpsonelectrical.co.nz;;www.se.com;1066 Great South Road, Mt Wellington;1060;Auckland;;New Zealand;
1014172;SM McClennan Electrical Ltd;4;;steveanddana@xtra.co.nz;;www.se.com;220 Ryburn Road;3883;Ohaupo;Waikato;New Zealand;
1014173;Smart Generation 2013 Ltd;4;;smartgeneration2013@gmail.com;;www.se.com;Flat 1, 8 Virtue Avenue;7910;Timaru;Canterbury;New Zealand;
1014174;Sole Electrical Ltd;4;042328468;soleelectrical.ss@gmail.com;;www.se.com;9 Mayfair Pl;6006;Wellington;Wellington;New Zealand;
1014175;Sosimo Ltd;4;(021)272-2733;sales@sosimo.co.nz;https://www.sosimo.co.nz/;www.se.com;8 Annie Going Lane Halswell;8025;Christchurch;Canterbury;New Zealand;
1014176;Southern Electrical Ltd;4;034763171;mike@southernelectrical.co.nz;;www.se.com;171 Kaikorai Valley Rd;9011;Dunedin;Otago;New Zealand;
1014177;Sparky Bob;4;021511220;imsparkybob@gmail.com;;www.se.com;10 Kinross St;8042;Christchurch;Canterbury;New Zealand;
1014178;Sparky Gaz Ltd;4;0272222434;sparkygaz@xtra.co.nz;;www.se.com;598 Oruanui Rd;3384;Taupo;Waikato;New Zealand;
1014179;Sparky Watt Electrical;4;0212010648;sparkywatt.electrical@gmail.com;;www.se.com;71 Otipua Road;7910;Timaru;Canterbury;New Zealand;
1014181;Allwiredup Automation and Electrical;4;037895242;allwiredup@xtra.co.nz;;www.se.com;52 Romily St;7866;Westport;West Coast;New Zealand;
1014182;St Just Services;4;;gavin@stjustservices.co.nz;;www.se.com;7 Gear St;5024;Porirua;;New Zealand;
1014183;Stratford Electrical Limited;4;049052633;stratford_electrical@paradise.net.nz;;www.se.com;10 Celtic Way;5032;Paraparaumu;Wellington;New Zealand;
1014185;Switch Electrical Services LTD;4;075713429;clifton@switche.co.nz;;www.se.com;44 Burrows St;3112;Tauranga;Bay of Plenty;New Zealand;
1014188;Synchronized Integration Ltd;4;;admin@selectrical.nz;;www.se.com;36 Elderton AvePyes Pa;3112;Tauranga;Bay of Plenty;New Zealand;
1014189;T.M Electrical;4;0277178262;info@tmelectrical.nz;www.tmelectrical.nz;www.se.com;192C Ongare Point Road RD 3;3170;Katikati;Bay of Plenty;New Zealand;
1014193;Alpha Electrical Ltd;4;078490073;gavin@alphaelectrical.co.nz;;www.se.com;15 Coster Road;0881;Waimauku;Auckland;New Zealand;
1014196;Tauranga Electrical Services;4;0274727886;boxy@taurangaelectrical.co.nz;;www.se.com;839 Oropi Road;3110;Tauranga;Bay of Plenty;New Zealand;
1014198;Telfer Electrical Christchurch;4;033661814;sales@telfer.co.nz;www.telfer.co.nz;www.se.com;67 Fitzgerald Avenue;8011;Christchurch;Canterbury;New Zealand;
1014199;Telfer Electrical Cromwell Ltd;4;034450892;sales@telferotago.co.nz;www.telfers.co.nz/;www.se.com;Unit1 2A Ree Crescent;9310;Cromwell;;New Zealand;
1014200;Telfer Electrical Dunedin Ltd;4;034552033;sales@telferdunedin.co.nz;www.telfers.co.nz/;www.se.com;57-61 King Edward Street;9012;Dunedin;;New Zealand;
1014201;Telfer Electrical Hornby Ltd;4;033445505;sales@telferhornby.co.nz;www.telfers.co.nz/;www.se.com;164 Waterloo Rd;8042;Hornby;;New Zealand;
1014202;Telfer Electrical Nelson Ltd;4;035486611;sales@telfernelson.co.nz;www.telfers.co.nz/;www.se.com;45 Parkers Road Tahunanui;7011;Nelson;;New Zealand;
1014203;Telfer Electrical Papanui Ltd;4;033526040;sales@telferpapanui.co.nz;www.telfers.co.nz/;www.se.com;11b Langstone Lane Papanui;8052;Christchurch;;New Zealand;
1014204;Altitude Electrical Ltd;4;021435006;kerry@altitudeelectrical.co.nz;;www.se.com;23 Temple Dr;7944;Twizel;Canterbury;New Zealand;
1014205;Telfer Electrical Timaru Ltd;4;036831366;sales@telfertimaru.co.nz;www.telfers.co.nz/;www.se.com;10 Barnard Street;7910;Timaru;;New Zealand;
1014208;Three60 Electrical & Security Ltd;4;021360171;stacy.three60@hotmail.com;;www.se.com;724 One Tree Point Rd Rd1 Ruakaka;0171;Whangarei;Northland;New Zealand;
1014209;Tier2 Technical Ltd;4;+6492814771;hello@tier2.nz;https://tier2.nz;www.se.com;3 Glenside Crescent;1010;Eden Terrace;Auckland;New Zealand;
1014210;TOPA Electrical;4;03-3483366;info@topa.co.nz;www.topa.co.nz;www.se.com;Unit 1 10 Musgrove Close;8025;Christchurch;Canterbury;New Zealand;
1014211;Total Electrical Solutions HB;4;0273536966;mark.tes@xtra.co.nz;;www.se.com;PO Box 5116 Greenmeadows Napier;4110;Napier;Hawke´s Bay;New Zealand;
1014212;Totally Amped Electrical Ltd;4;021770696;totallyampedelectrical@gmail.com;www.totallyampedelectrical.co.nz;www.se.com;12 Bethells Road;614;Waitakere;Auckland;New Zealand;
1014213;Tri Star Electrical Ltd;4;094820221;jake@tristarelectrical.co.nz;www.tristarelectrical.com;www.se.com;29 Fordham St, Beach Haven;0626;Auckland;Auckland;New Zealand;
1014214;Tucker Electrical and Alarms;4;0212882537;andrew@tuckerelectrical.co.nz;;www.se.com;32 C Brian Wood Lane;2580;Papakura;Auckland;New Zealand;
1014215;AMC Electrical Services;4;045701642;darren@amc.net.nz;;www.se.com;53 Sydney St;5012;Lower Hutt;Wellington;New Zealand;
1014216;Underground Electrical;4;;tjelect@xtra.co.nz;;www.se.com;2/58 Langford Cres;0600;Avondale;Auckland;New Zealand;
1014217;UPS Power Solutions Limited;4;021977515;graham@upspower.co.nz;;www.se.com;7 Glover Street, PO Box 13432;6037;Wellington;Wellington;New Zealand;
1014218;Victor Contractors Ltd;4;094867626;vic@victorcontractors.co.nz;;www.se.com;Barrys Point Rd;622;North Shore City;Auckland;New Zealand;
1014219;Viper Electrical Ltd;4;0276158006;raz@viperelectrical.co.nz;;www.se.com;30 Rangimarie Road;;;;New Zealand;
1014220;VP Electrical Ltd;4;0272004961;info@vpelectrical.co.nz;www.vpelectrical.co.nz;www.se.com;1/7 Keith Place;2340;Pukekohe;Auckland;New Zealand;
1014221;W.Griffin Projects Limited;4;0272211779;warrengriffin165@gmail.com;;www.se.com;The Oaks drive.;3432;cambridge;Waikato;New Zealand;
1014222;Waikato Cabling & Communications Ltd - Hamilton;4;0800922548;shane@wccl.co.nz;;www.se.com;9 Whikham St;3242;Hamilton;Waikato;New Zealand;
1014223;Wairarapa Electrical & Appliances (2017) Ltd;4;063798930;wealtd@xtra.co.nz;;www.se.com;34-36 High Street South;5713;Carterton;Wellington;New Zealand;
1014225;What's The Buzz Electrical;4;;whatsthebuzz@outlook.co.nz;;www.se.com;109 Hampshire St;5024;Porirua;Wellington;New Zealand;
1014226;Amper Electrical Ltd;4;021527979;clinton@amperelectrical.co.nz;;www.se.com;24 Warnock Street;1021;Greylynn;;New Zealand;
1014227;Wilson Electrical;4;0211386186;tom@wilsonelectrical.nz;;www.se.com;158 York Ave;4112;Napier;Hawke´s Bay;New Zealand;
1014229;Wiretec Electrical Ltd;4;0277463122;sam@wiretec.co.nz;;www.se.com;10 Regent Street;5012;Lower Hutt;Wellington;New Zealand;
1014230;WireWise Ltd;4;0224625361;neil@wirewise.net.nz;;www.se.com;1341 Egmont Rd;4386;New Plymouth;Taranaki;New Zealand;
1014234;Andrew Baker Electrical Ltd;4;094767461;andy@abelectrical.co.nz;;www.se.com;753 Beach Rd;0630;Auckland;;New Zealand;
1014237;Aotea Electric Auckland Limited;4;099757686;paul.cooper@aoteaelectric.co.nz;;www.se.com;9 Rothwell Ave;0632;Rosedale;Auckland;New Zealand;
1014238;Aotea Electric Westland Ltd - Greymouth;4;037684949;brendon.rae@aoteaelectric.co.nz;;www.se.com;23 Lord St;7805;Greymouth;West Coast;New Zealand;
1014239;Absolute Electrical 2015 Ltd;4;021388512;tristan@absoluteservices.co.nz;;www.se.com;26 Amy Place;3112;Tauranga;Bay of Plenty;New Zealand;
1014240;APB Electrical 2008 Ltd;4;021865059;dianna@apbelectrical.co.nz;;www.se.com;7 Gladstone Street;4702;Fielding;Manawatu-Wanganui;New Zealand;
1014241;Aquila Technology;4;049381862;sales@aquilatech.co.nz;www.aquilatech.co.nz;www.se.com;24a Willoughby St;5010;Lower Hutt;Wellington;New Zealand;
1014242;ARC Automation, Security & Electrical Ltd;4;+6478490901;jason@arc.net.nz;;www.se.com;650 Te Rapa Rd;3200;Te Rapa;Waikato;New Zealand;
1014244;Ascent Technology Ltd;4;;sales@ascent.co.nz;;www.se.com;309C Willis St;6011;Wellington;Wellington;New Zealand;
1014245;ASSC ELECTRICAL AND ENGINEERING LTD;4;094071574;admin@assc.co.nz;;www.se.com;74 Lake Road;0475;Okaihau;Northland;New Zealand;
1014246;Astech Electrical Ltd;4;6496343220;steve@astech.biz;astech.biz;www.se.com;189 Captain Springs Rd;1061;Auckland;Auckland;New Zealand;
1014247;Automated Technologies Ltd;4;021323821;brett@automatedtechnologies.co.nz;www.automatedtechnologies.co.nz;www.se.com;8 Halls Place;8024;Christchurch;Canterbury;New Zealand;
1014250;Active Electrical Albany;4;099090490;albany@goactive.nz;goactive.nz/;www.se.com;14C Tawa Dr Albany;632;Auckland;;New Zealand;
1014251;Basin View Electrical Ltd;4;;basin@ihug.co.nz;;www.se.com;13 Darren Cres;2012;Auckland;Auckland;New Zealand;
1014253;BAY ELECTRICIANS LTD;4;068710010;bayelectricians@xtra.co.nz;;www.se.com;992 Norton Road;4172;Hastings;Hawke´s Bay;New Zealand;
1014255;BDR Electrical Ltd;4;;bruce@bdrelectrical.co.nz;https://www.bdrelectrical.co.nz/;www.se.com;60 Essex Street;5032;Masterton;Wellington;New Zealand;
1014256;Beyond Electrical Ltd;4;021711269;peter@beyondelectrical.co.nz;;www.se.com;4F Charann Place;1026;Avondale;Auckland;New Zealand;
1014258;Bishman Limited;4;;sean@bishman.co.nz;;www.se.com;2 Hotunui Drive;1060;Mount Wellington;Auckland;New Zealand;
1014259;Black SANZ Technologies;4;;andrew.scott@blacksanz.co.nz;www.blacksanz.co.nz;www.se.com;10c Oropuriri Rd Waiwhakaiho;4312;New Plymouth;Taranaki;New Zealand;
1014260;Blizzard;4;044999649;info@blizzard.co.nz;;www.se.com;10b Jespen grove;5018;Wellington;Wellington;New Zealand;
1014261;Active Electrical Blenheim;4;035783717;blenheim@goactive.nz;goactive.nz/;www.se.com;12 Stuart St;7201;Blenheim;;New Zealand;
1014262;Bos Electrical;4;094157102;bos@boselectrical.co.nz;https://boselectrical.co.nz/;www.se.com;1/12 Beatrice Tinsley Cres;0632;Rosedale;Auckland;New Zealand;
1014264;Brian Johnson Electrical;4;021476937;brian@brianjohnsonelectrical.co.nz;;www.se.com;75 Church St;9024;Dunedin;Otago;New Zealand;
1014265;Bright Sparks Electrical Solutions Ltd;4;035444747;nathan@brightsparkselectrical.co.nz;www.brightsparkselectrical.co.nz;www.se.com;14 Tokomaru Place;7011;Stoke;;New Zealand;
1014266;BTG Electrical;4;078233201;bryce@btgelectrical.co.nz;;www.se.com;145 Aspin RoadRD4;3496;Cambridge;Waikato;New Zealand;
1014267;Bull Electrical;4;095354759;tony@bullelectrical.co.nz;www.bullelectrical.co.nz;www.se.com;115 Elliot St;2014;Howick;Auckland;New Zealand;
1014268;Caird Electrical & Security Ltd;4;+6421730524;cairdelectrical@xtra.co.nz;;www.se.com;47 Field St;4500;Wanganui;Manawatu-Wanganui;New Zealand;
1014270;Callahan & Martella Electrical Ltd;4;035794445;neil@cmelectrical.co.nz;www.cmelectrical.co.nz;www.se.com;3 Freswick St;7201;Blenheim;;New Zealand;
1014272;Active Electrical Christchurch;4;033791667;christchurch@goactive.nz;goactive.nz/;www.se.com;119 Montreal St;8023;Sydenham;;New Zealand;
1014273;Campbell Electrical;4;0273413952;blair@campbellelectrical.co.nz;;www.se.com;17 Salisbury Ave;7400;Rangiora;Canterbury;New Zealand;
1014274;Can Do Electrical Ltd;4;0800226361;blayne@candoelectrical.co.nz;www.candoelectrical.co.nz;www.se.com;17 Alwyn Ave;610;Te Atatu South;Auckland;New Zealand;
1014276;Carlton Electrical;4;021758062;chris@carltonelectrical.co.nz;;www.se.com;17 David McCathie Pl;0932;Silverdale;;New Zealand;
1014277;City Electrical Dunedin;4;;city.elec@xtra.co.nz;;www.se.com;Unknown St;9054;Dunedin;Otago;New Zealand;
1014280;Combined Technologies Ltd;4;+64(7)957993;carl.dickason@ctek.co.nz;;www.se.com;16 Clarence Street;3240;Hamilton;Waikato;New Zealand;
1014281;Connectec Electrical & Communications Ltd;4;073490098;gb@connectec.co.nz;;www.se.com;9 Gilltrap St;3015;Rotorua;Bay of Plenty;New Zealand;
1002625;LEGRAND NEW ZEALAND LTD;4;+64800476009;;www.legrand.co.nz;www.legrand.com;106 - 124 Target Road;;Glenfield Auckland;;new zealand;