Customer number;Customer name;Customer type;Number;E-mail;Address;Remark;Address row 1;Zip code;City/Province;State/Region;Country;
999560;A&RT Machinery Pty Ltd;4;+61247315866;dale@a-rt.com.au;www.a-rt.com.au/;www.abb.com;28 UNIT 3, COOMBES DRIVE;2750;Penrith;New South Wales;Australia;
999563;A1 Electric Motors Pty Ltd;4;;;a1electricmotors.com.au;www.abb.com;39 Apollo Drive;3630;Shepparton;Victoria;Australia;
999599;AML3D;4;+61882582658;;amltec.com;www.abb.com;35 Woomera Avenue;5111;Edinburgh;South Australia;Australia;
999607;Andrew Donald Design Engineers;4;+61397609600;barry@adde.com.au;www.adde.com.au;www.abb.com;6b/841 Mountain Hwy;3153;Bayswater;Victoria;Australia;
999610;Apex Automation & Robotics Pty Ltd;4;+61298388151;danys@apexautomation.com.au;www.apexautomation.com.au;www.abb.com;7 Prince William Drive;2147;Seven Hills;New South Wales;Australia;
999613;Applied Robotics International Pty Ltd;4;+61297378633;engineering@appliedrobotics.com.au;www.appliedrobotics.com.au;www.abb.com;17 Egerton St;2128;Silverwater;New South Wales;Australia;
999631;AUSTRALIS ENGINEERING Pty Ltd;4;+61297075867;sales@australiseng.com.au;www.australiseng.com.au;www.abb.com;25 HARLEY CRESCENT;2200;Condell Park;New South Wales;Australia;
999637;AUTOMATION INNOVATION;4;+61397717920;;https://automationinnovation.com.au/;www.abb.com;20 ARCTIC COURT;3173;Keysborough;Victoria;Australia;
999682;Celltec Pty Ltd;4;+61383608533;sales@celltec.com.au;www.celltec.com.au;www.abb.com;U2/227 FITZGERALD ROAD;3026;LAVERTON NTH;Victoria;Australia;
999696;Control Logic Pty Ltd;4;+61736231212;sales@controllogic.com.au;www.control-logic.com.au;www.abb.com;25 Lavarack Avenue;4009;Eagle Farm;Queensland;Australia;
999697;Control Logic Pty Ltd - NSW;4;+61298901120;sales@controllogic.com.au;www.control-logic.com.au;www.abb.com;4/1B Kleins Rd;2152;Northmead;New South Wales;Australia;
999698;Control Logic Pty Ltd - VIC;4;+1800557705;sales@controllogic.com.au;www.controllogic.com.au;www.abb.com;113 Scanlon Drive;3076;Epping;Victoria;Australia;
999699;Control Logic Pty Ltd - WA;4;+61897383048;sales@controllogic.com.au;www.control-logic.com.au;www.abb.com;5 Stretton Place;6021;Balcatta;Western Australia;Australia;
999706;Cromarty;4;+611300365136;info@cromarty.com.au;www.cromarty.com.au;www.abb.com;79 Howick Street;7249;Launceston;Tasmania;Australia;
999711;Current Engineering Solutions Pty Ltd;4;+61400837890;paul@currentengineeringsolutions.com;www.currentengineeringsolutions.com;www.abb.com;28 Shelduck Bend;6112;Harrisdale;Western Australia;Australia;
999712;Cutting Edge Electrical And Instrumentation;4;+61356223516;info@cuttedge.com.au;www.cuttedge.com.au;www.abb.com;12 Lindy Court;3820;Warragul;Victoria;Australia;
999742;Elec Power Technologies;4;+61892031800;;www.ept.com.au;www.abb.com;4 Carson Road;6090;Malaga;Western Australia;Australia;
999793;Foodmach Pty Ltd;4;+61354824666;melbourne@foodmach.com.au;www.foodmach.com.au;www.abb.com;1 Darling Street;3564;Echuca;Victoria;Australia;
999837;Hot Melt & Packaging Systems;4;+61881501000;sales@hmps.com.au;www.hmps.com.au;www.abb.com;2A Corbett Court, Export Park;5950;Adelaide Airport;South Australia;Australia;
999850;Imp Group Pty Ltd;4;+61892044200;info@impgroup.com.au;https://www.impautomation.com/;www.abb.com;34 Hasler road;6017;Osborne Park;Western Australia;Australia;
999915;Lewis Australia Pty Ltd;4;+61395553666;;www.lewis.com.au;www.abb.com;87-89 Cochranes Rd;3189;Moorabbin;Victoria;Australia;
999945;MEXX ENGINEERING Pty Ltd;4;+61755715733;luis.dejesus@mexx.com.au;www.mexx.com.au;www.abb.com;UNIT 1, 28 HARRINGTON ST;4214;Arundel;Queensland;Australia;
1000002;Power Protect Pty Ltd;4;+611300877626;;www.powerprotect.com.au;www.abb.com;43 Whyalla St;2609;Fyshwick;Aust Capital Terr;Australia;
1000041;Reco Pak Machinery Pty Ltd;4;+61358711955;;www.recopak.com;www.abb.com;4 Schubert St;3644;Cobram;Victoria;Australia;
1000044;REMTRON AUTOMATION PTY LTD-ALBURY;4;+61260231819;alburysales@remtron.com.au;www.remtron.com.au;www.abb.com;444 Wilson St;2640;Albury;New South Wales;Australia;
1000045;Remtron Pty Ltd;4;+61395871233;sales@remtron.com.au;www.remtron.com.au;www.abb.com;Unit 12/2 Sibthorpe Street;3194;Braeside;Victoria;Australia;
1000060;Robotic Solutions Australia;4;+61417091791;info@roboticswa.com.au;www.roboticswa.com.au/;www.abb.com;Unit 2 / 79 Cutler Road;6164;Jandakot;Western Australia;Australia;
1000080;Scott Automation & Robotics Pty Ltd;4;+61297487001;mar@scottautomation.com;www.scottautomation.com;www.abb.com;Unit R, 10-16 South Street;2116;Rydalmere;New South Wales;Australia;
1000139;Sure Power;4;+61732493188;;www.surepower.com.au;www.abb.com;4 Manilla Street;4169;Brisbane;Queensland;Australia;
1000145;Swadel Technologies Pty Ltd;4;+61894721999;sales@tech-source.com.au;www.tech-source.com.au;www.abb.com;182 Rutland Avenue;6101;Carlisle;Western Australia;Australia;
1000258;Arc Holdings(Wa)pty Ltd;4;+6193027300;info@arcswitchboards.com.au;https://www.arcswitchboards.com.au/;www.abb.com;17 PARAMOUNT DRIVE;6065;Wangara;Western Australia;Australia;
1000329;Cnw Electrical Pty Ltd;4;+61739078388;;www.cnw.com.au;www.abb.com;675 Macarthur Ave Central;4008;Pinkenba;Queensland;Australia;
1000477;Electrolink (CEW Group);4;+61266433330;;www.electrolink.com.au/;www.abb.com;Unit 1, First Floor 91-95 Fitzroy Street;2460;Grafton;New South Wales;Australia;
1000540;Gemcell Pty Ltd;4;+61288141174;;;www.abb.com;SUITE 2.12, 29-31 LEXINGTON DRIVE;2153;Bella Vista;New South Wales;Australia;
1000583;High Technology Control - NSW;4;+61297714088;estimating@hightech.com.au;www.hightech.com.au;www.abb.com;8 Stuart Street;2211;Padstow;New South Wales;Australia;
1000625;IPD Group Ltd;4;+611300556601;customerservice@ipd.com.au;www.ipdgroup.com.au;www.abb.com;Level 2/43 Newton Rd;2164;Wetherill Park;New South Wales;Australia;
1000627;Ivory Egg (Aust) Pty Ltd;4;+611300811510;;;www.abb.com;23/6 Jubilee Avenue;2102;Warriewood;New South Wales;Australia;
1000659;Lawrence & Hanson Group Pty Ltd;4;+61392433636;;www.lh.com.au;www.abb.com;Level 2, 1 Chapel Street;3030;Blackburn;Victoria;Australia;
1000709;Middendorp Electric;4;+61393878333;;www.middys.com.au;www.abb.com;372 Victoria Street;3056;Brunswick;Victoria;Australia;
1000721;MM Electrical Merchandising;4;+61288399016;;www.mmem.com.au;www.abb.com;1/1445 SOUTH GIPPSLAND HIGHWAY;3997;CRANBOURNE;Victoria;Australia;
1000835;Scandinavian Electronics Pty Ltd;4;+61299861222;;www.se-anz.com/;www.abb.com;Suite 33/7 Narabang Way;2000;New South Wales;New South Wales;Australia;
1002761;LEGRAND AUSTRALIE;4;;;www.legrand.com.au;www.legrand.com;Nexus Industry Park, Building 4, 43-47 Lyn Parade NSW 2170 Prestons Australie;;;;australia;
1004868;1 Ste Communications Pty Ltd;4;0393256666;bob@1step.com.au;;www.se.com;7/60 Keilor Park Drive;3033;Keilor East;Victoria;australia;
1004869;1iCT Pty Ltd;4;0424600843;gavin.rabie@1ict.com.au;1ict.com.au;www.se.com;125 Kirkland Ave;4151;Coorparoo;Queensland;australia;
1004871;Critical IT;4;;jerome@critical-it.com.au;;www.se.com;25 Willcock St;6153;Ardross;;australia;
1004873;Crown Cabling Pty Ltd;4;;john@crowncabling.com.au;www.crowmcabling.com.au;www.se.com;U3 72 Oriordan St;2015;Alexandria;;australia;
1004874;CTG Technology Services;4;0390388600;sales@ctgtechnology.com.au;www.ctgtechnology.com.au;www.se.com;116 Bank Street;3205;South Melbourne;Victoria;australia;
1004875;Cube Networks;4;;john.louden@cubenetworks.com.au;www.cubenetworks.com.au;www.se.com;2177 Salmon St;3207;Port Melbourne;Victoria;australia;
1004876;Custom Smart Automation (a division of Custom Electrical Solutions Pty Ltd);4;0291881535;sp@customelectricalsolutions.com.au;;www.se.com;95 Greenway Drive;2171;West Hoxton;New South Wales;australia;
1004878;D and T IT Pty Ltd;4;0406729159;duncan.crothers@dandtit.com.au;www.dandtit.com.auj;www.se.com;134a London Street;6006;North Perth;Western Australia;australia;
1004879;D T CUTTING;4;0406885753;admin@dtcutting.com.au;;www.se.com;35 Maud St;2460;Grafton;New South Wales;australia;
1004880;D.A. Stafford & Associates Pty Ltd;4;+61-3-9597-9572;supp_apc@dastafford.com;www.dastafford.com;www.se.com;47 Burrindi Road;3162;Caulfield South;Victoria;australia;
1004881;Acuity Electrical;4;0452511156;;;www.se.com;19 Bristol Circuit;2148;Blacktown;New South Wales;australia;
1004882;Data 3 Group H/O - Toowong;4;;oppreg@data3.com.au;www.data3.com.au;www.se.com;67 High St;4066;Toowong;Queensland;australia;
1004884;Data 3 Ltd - Melbourne;4;0425802589;bill_crocaris@data3.com;www.data3.com;www.se.com;L 455 Southbank Blvd;3006;Southbank;Victoria;australia;
1004885;Datacom Systems (au) Pty Ltd;4;0747287800;joe.droguet@datacom.com.au;www.datacom.com.au;www.se.com;Unit 2 264-278 WoolCock St;4810;townsville;Queensland;australia;
1004887;Datatel Electrical & Communications;4;1300328283;service@datatel.com.au;www.datatel.com.au;www.se.com;3/231 Balcatta Rd;6021;Balcatta;Western Australia;australia;
1004889;Dave Ciotti & Associates PTY LTD;4;0419929435;davide.ciotti@wna.com.au;;www.se.com;PO Box 75;6100;Burswood;Western Australia;australia;
1004891;Dell Australia Pty Ltd;4;;apcanzdr@dell.com;www.dell.com.au;www.se.com;Building 3 Level 214 Aquatic Dr;2086;Frenchs Forest;New South Wales;australia;
1004892;Adnet TEchnology Australia;4;61289202060;admin@adnet-technology.com.au;;www.se.com;Suite 301 - 171 Clarence Street;2020;Sydnet;New South Wales;australia;
1004893;Delta Sierra Consulting;4;0894765050;enquiries@dsc.net.au;www.dsc.net.au;www.se.com;1/28 Bayview Terrace;6008;Claremont;Western Australia;australia;
1004894;Desa Aust -Balcatta;4;+61893384222;;www.desa.com.au;www.se.com;U4 15 Halley Rd;6021;Balcatta;Western Australia;australia;
1004896;Dicker Data- SA;4;0882368236;;www.dickerdata.com.au;www.se.com;139 Frome St;5000;Adelaide;South Australia;australia;
1004897;Dicker Data-NSW;4;0295898445;;www.dickerdata.com.au;www.se.com;230 Captian Cook Dr;2231;Kurnell;New South Wales;australia;
1004898;Dienst Consulting;4;;jegar.priddle@dienstconsulting.com;;www.se.com;59 Parry St;6004;East Perth;Western Australia;australia;
1004899;Digistor Pty Ltd;4;0396455000;darreng@digistor.com.au;;www.se.com;5-7 Cleg Street;2064;Artarmon;New South Wales;australia;
1004900;Digital Arts Computers (Aust.) Pty Ltd;4;;raymond@digitalarts.com.au;;www.se.com;474 Bridge Rd;3121;Richmond;Victoria;australia;
1004901;Digital Genius;4;;michaelg@digitalgenius.com.au;;www.se.com;1 Mayneview St;4064;Milton;Queensland;australia;
1004902;Dotcommz;4;;dave@dotcommz.com.au;www.dotcommz.com.au;www.se.com;347 Alfred St;4740;Mackay;;australia;
1004904;Dreamworks IT Nerang;4;;steven@dreamworks.com.au;;www.se.com;Shop 16 Jupiter Plaza;4211;Nerang;Queensland;australia;
1004905;Dropship Central;4;;yuryk@dropshipcentral.com.au;www.dropshipcentral.com.au;www.se.com;U17 Pine Rivers Trade Centre 670 Gympie Rd;4501;BRISBANE;Queensland;australia;
1004906;DXN Limited;4;0449744577;anthony.auld@dxn.solutions.com.au;;www.se.com;3 Dampier Rd;6106;Welshpool;Western Australia;australia;
1004907;Efficient Chips;4;;trevor.p@efficientchips.com;;www.se.com;Shop 86 Canning Rd;6076;Kalamunda;Western Australia;australia;
1004908;Electric Werx;4;0403367378;electricwerx1@gmail.com;www.electric-werx-contractor.com;www.se.com;38 Harmony Ave;6030;Clarkson;Western Australia;australia;
1004909;Electricon Contracting;4;0408798798;;www.pumpandpower.com.au;www.se.com;6 Whittaker Street;0871;Alice Springs;Northern Territory;australia;
1004910;electricube;4;0435713577;info@electricube.com.au;;www.se.com;4 forster crt;3165;melbourne;Victoria;australia;
1004911;Element IT Solutions;4;;duncan.crothers@element-it.com.au;;www.se.com;89a Brisbane St;6000;PERTH;Western Australia;australia;
1004912;eManaged Pty Ltd;4;1300363308;mharding@emanaged.com.au;www.emanaged.com.au;www.se.com;747 Fifteenth St;3500;Mildura;Victoria;australia;
1004913;Emerging IT - Head Office - Notting Hill;4;;aubreyd@emergingit.com.au;www.emergingit.com.au;www.se.com;U2 3-5 Gilda Ct;3170;Mulgrave;Victoria;australia;
1004914;Advanced Communication Riverina Site Information:;4;;joel@advancedcomms.com.au;;www.se.com;94 Hammond Avenue;2650;Wagga Wagga;New South Wales;australia;
1004915;Energy IT Systems Pty Ltd;4;0861022102;cameron@energyit.com.au;;www.se.com;Suite 4, 300 Albany Highway;6100;Victoria Park;Western Australia;australia;
1004916;ENGIE AV Technology;4;0426264498;alex.winters@av.engie.com;;www.se.com;54-56 Geddes Street;3170;Mulgrave;Victoria;australia;
1004917;Engie Services - DESA;4;0394903690;daryl.clapton@engie.com;www.engie.com.au;www.se.com;171 Grange Rd;3078;Fairfield;Victoria;australia;
1004918;Enhanced IT Solutions;4;433872288;sales@enhancedit.com.au;;www.se.com;34 Westgate way;6064;Marangaroo;Western Australia;australia;
1004920;Enosys Solutions;4;;habeeb@enosys.com.au;www.enosys.com.au;www.se.com;L7 Suite 701 56 Berry St;2060;North Sydney;;australia;
1004922;ERG Electrics Pty Ltd;4;0897257111;todd@ergelectrics.com.au;;www.se.com;19 Hensen St;6230;Bunbury;Western Australia;australia;
1004923;Ericom;4;0401422758;matthewr@ericom.com.au;www.ericom.com.au;www.se.com;Unit 46, 126-130 Auburn St;2500;Wollongong;New South Wales;australia;
1004924;ESN Group;4;0894605400;sales@esngroup.com.au;https://www.esngroup.com.au/;www.se.com;Level 14, 256 Adelaide Tce;6000;Perth;Western Australia;australia;
1004925;Advanced Computer Care Pty Ltd;4;;sean@advancedcomputercare.com.au;www.advancedcomputercare.com.au;www.se.com;P.O. Box 147;3116;Chirnside Park;Victoria;australia;
1004926;Ethan Group Pty Ltd Sydney AUstralia;4;;helen.colonques@ethangroup.com.au;;www.se.com;Level 5, 13-15 Lyon Park Road;2113;North Ryde;New South Wales;australia;
1004927;Etherworks Pty Ltd;4;;jayb@etherworks.com.au;www.etherworks.com.au;www.se.com;100 Annerley Rd;4102;Woolloongabba;Queensland;australia;
1004928;Everett-Smith & co. Pty Ltd;4;(08)94448800;nick.williams@everettsmith.com.au;www.everettsmith.com.au;www.se.com;58 Howe Street;6017;Osborne Park;Western Australia;australia;
1004929;Experteq IT Services Pty Ltd;4;;peter.loader@experteq.com;https://www.experteq.com/;www.se.com;Level 13;2000;Sydney;New South Wales;australia;
1004930;Fearless Energy Pty Ltd;4;0747794381;admin@mge.net.au;www.mge.net.au;www.se.com;8/510 Woolcock Street;4814;Garbutt;Queensland;australia;
1004931;Federation International;4;+61394309999;support@fedinternational.com;www.fedinternational.com;www.se.com;Level 1, 33-39 Centreway;3149;Mount Waverley;Victoria;australia;
1004932;First Focus IT;4;+61290078100;orders@firstfocus.com.au;;www.se.com;Level 2;2019;Botany;New South Wales;australia;
1004933;FlexiTech NT;4;0423064250;flexitechnt@outlook.com.au;;www.se.com;2 Bristow Ct;0832;Bakewell;Northern Territory;australia;
1004934;Focus Group Technologies;4;+61289859890;sales@fgtech.com.au;www.fgtech.com.au;www.se.com;Suite 301 Atlas Norwest;2153;BAULKHAM HILLS;New South Wales;australia;
1004935;Foreshore Professionals;4;0402529983;etarento@foreshoreprofessionals.com;;www.se.com;Eastlake Parade;2604;KINGSTON;Australian Capital Territory;australia;
1004938;Foster's Services;4;0411739835;alex@fosters.net.au;www.fosters.net.au;www.se.com;55 Peel Road;6163;O'connor;Western Australia;australia;
1004939;Fredon (WA) Electrical Pty Ltd;4;0893556400;bthornton@fredon.com.au;fredon.com.au;www.se.com;16 Munt Street;6053;Bayswater;Western Australia;australia;
1004940;Fredon Industries;4;;cstanin@fredon.com.au;www.fredon.com;www.se.com;123 Wetherill St North;2128;Silverwater;New South Wales;australia;
1004941;Friend Electrical;4;0437735876;andy@friendelectrical.com.au;www.friendelectrical.com.au;www.se.com;6 Bluegum COurt;3741;Bright;Victoria;australia;
1004942;Fujitsu Australia Ltd - Perth City;4;+61400655235;robert.bunce@au.fujitsu.com;au.fujitsu.com;www.se.com;Exchange TowerLevel 92 The Esplanade;6000;PERTH;Western Australia;australia;
1004943;Fusion Energy Group Pty Ltd;4;1300911365;info@fusionps.com.au;fusions.com.au;www.se.com;45 Brady Street;3205;South Melbourne;Victoria;australia;
1004944;G T Enterprises Sydney PTY LTD;4;1300483793;gtesales@gtenterprises.net.au;;www.se.com;Unit 8, 60 Ramsgate ave;2026;Bondi Beach;New South Wales;australia;
1004945;G2 Solutions;4;0731173725;support@g2.com.au;www.g2.com.au;www.se.com;1/747 Lytton Road;4170;Murarrie;Queensland;australia;
1004946;GAMMER GROUP;4;+61291919877;sales@gammer.com.au;gammer.com.au;www.se.com;Unit 2, 36 O'Riordan Street;2015;ALEXANDRIA;New South Wales;australia;
1004947;Aeris Networks;4;0892238000;nicholas.dale@aerisnetworks.com.au;www.aerisnetworks.com.au;www.se.com;Level 2, 1 Walker Avenue;6005;West Perth;;australia;
1004948;GCDE Data & Electrical;4;0741244220;gary@gcde.com.au;;www.se.com;Unit 1 99 Islander Rd;4655;Pialba;Queensland;australia;
1004949;Generation-e;4;;andrew.follett@generation-e.com.au;;www.se.com;Generation-e 580 Church St;3121;Richmond;Victoria;australia;
1004950;Global Customer Services;4;+61892858193;ben@globalcs.com.au;www.globalcs.com.au;www.se.com;15 Gordon Rd;6017;West Osborne Park;Western Australia;australia;
1004951;Green Triangle Electronics;4;;shosking@gte.com.au;www.gte.com.au;www.se.com;169 - 171 Commercial St West;5290;Mt Gambier;South Australia;australia;
1004952;GTR Tech;4;0414622888;apc@gtrtech.com.au;www.gtrtech.com.au;www.se.com;36 Carner Court;4214;Parkwood;Queensland;australia;
1004953;Gunn's Electrical;4;0427459787;gunn1@tpg.com.au;;www.se.com;PO Box 74;4891;KARUMBA;Queensland;australia;
1004954;HALL COMPUTER SERVICES;4;;glennt@hallcomp.com.au;;www.se.com;167 Gladstone Rd;4101;HIGHGATE HILL;;australia;
1004955;Harold Byrne Electrical;4;0746670010;haroldbyrne@bigpond.com;;www.se.com;109 Albion Street;4370;WARWICK;Queensland;australia;
1004956;Harris Technology Pty Ltd;4;1300139999;customerservice@ht.com.au;www.ht.com.au;www.se.com;6/94 Abbott Road;3803;Hallam;Victoria;australia;
1004957;Harvey Norman Commercial;4;0732973700;justin.bull@au.harveynorman.com;www.harveynormancommercial.com.au;www.se.com;101 Burnside Rd;4207;Stapylton;Queensland;australia;
1004958;Airport Data & Electrical;4;;michael@airportde.com;;www.se.com;U5 8 Mace Way;3043;Tullamarine;Victoria;australia;
1004959;Haymans Electrical Brisbane Airport;4;0733700333;;haymansairport.com.au;www.se.com;8-12 Litsea St;4008;Brisbane Airport;Queensland;australia;
1004960;Haymans Electrical Browns Plains;4;0738003666;;haymansbrownsplains.com.au;www.se.com;15 Tradelink Rd;4118;Browns Plains;Queensland;australia;
1004961;Haymans Electrical Maroochydore;4;0754431833;;haymansmaroochydore.com.au;www.se.com;37 Maude St;4558;Maroochydore;Queensland;australia;
1004962;Haz-Elec Industries Pty Ltd;4;0740333000;p.fry@hazelec.com.au;;www.se.com;46 Comport Street;4870;Cairns;Queensland;australia;
1004964;Hidden Technology Pty. Ltd;4;+61416061976;michelle@hiddentechnology.com.au;www.hidentechnology.com.au;www.se.com;P.O. Box 328;3018;Altona;Victoria;australia;
1004966;i-LEC;4;0740353000;phil@i-lec.com.au;www.i-lec.com.au;www.se.com;15 Redden Street;4870;PORTSMITH;Queensland;australia;
1004967;I.T. Solutions & Services Pty Ltd;4;0269335333;david.merlino@it-ss.com.au;www.it-ss.com.au;www.se.com;4 Jones St;2650;Wagga Wagga;New South Wales;australia;
1004968;ICS Technologies;4;0738825633;sales@icstech.com.au;;www.se.com;PO Box 3327;4500;Warner;Queensland;australia;
1004970;iiSolutions ( main );4;;mick.joslin@iisolutions.com.au;www.iisolutions.com.au;www.se.com;PO Box 10131;4000;Brisbane;Queensland;australia;
1004971;Imagineering Technology Pty. Ltd.;4;0410590000;jea@hxg.com.au;www.imagineering.technology;www.se.com;SE 3402 101 Miller St;2060;North Sydney;;australia;
1004972;Information Potential;4;0396476500;julianp@infopot.com.au;;www.se.com;Factory 48, 42 McArthurs Rd;3025;Altona North;Victoria;australia;
1004973;Ingram Micro Pty Ltd Nsw HQ;4;0293816000;;;www.se.com;61 Dunning Ave;2018;Rosebery;New South Wales;australia;
1004974;Inkline I T Pty Ltd;4;;craig@inklineit.com.au;www.inklineit.com.au;www.se.com;PO Box 713;3550;Bendigo;Victoria;australia;
1004975;Integrata;4;1300554872;scott@integrata.com.au;www.integrata.com;www.se.com;13 BOLWARRA ROAD;2101;NORTH NARRABEEN;New South Wales;australia;
1004976;Intellect Information Technology;4;0383171000;maxs@intellectit.com.au;https://www.intellectit.com.au;www.se.com;Level 2, 343 Little Collins Street;3000;Melbourne;Victoria;australia;
1004977;Intelli-Systems Pty Ltd;4;1300044944;sales@intelli-systems.com.au;;www.se.com;L1, 373 Bay Street;3207;Port Melbourne;Victoria;australia;
1004978;InterElectrical;4;0288246785;jason@jjc.com.au;www.interelectrical.com.au;www.se.com;104a Magowar Rd, P;2145;Girraween;New South Wales;australia;
1004979;Interlec Australia Pty Ltd Banyo;4;;stephen@interlec.com.au;;www.se.com;67 Buchanan Road;4014;Banyo;Queensland;australia;
1004980;2Easy Computing;4;0897111851;support@2easycomputing.com.au;;www.se.com;Shop 7 119 Beach Road;6230;Bunbury;Western Australia;australia;
1004981;ALFA COMPUTERS PTY LTD;4;+61293133310;robertc@alfa.com.au;https://alfa.com.au;www.se.com;Unit 28/34-36 Ralph Street;2015;Alexandria;New South Wales;australia;
1004983;Intuit Technologies Pty Ltd;4;;abrowning@itechnologies.com.au;www.itechnologies.com.au;www.se.com;39 Sandy Bay Road;7000;HOBART;;australia;
1004985;IP TRADING PTY LTD;4;0283445566;sales@iptrading.com.au;www.iptrading.com.au;www.se.com;Unit 2;2036;Matraville;New South Wales;australia;
1004986;Ipau Technology;4;;matt.marrone@ipau.com.au;www.ipau.com.au;www.se.com;359 361 Regency Rd;5082;Prospect;South Australia;australia;
1004987;IT Shopping;4;;other@itshopping.com.au;https://www.itshopping.com.au;www.se.com;10 25 Cook St;2031;Randwick;;australia;
1004988;IT TODAY UNIT TRUST;4;;christian@it-today.com.au;www.it-today.com.au;www.se.com;*Suite 404370 St Kilda Rd;3004;Melbourne;Victoria;australia;
1004989;ITC Solutions Pty Ltd;4;0397069666;sales@itc-solutions.com.au;itc-solutions.com.au;www.se.com;47 -49, Progress Street;3175;Dandenong South;Victoria;australia;
1004990;ITR Australia;4;;sales@itraustralia.com.au;www,itraustralia.com.au;www.se.com;PO Box 179;3207;Port Melbourne;Victoria;australia;
1004991;Itro;4;;support@itro.com.au;;www.se.com;L 196 Stephenson St;3121;RICHMOND;;australia;
1004992;Alfa Computers Pty ltd;4;293133333;variab@alfa.com.au;;www.se.com;28/34-36 Ralph St;2015;Alexandria;New South Wales;australia;
1004993;JB Hifi Solutions;4;;joe.wright@jbhifi.com.au;www.jbhifisolutions.com.au;www.se.com;4 501 Scarborough Beach Rd;6017;Osborne Park;Western Australia;australia;
1004994;JH COMPUTER SERVICES;4;893679499;ryan@jhcs.com.au;www.jhcs.com.au;www.se.com;1ST FLOOR;6151;SOUTH PERTH;Western Australia;australia;
1004995;JLC Computers;4;;grace@jlccomputers.com.au;;www.se.com;51 Caswell St;4169;East Briston;;australia;
1004996;Jolt Electrical Contractors;4;0419998487;chris@joltelectrical.com.au;www.joltelectrical.com.au;www.se.com;20/57A Rhodes St;2036;Hillsdale;New South Wales;australia;
1004997;JP Computer Solutions;4;;james@jpcomputersolutions.com.au;;www.se.com;119 Edward ST;4807;AYR;;australia;
1004998;JW Computers;4;;sail@jw.com.au;;www.se.com;4B 6 Boundary Rd;2152;Northmead;;australia;
1004999;KAPP Engineering;4;61861031234;praveen@kapp.com.au;;www.se.com;1A/37 Delawney St;6021;Balcatta;Western Australia;australia;
1005000;Kent Electrical;4;0418493740;steve@kentelectrical.com.au;www.kentelectrical.com.au;www.se.com;448 Clarencetown Rd;2321;Woodville;New South Wales;australia;
1005001;Keyspace;4;452124556;shane@keyspace.com.au;;www.se.com;1/16 Mcdougall Street;4064;Milton;;australia;
1005003;Aliva Pty Ltd;4;+61735055000;sales@aliva.com.au;;www.se.com;3 Marie Street;4064;MILTON;;australia;
1005004;Kyle McGovern Electrical;4;0423876747;kyle_mcgovern@hotmail.com;;www.se.com;Po Box 526;2594;Young;New South Wales;australia;
1005005;L & H Browns Plains;4;0738001069;brownsplains@lh.com.au;https://www.lh.com.au/;www.se.com;13 Central Court;4118;Browns Plains;Queensland;australia;
1005006;L & H Malaga;4;0892496644;;www.lh.com.au;www.se.com;U1 1890 Beach Rd;6090;Malaga;Western Australia;australia;
1005007;L & H Morwell;4;0351344028;;www.lh.com.au;www.se.com;9 Chickerell St;3840;Morwell;Victoria;australia;
1005008;L & H Newstead;4;0732574263;newstead@lh.com.au;www.lh.com.au;www.se.com;18 Maud Street;4006;Newstead;Queensland;australia;
1005009;L & H Townsville;4;0747755866;;www.lh.com.au;www.se.com;301 Bayswater Rd;4814;Garbutt;Queensland;australia;
1005011;Lancet Electrical and automation;4;;john@lancet.com.au;;www.se.com;George St;2221;Penshurst;New South Wales;australia;
1005012;Laser Electrical Abbotsford;4;0394956020;abbotsford@laserelectrical.com.au;www.abbotsford.laserelectrical.com.au;www.se.com;9 Marine Parade;3067;Abbotsford;Victoria;australia;
1005013;Laser Electrical Warana;4;1300552514;warana@laserelectrical.com.au;warana.laserelectrical.com.au/;www.se.com;5 Homestead Drive;4551;LITTLE MOUNTAIN;Queensland;australia;
1005014;Allcom Networks Pty Ltd;4;;cristian.levancini@allcomnetworks.com.au;www.allcomnetworks.com.au;www.se.com;L 799 York St;2000;SYDNEY;;australia;
1005015;Laserfast;4;;mcurrie@laserfast.com.au;www.laserfast.com.au;www.se.com;U10 2-4 Sarton Rd;3168;Clayton;Victoria;australia;
1005016;Lear & Smith Singleton;4;0265724133;;www.learsmith.com.au;www.se.com;252 John St;2330;Singleton;New South Wales;australia;
1005017;Learning with Technologies;4;1300550717;sales@lwt.com.au;www.lwt.com.au;www.se.com;4 King Street;3130;Blackburn;Victoria;australia;
1005018;Lesside Services Pty Ltd;4;0733944133;craig@lesside.com.au;www.lesside.com.au;www.se.com;U3 27 Birubi St;4151;Coorparoo;Queensland;australia;
1005019;Lettscom Pty Ltd;4;;accounts@lettscom.com.au;;www.se.com;124 Main Street124 Main Street;5009;BEVERLEY;South Australia;australia;
1005021;Linktech Australia;4;;tony.bogias@linktechsolutions.com.au;;www.se.com;Level 2, 376 Bay St;2216;Brighton-Le-Sands;New South Wales;australia;
1005022;Livewired Electrical Pty Ltd;4;+61746344944;grant@livewiredelectrical.com.au;;www.se.com;U 6 6 Production Crt;4350;Toowoomba;Queensland;australia;
1005024;Luxe Electrical And Designs Pty Ltd;4;0429421186;admin@luxeconcepts.com.au;www.luxecbr.com.au;www.se.com;133 Carlile St;2617;Evatt;Australian Capital Territory;australia;
1005025;ALLSTAR Solutions;4;1300255782;drew@allstarsolutions.com.au;;www.se.com;Level 8, 61 Market Street;2000;Sydney;New South Wales;australia;
1005027;Managed IT;4;1300626243;craig.watson@managedit.com.au;;www.se.com;Suite 11;6017;Osborne Park;Western Australia;australia;
1005028;Max Computing Pty Ltd;4;1300865080;support@maxcomputing.com.au;;www.se.com;Suite 11B, 16-24 Waratah St;2232;Kirrawee;New South Wales;australia;
1005029;Maximum Demand Pty Ltd;4;0410480139;maximumdemand@powerup.com.au;;www.se.com;Po Box 1028;4300;Gailes;Queensland;australia;
1005030;Maxum IT Consulting;4;+61413602255;gsmales@maxumit.com.au;https://www.maxumit.com.au/;www.se.com;PO Box 498;3186;Brighton;Victoria;australia;
1005031;Maxxam computer systems;4;;support@maxxam.com.au;www.maxxam.com.au;www.se.com;U48 / 125 Highbury Rd;3125;Burwood;Victoria;australia;
1005032;Mayfield Industries Pty Ltd.;4;+61881691000;chris.ware@mayfieldindustries.com.au;mayfieldindustries.com.au/;www.se.com;3 Gidgie Court;5111;Edinburgh;South Australia;australia;
1005036;Alpha Global Pty Ltd;4;049919959;;https://alpha.global;www.se.com;171 Sussex St;2000;Sydney;New South Wales;australia;
1005040;Melbourne Data Centre;4;;j.demirok@melbdc.com.au;www.melbdc.com.au;www.se.com;L15 530 Collins St;3000;Melbourne;;australia;
1005041;Menangle Park Electrical;4;0412250841;keith@mpeedc.com.au;www.mpeedc.com.au;www.se.com;PO Box 938;2560;Campbelltown;New South Wales;australia;
1005042;Mescon Pty Ltd;4;0387511579;john.pamflett@mescon.com.au;https://mescon.com.au/;www.se.com;P.O. Box 7;3194;Mentone;Victoria;australia;
1005043;Micro-Tech Computer Group;4;;michael.leung@microtechcomputer.com.au;www.microtechcomputer.com.au;www.se.com;375 Victoria St;3003;West Melbourne;Victoria;australia;
1005044;Micron Electrical Services Pty Ltd;4;0292216155;andrew@microngroup.com.au;;www.se.com;L 5, 52 Martin Pl;2000;Sydney;New South Wales;australia;
1005045;Middendorp Electric Company Pty Ltd;4;0387901766;;www.middys.com.au;www.se.com;357 Ferntree Gully Road, Mount Waverley 3149;3149;Mount Waverley;Victoria;australia;
1005046;Middy's Dandenong South;4;0397064266;;www.middys.com.au;www.se.com;354 Dandenong Frankston Rd;3175;South Dandenong;Victoria;australia;
1005048;Middy's Melbourne;4;0393283233;;www.middys.com.au;www.se.com;520 Latrobe St;3000;Melbourne;Victoria;australia;
1005049;MJB Solutions;4;+61730779624;support@mjb.com.au;;www.se.com;Unit 3, 15 Hinkler Court;4500;Brendale;Queensland;australia;
1005050;MM Electrical Clarkson;4;0894079011;;;www.se.com;15 Caloundra Rd;6030;Clarkson;Western Australia;australia;
1005051;MM Electrical Coolum;4;0754463689;;mmcoolum.com.au;www.se.com;U1 4 Access Cres;4573;Coolum Beach;Queensland;australia;
1005052;MM Electrical Joondalup;4;0893001876;;mmjoondalup.com.au;www.se.com;U2 8 Packard St;6027;Joondalup;Western Australia;australia;
1005053;MM Electrical Marleston;4;0882341844;;mmmarleston.com.au;www.se.com;158-160 Richmond Rd;5033;Marleston;South Australia;australia;
1005054;MM Electrical Midland;4;0409061048;;mmmidland.com.au;www.se.com;7D Orchid Ave;6056;Midvale;Western Australia;australia;
1005055;MM Electrical Wangara;4;0893039404;;mmwangara.com.au;www.se.com;54 Prosperity Ave;6065;Wangara;Western Australia;australia;
1005056;MOQdigital;4;1300419182;brobinson@moqdigital.com.au;https://www.moqdigital.com;www.se.com;Level 2 / 200 Creek Street;4000;Brisbane;Queensland;australia;
1005057;Mr Sparky Electrical Services Pty Ltd;4;0414525740;contact@mrsparky.com.au;wwww.mrsparky.com.au;www.se.com;U18/76B Edinburgh Rd;2204;Marrickville;New South Wales;australia;
1005058;Amped Automation Pty Ltd;4;0299057615;hello@ampedautomation.com;www.ampedautomation.com;www.se.com;Unit 1;2100;Brookvale;New South Wales;australia;
1005059;Multi Power Electrical Pty Ltd;4;0406963656;info@multipowerelectrical.com;multipowerelectrical.com;www.se.com;137A The Avenue;2200;Condell Park;New South Wales;australia;
1005060;Multibiz Solutions;4;;dylan.poulus@multibiz.net.au;www.multibiz.net.au;www.se.com;Shop 5 165 171 Bloomfield St;4163;Cleveland;Queensland;australia;
1005061;Multicomm IT;4;355647000;ben@multicomm.com.au;;www.se.com;160 Fairy Street;3280;Warrnambool;;australia;
1005062;MWAVE;4;1300727446;corporate@mwave.com.au;;www.se.com;Unit F3;2141;LIDCOMBE;New South Wales;australia;
1005063;Mycom Pty Ltd;4;(03)98199960;sales@mycom.com.au;www.mycom.com.au;www.se.com;Suite 104672 Glenferrie Rd;3122;Hawthorn;Victoria;australia;
1005064;Myelec Welshpool;4;0894586788;;www.myelecgroup.com.au;www.se.com;2 Colin Jamieson Dr;6105;Kewdale;Western Australia;australia;
1005066;Natural Power Solutions Pty Ltd;4;0284677777;sales@nps.com.au;www.nps.com.au;www.se.com;Unit 25/1 Talavera Road;2113;Macquarie Park;New South Wales;australia;
1005067;NAV IT;4;1300858133;nigel@navit.com.au;;www.se.com;2/18 Wexford Lane;6230;Bunbury;Western Australia;australia;
1005068;NB INDUSTRIES;4;0749523931;james.mifsud@nbindustries.com.au;www.nbindustries.com.au;www.se.com;24 IRIDIUM DR;4740;PAGET;Queensland;australia;
1005069;andersenIT Pty Ltd;4;;brucem@andersenit.com.au;www.andersenit.com.au;www.se.com;41/17 Bowen Bridge Road41/17 Bowen Bridge Road;4006;Herston;;australia;
1005070;Netelligent Group Pty Ltd;4;0400898888;david@netelligentgroup.com;www.netelligentgroup.com;www.se.com;9A Bent Street;2070;Lindfield;New South Wales;australia;
1005071;Netlink Group Pty Ltd;4;;amigdal@netlinkgroup.com.au;www.netlinkgroup.com.au;www.se.com;38 Oxford Close;6007;West Leederville;;australia;
1005072;NetPillar Pty Ltd;4;;sales@netpillar.com;www.netpillar.com;www.se.com;Suite 110, 250 Pitt St;2000;Sydney;New South Wales;australia;
1005073;Network Communications Industries;4;0386767575;sales@nci.net.au;www.nci.net.au;www.se.com;PO Box 670;3207;Port Melbourne;Victoria;australia;
1005074;New Era Technology Pty Ltd;4;;robin.guy@neweraed.com.au;;www.se.com;Level 2, 90 South Terrace;5000;Adelaide;South Australia;australia;
1005076;Next Solutions;4;;registrations@nextsolutions.com.au;www.nextsolutions.com.au;www.se.com;539 Greenhill Rd;5066;Hazelwood Park;South Australia;australia;
1005077;NISS Group;4;1300006477;andrew.morrell@niss.net.au;https://niss.net.au;www.se.com;55 Pyrmont Bridge Road;2009;Pyrmont;New South Wales;australia;
1005079;North and West Remote Health;4;+61747534000;dennis@den-computers.com.au;www.den-computers.com.au;www.se.com;3/106;4811;Wulguru;Queensland;australia;
1005080;Anittel Group Ltd;4;;scott.nicholson@anittel.com.au;www.anittel.com.au;www.se.com;U3 75 Erindale Rd;6001;Balcatta;Western Australia;australia;
1005081;NQAV;4;0747289200;kevin@nqav.com.au;;www.se.com;33 Ross River Rd;4812;Mysterton;Queensland;australia;
1005082;NQBE;4;;mat.kiln@nqbe.com.au;www.nqbe.com.au;www.se.com;23 Evans Avenue;4740;North Mackay;Queensland;australia;
1005084;NTT Comms ICT Solutions;4;298862027;catherine.chambers@nttict.com;;www.se.com;Ground Level;2612;Canberra;Australian Capital Territory;australia;
1005085;NTT Communications ICT Solutions - Sydney;4;;joseph.vijay@nttict.com;;www.se.com;Level 3, Tower 3, Darling Park, 201 Sussex Street;2000;Sydney;New South Wales;australia;
1005086;O'Brien Electrical Toowoomba;4;+61746344777;toowoomba@electrical.obrien.com.au;www.obrien.com.au/electrical/toowoomba;www.se.com;3/18 Rocla court;4350;Toowoomba;Queensland;australia;
1005087;Oakpont Pty Ltd;4;1300916268;sales@oakpont.com;https://oakpont.com;www.se.com;Level 4;2601;Canberra;Australian Capital Territory;australia;
1005088;Olympus Technology Services;4;0298317874;sales@olympustech.com.au;www.olympustech.com.au;www.se.com;Level 40, 100 Miller St;2060;North Sydney;New South Wales;australia;
1005089;Onboard IT Pty Ltd;4;0747221777;sales.orders@onboardit.com.au;onboardit.com.au;www.se.com;2-4 Morris Street;4810;Townsville;Queensland;australia;
1005090;Otoc Australia;4;;b.waugh@otoc.com.au;;www.se.com;Suite 4, Flr. 1, 40 Hasler Rd.;6017;Osborne;;australia;
1005092;Ao3 Independent Computer Search Pty Ltd;4;+61284888240;info@euroits.com.au;www.ao3.com.au;www.se.com;PO Box 6;2090;Cremorne Junction;New South Wales;australia;
1005096;P J CORPORATE ELECTRICAL;4;;eddieh@pjelect.com.au;;www.se.com;U1 28 Hindley St;5000;Adelaide;South Australia;australia;
1005097;Pacific Datacom - Adelaide;4;0884436288;russell.paton@pacdata.com.au;;www.se.com;3 Deacon Ave;5033;Richmond;South Australia;australia;
1005098;Pacific Datacom - Eagle Farm;4;0738688000;laine.kidner@pacdata.com.au;pacificdatacom.com.au/;www.se.com;U2-3 37 Commercial Rd;4006;Fortitude Valley;Queensland;australia;
1005099;Pacific Datacom - East Perth;4;0892275444;reece.mcdonald@pacdata.com.au;;www.se.com;U2 & 3 103-107 Edward St;6004;East Perth;Western Australia;australia;
1005101;Pacific Datacom Silverwater;4;0296472271;kyle.stubbs@pacdata.com.au;;www.se.com;6 Rachael Close;2128;Silverwater;New South Wales;australia;
1005102;Passport 360;4;+61411211902;nigel@passport360.com;www.passport360.com;www.se.com;1 Eagle Street;4000;Brisbane;Queensland;australia;
1005103;APC Integration;4;0883662300;tjones@apci.com.au;;www.se.com;987 Port Rd;5014;Cheltenham;South Australia;australia;
1005104;Pegasus Technology Pty Ltd;4;;mcasey@pegasustech.com.au;;www.se.com;L 13 99 York St;2000;Sydney;;australia;
1005105;Perfekt Pty Ltd;4;+61399452200;mark.sakajiou@perfekt.com.au;;www.se.com;Level 1,936 Glen Huntly Rd;3162;CAULFIELD SOUTH;Victoria;australia;
1005106;Pete Will Fix IT;4;0429-454-454;pwfi@senet.com.au;;www.se.com;9 Cross Street;5085;ENFIELD;South Australia;australia;
1005107;Pillay Electrical & Communications Pty Ltd;4;0413655828;shane@pecservices.com.au;www.pecservices.com;www.se.com;PO Box 1321;4109;Sunnybank Hills;Queensland;australia;
1005108;PJ Corporate Electrical Pty Ltd;4;0882117377;troy@pjelect.com.au;www.pjelect.com.au;www.se.com;1, 28 Millers Arcade;5000;Adelaide;South Australia;australia;
1005110;Power & Data Pty Ltd;4;0889530495;mark@powerdatant.com;www.powerdatant.com;www.se.com;16/66 Elder St;0870;Ciccone Alice Springs;Northern Territory;australia;
1005111;Power Backup Solutions;4;;sales@powerbackups.com.au;powerbackups.com.au/;www.se.com;Cornwallis St;2015;Eveleigh;;australia;
1005112;Power by Watts Pty Ltd;4;0248682834;admin@powerbywatts.com.au;www.powerbywatts.com.au;www.se.com;30 Headlam Road;2577;Moss Vale;New South Wales;australia;
1005113;Power Data Support Services Pty Ltd;4;0456412000;leow@pdss.com.au;www.pdss.com.au;www.se.com;PO Box 473;4870;BUNGALOW;Queensland;australia;
1005114;Apw Electrical;4;0895271695;info@apwelectrical.com.au;apwelectrical.com.au/;www.se.com;6/13 Day Road;6168;EAST ROCKINGHAM;Western Australia;australia;
1005115;Power Quality Consultants;4;1800543237;sales@powerqc.com.au;www.powerqc.com.au;www.se.com;9 JAYBEL STREET;4107;SALISBURY;Queensland;australia;
1005116;Powered;4;+61419750058;mark@poweredlightingandelectrical.com.au;;www.se.com;11;4500;WARNER;Queensland;australia;
1005117;Powerfirm (NSW);4;1300369694;info@powerfirm.com.au;www.powerfirm.com.au;www.se.com;UE1/15 Narabang Way;2085;Belrose;New South Wales;australia;
1005118;PRF Electrical;4;0893302505;phil@prfelectrical.com.au;www.prfelectrical.com.au;www.se.com;Factory 16/5 Hines Road;6163;O'Connor;Western Australia;australia;
1005119;Prime Systems;4;1300480758;;www.primesystems.net.au;www.se.com;18 Bligh Street;4123;Rochedale South;Queensland;australia;
1005120;PRO IT PTY LTD;4;0287243333;sales@proit.com;https://www.proit.com;www.se.com;9, 12-18 FAIRFIELD STREET;2165;FAIRFIELD EAST;New South Wales;australia;
1005124;Qirx Pty Ltd;4;;jgilmore@qirx.com.au;;www.se.com;Units 3-5 / 19 Tooth St;2911;Mitchell;Australian Capital Territory;australia;
1005125;Aryon Pty Ltd;4;;accounts@aryon.com.au;www.aryon.com.au;www.se.com;Unit 6A 57 Miller Street;4172;Murrarie;Queensland;australia;
1005127;R-Group International Pty Ltd;4;;sales@r-group.com.au;www.r-group.com.au;www.se.com;4 Parker Place Technology Park;6102;Bentley;Western Australia;australia;
1005128;R1i Services;4;;experts@r1i.technology;www.r1i.com.au;www.se.com;Suite 358 Walcott St;6050;Mt Lawley;Western Australia;australia;
1005130;Red 29 Pty Limited;4;1300073329;darrin.hunter@red29.net;;www.se.com;Unit 2, 2 Phipps Close;2600;Deakin;Australian Capital Territory;australia;
1005131;Repare Electrical & Air Conditioning;4;0732098006;admin@repare.com.au;;www.se.com;14/5 Cairns St;4129;Loganholme;Queensland;australia;
1005132;Retzlaff Technology Services;4;0895929777;stephen@retzlaff.com.au;www.retzlaff.com.au;www.se.com;Unit 18;6168;Rockingham;Western Australia;australia;
1005133;Rexel Geraldton;4;0899652444;;www.rexel.com.au;www.se.com;80A Flores Rd;6530;Geraldton;Western Australia;australia;
1005134;Rexel Hindmarsh;4;0883401833;;www.rexel.com.au;www.se.com;U1 95 South Rd;5007;Hindmarsh;South Australia;australia;
1005135;Rexel Townsville / Garbutt;4;0747796955;;www.rexel.com.au;www.se.com;30 Mackley St;4810;Townsville;Queensland;australia;
1005137;Rexel Windsor Gardens;4;0883690255;windsorgardens@rexel.com.au;www.rexel.com.au;www.se.com;496 North East Rd;5087;Windsor Gardens;South Australia;australia;
1005138;RIOT Solutions;4;;sales@riotsolutions.com.au;www.RIoTSolutions.com.au;www.se.com;L 460 Edward St;4000;Brisbane City;;australia;
1005139;RJ & JM Waters;4;;dickwaters@bigpond.com;;www.se.com;27 Mcnamara Park Rd;5291;Compton;South Australia;australia;
1005140;Rosh Tech IT;4;1300666040;michaelt@roshtech.com.au;roshtech.com.au;www.se.com;606 ballina Rd;2480;Goonellabah;New South Wales;australia;
1005141;Rovert Pty Ltd Toronto;4;0249592226;;https://rovert.com.au;www.se.com;U8 10 Sara St;2283;Toronto;New South Wales;australia;
1005142;RSH Electrical Brookvale;4;0299392827;;;www.se.com;37 Mitchell Rd;2100;Brookvale;New South Wales;australia;
1005143;RTV/RTECH GS;4;61420959996;rosie@rtvgroup.com.au;;www.se.com;PO Box 463;6951;South Perth;Western Australia;australia;
1005144;Runnymede Group Pty Ltd;4;1300233799;ashley@runnymede-elec.com.au;www.runnymede-group.com.au;www.se.com;2/51 Anderson Road;2567;Smeaton Grange;New South Wales;australia;
1005145;SABR Pty Ltd;4;0419569503;ssilva@sabr.com.au;www.sabr.com.au;www.se.com;Unit 505;3002;East Melbourne;Victoria;australia;
1005146;Samson Communications;4;;stephens@samsons.com.au;;www.se.com;1 Sowden St;4350;Toowoomba;Queensland;australia;
1005148;Scalar Solutions;4;(07)32652295;sales@scalar.com.au;www.scalar.com.au;www.se.com;1 / 420 Newman Road;4034;Geebung;Queensland;australia;
1005149;SDE ElectroTech Pty Ltd;4;0431517596;brad@sdeonline.com.au;www.SDEOnline.com.au;www.se.com;Confluence Court;4037;Eatons Hill;Queensland;australia;
1005150;Seccom Solutions;4;0404266677;adam@seccomsolutions.com.au;;www.se.com;Garden St;2192;Belmore;New South Wales;australia;
1005151;Secure Agility;4;1300857827;jt@secureagility.com;www.secureagility.com;www.se.com;Suite 204, 11 -15 Deane st,;2134;Burwood;New South Wales;australia;
1005152;Secure Bits Pty Ltd;4;1300494243;nowen@securebits.com.au;www.securebits.com.au;www.se.com;2 Taubman St;2609;Symonston;Australian Capital Territory;australia;
1005153;Secure Power Services;4;0499330911;chris@securepowerservices.com.au;;www.se.com;Riverstone;2765;Riverstone;New South Wales;australia;
1005154;Serenity IT Solutions Pty Ltd;4;;accounts@serenityits.com;www.serenityits.com;www.se.com;171 Bunker Road;4165;Victoria Point;Queensland;australia;
1005155;Servcore Pty Ltd;4;1300605040;chrisl@servcore.com.au;servcore.com.au;www.se.com;U8 7 Meridian Place;2153;Bella Vista;New South Wales;australia;
1005156;Shane Watson Electric QLD;4;0418122244;shane@shanewatsonelectric.com.au;;www.se.com;5/32 Brooke Ave;4221;Palm Beach;Queensland;australia;
1005159;Smart Business Systems Pty Ltd;4;;support@sbsystems.com.au;www.sbsystems.com.au;www.se.com;U2 32 Boothby St;4031;Kedron;;australia;
1005160;Snat Pty Ltd;4;;ruben@snat.com.au;www.snat.com.au;www.se.com;66 Coronation Pde;2136;Enfield;New South Wales;australia;
1005162;Solutions IT;4;61862412550;sales@solutionsit.com.au;;www.se.com;1 Whipple Street;6021;Balcatta;;australia;
1005164;Sparkaid Electrical Pty Ltd;4;0405107320;kent@sparkaid.com.au;;www.se.com;33 Liddell St;2261;Shelly Beach;New South Wales;australia;
1005165;SPEC - Salamander Bay;4;0407231477;scott@specelectrical.com.au;www.specelectrical.com.au;www.se.com;50 Boronia Dr;2317;Salamander Bay;New South Wales;australia;
1005166;Specter Systems;4;;gmalixi@spectersystems.com.au;;www.se.com;1 Australia St;2160;Merrrylands;New South Wales;australia;
1005167;Stanfield IT;4;291910333;angus.ewing@stanfieldit.com;https://www.stanfieldit.com;www.se.com;Suite 4129, 834 Pittwater Road;2099;Sydney;New South Wales;australia;
1005168;Stephen Bolitho Electrical Pty Ltd;4;0358235123;joffa22@bigpond.com;;www.se.com;Unit 2 No. 30 Midstar Crescent;3631;Kialla;Victoria;australia;
1005169;AWM Electrical Burwood;4;0398084511;;awmburwood.com.au;www.se.com;9 Alexander Dr;3125;Burwood;Victoria;australia;
1005170;Sterling IT;4;0297566866;mark@computerdr.com.au;;www.se.com;PO BOX 6499;2164;Wetherill Park;New South Wales;australia;
1005171;Storm FX Distributions Pty Ltd (Storm FX);4;+61284586607;peter@stormfx.com.au;;www.se.com;106 Darley St;2041;Newtown;New South Wales;australia;
1005172;Stott Hoare;4;;jrutherford@stotthoare.com.au;www.stotthoare.com.au;www.se.com;86 Walters Dr;6017;Osborne Park;Western Australia;australia;
1005174;Sure Power;4;;admin@surepower.com.au;;www.se.com;4 Manilla St;4169;East Brisbane;Queensland;australia;
1005175;Sutterby Electrical;4;83590577;karl@sutterbuyelectrical.com.au;;www.se.com;10 Tikalara Street;5010;Regency Park;South Australia;australia;
1005176;SYNC cabling solutions;4;0402901800;ghardy@synccs.com.au;www.synccs.com.au;www.se.com;PO box 3092;5159;Aberfoyle Park;South Australia;australia;
1005177;Syndeticom Balgowlah;4;0294309818;randall@syndeticom.com.au;www.syndeticom.com.au;www.se.com;50 Balgowlah Rd;2093;Balgowlah;New South Wales;australia;
1005178;T.A.F & Associates Pty Ltd;4;;amos.re@taf-sa.com;www.taf-sa.com;www.se.com;368 Findon Rd;5025;Kidman Park;;australia;
1005180;AWM Electrical Doncaster;4;0398489122;doncaster.branch@mmem.com.au;awmdoncaster.com.au;www.se.com;8 Rose St;3108;Doncaster;Victoria;australia;
1005181;TBC Enterprise;4;;emily.quach@tbcenterprise.com.au;www.tbcenterprise.com.au;www.se.com;87 York St;3205;South Melbourne;Victoria;australia;
1005182;TBC Solutions;4;;david.reed@tbcsolutions.com.au;www.tbcsolutions.com.au;www.se.com;349 Coronation Dr;4064;Milton;Queensland;australia;
1005183;Tecelec (Qld) Pty Ltd;4;;denise@tecelec.com.au;;www.se.com;Post Office Box 406;4170;Monringside;Queensland;australia;
1005184;TechFlow Services Pty Limited;4;;sales@techflow.com.au;www.techflow.com.au;www.se.com;Suite 17, Level 3, 55 Pyrmont Bridge Road;2009;Pyrmont;New South Wales;australia;
1005185;Techfluent;4;0407036901;nathan@techfluent.com.au;www.techfluent.com.au;www.se.com;31 Turner Avenue;4207;Yatala;;australia;
1005187;Technotronics Business Systems;4;0295643432;aleyx@technotronics.com.au;technotronics.com.au;www.se.com;279 Parramatta Rd;2040;Leichhardt;New South Wales;australia;
1005188;TECHTIDY CONSULTING;4;;mfleming@techtidy.com.au;;www.se.com;55 CHARLTON ST;2571;WILTON;New South Wales;australia;
1005189;Tecnic Group;4;+61862140365;info@tecnicgroup.com.au;www.tecnicgroup.com.au;www.se.com;181 Adelaide Terrace;6004;East Perth;Western Australia;australia;
1005190;TEG Energy Services PTY LTD;4;0411595577;;https://tegenergyservices.com.au/;www.se.com;188 Van Hensbroek Road;4650;Bauple;Queensland;australia;
1005191;AWM Electrical Hamilton;4;0355724844;;awmhamilton.com.au;www.se.com;112 French St;3300;Hamilton;Victoria;australia;
1005192;Telecommunications Infrastructure Solutions;4;;paul@tisolutions.tech;WWW.TISOLUTIONS.TECH;www.se.com;PO Box 943;5061;Unley;South Australia;australia;
1005194;Telstra Brisbane ***MAIN***;4;;will.thorne@tbcbrisbanecity.com.au;;www.se.com;275 George Street;4000;Brisbane;Queensland;australia;
1005195;Telstra Business Centre;4;;bryony.facey@telstrabusinesscentres.com.au;;www.se.com;83 Chatham Rd;2292;Broadmeadow;New South Wales;australia;
1005196;Telstra Business Centre Bundaberg;4;;andy.mclucas@tbcbundaberg.com.au;;www.se.com;16-20 Barolin StreetMark Road;4670;BUNDABERG;Queensland;australia;
1005198;Telstra Business Centre Northwest NSW;4;0267633433;kirsty.sutcliffe@tbcnorthwestnsw.com.au;;www.se.com;29 Fitzroy St;2340;Tamworth;New South Wales;australia;
1005201;The Somerville Group*;4;1300366031;sales@somerville.com.au;;www.se.com;Unit 1 Level 4;2069;Roseville;New South Wales;australia;
1005203;AWM Electrical Hobart;4;0362346999;;awmhobart.com.au;www.se.com;55 Federal St;7000;Hobart North;Tasmania;australia;
1005204;The Specializt;4;;monika.bojarski@thespecializt.com;;www.se.com;506 77 Dunning Ave;2018;Roseberry;;australia;
1005205;Tiec;4;0892405225;leith@tiec.com.au;;www.se.com;U 11, 23 Gibberd Rd;6021;Balcatta;Western Australia;australia;
1005206;Timeless Technologies Pty Ltd;4;0730078555;sales@timeless.tech;;www.se.com;445 Upper Edward Street;4000;Spring Hill;Queensland;australia;
1005208;TLE Electrical Menai;4;0295321230;;tlemenai.com.au;www.se.com;U7 814 Old Illawarra Rd;2234;Menai;New South Wales;australia;
1005209;TLE Electrical Port Macquarie;4;0265811522;;tleportmacquarie.com.au;www.se.com;U7A 8-12 Acacia Ave;2444;Port Macquarie;New South Wales;australia;
1005210;Topstar Computer International Pty Ltd;4;0385458488;sales@topstar.com.au;www.topstar.com.au;www.se.com;Unit 12, 104 Ferntree Gully Rd;3166;Oakleigh;Victoria;australia;
1005212;Touchpoint Technology;4;0284243500;ashley.stewart@touchpoint.com.au;;www.se.com;2/6-8 McLachlan Ave;2064;Artarmon;New South Wales;australia;
1005213;TPL Connect;4;;adam.davis@tplconnect.com.au;www.tplconnect.com.au;www.se.com;Office 5 55 Bulcock St;4551;Caloundra;;australia;
1005214;AWM Electrical Hoppers Crossing;4;0393696266;;awmhopperscrossing.com.au;www.se.com;U2 55 Graham Crt;3029;Hoppers Crossing;Victoria;australia;
1005215;Tribetech Pty Ltd;4;1300874238;info@tribetech.com.au;www.tribetech.com.au;www.se.com;133 Alexander St;2065;Crows Nest;New South Wales;australia;
1005217;Troppus IT and Management;4;0894325600;ze@troppus.com.au;www.troppus.com.au;www.se.com;261 Berwick Street;6101;East Victoria Park;Western Australia;australia;
1005219;Umart Online;4;;soniachung@umart.com.au;;www.se.com;2 Kilroe St;4064;Milton;Queensland;australia;
1005220;Unirank;4;1300661839;sales@unirank.com.au;www.unirank.com.au;www.se.com;Level 20, Tower A, 821 Pacific Hwy;2067;Chatswood;New South Wales;australia;
1005221;Unitech Solutions;4;1300484357;sales@unitech.com.au;;www.se.com;101 Kenny St;2500;Wollongong;New South Wales;australia;
1005223;Uplinx Advance Services;4;0439978981;costa.diamandis@uplinxas.com.au;www.uplinxas.com.au;www.se.com;L 11 125 St Georges Tce;6000;Perth;Western Australia;australia;
1005224;Uplinx Pty Ltd;4;;daniel.quattrocchi@uplinx.com.au;;www.se.com;Suite 504 32 Delhi Rd;2113;North Ryde;;australia;
1005225;AWM Electrical Ravenhall;4;(038)347-6200;;awmravenhall.com.au;www.se.com;112 Eucumbene Dr;3023;Ravenhall;Victoria;australia;
1005226;UPTIME SYSTEMS Pty Ltd;4;1300846021;bradandrews@uptimes.com.au;www.uptimes.com.au;www.se.com;Level 1, 16 McDougall Street;4064;MILTON;Queensland;australia;
1005227;VAN WYK ELECTRIC PTY LTD;4;0387196770;chris@vanwykelec.com.au;www.vanwykelec.com.au;www.se.com;Unit 1 / 8 Newcastle Rd;3153;Bayswater;Victoria;australia;
1005228;Virtual Graffiti Australia;4;;sales@virtualgraffiti.com.au;;www.se.com;Suite 7101, 2 Locomotive Street;2030;Eveleigh;New South Wales;australia;
1005229;Virtunet Pty Ltd;4;;blake.sauvan@virtunet.com.au;www.virtunet.com.au;www.se.com;Level 2,75-85 O'Riordan St;2015;Alexandria;New South Wales;australia;
1005230;Vision Cabling Systems;4;0892423222;samanthaeyre@visioncabling.com.au;www.visioncabling.com.au;www.se.com;74 Albert St;6017;Osborne Park;Western Australia;australia;
1005231;Vita Group Ltd;4;;heath.atkins@vitagroup.com.au;;www.se.com;77 Hudson Rd;4010;Albion;Queensland;australia;
1005232;Vita Group Pty Ltd;4;0437751596;puneet.singh@tbcliverpool.com.au;;www.se.com;387 Hume Highway;2170;Liverpool;New South Wales;australia;
1005233;Vita TBC Mackay;4;;emily.doolan@tbcmackay.com.au;;www.se.com;TBC Mackay Suite 1 Level 1 93-101 Willets Road;4740;North Mackay;Queensland;australia;
1005234;Vital Peripheral Supplies;4;;ben@vps.com.au;www.vps.com.au;www.se.com;PO Box 1672;2102;Warriewood;New South Wales;australia;
1005235;Vizstone Pty Ltd;4;;josh.elliot@vizstone.com;www.vizstone.com;www.se.com;390 Oxford St;6016;Mount Hawthorn;Western Australia;australia;
1005236;Axiom Technologies;4;;partners@axiomtechnologies.com.au;www.axiomtechnologies.com.au;www.se.com;L1 1 Queens Rd;3004;Melbourne;;australia;
1005237;Voltstar Pty Ltd;4;+61286774824;info@voltstar.com.au;www.voltstar.com.au;www.se.com;4/172 Targo Rd;2145;Girraween;New South Wales;australia;
1005238;Wagtec Pty Ltd;4;0418152053;information@wagtec.com;www.wagtec.com;www.se.com;59 Imbros St;4012;Nundah;Queensland;australia;
1005239;Wallis Electrical;4;0417822442;rjwallis@bigpond.com.au;;www.se.com;PO Box 954;5204;Normanville;South Australia;australia;
1005241;We're The Glue Pty Ltd;4;+61291574555;sales@theglue.com.au;;www.se.com;19 David Ave;2113;NORTH RYDE;New South Wales;australia;
1005242;Wesco Electrics;4;0893253218;amanda@wesco.com.au;www.wesco.com.au;www.se.com;25 Wittenoom St;6004;East Perth;Western Australia;australia;
1005243;Westsec Pty Ltd;4;0418261464;dan.westsec@gmail.com;westsec.net.au;www.se.com;PO Box 112;2213;Belfield;New South Wales;australia;
1005244;Whitney Electrical And Solar;4;0362852151;phil@whitneyelectrical.com.au;;www.se.com;2C/52 Ascot Drive;7055;Huntingfield;Tasmania;australia;
1005245;Winthrop Australia;4;0864882777;geoff.otterman@winaust.com.au;https://www.winaust.com.au;www.se.com;University of Western Australia, Hackett Entrance No. 2, Level 1 Guild Commercial Centre;6009;Crawley;Western Australia;australia;
1005246;Wired Communication Solutions;4;;jason.dilley@wiredsolutions.com.au;www.wiredsolutions.com.au;www.se.com;4 393 Wattletree Rd;3145;Malvern East;Victoria;australia;
1005247;AXIS Contracting;4;0477956956;jackson@axis-contracting.com;www.axis-contracting.com;www.se.com;11 Borrows St;4014;Virginia;Queensland;australia;
1005248;Wizard Solutions;4;+61894340688;;;www.se.com;U11 30 Port Kembla Dr;6163;Bibra Lake;Western Australia;australia;
1005250;Xpanse Pty Ltd;4;;oliver.hankinson@xpanse.com.au;www.xpanse.com.au;www.se.com;85 Havelock St;6005;West Perth;Western Australia;australia;
1005252;Barnes Electrical Service;4;0749785888;sales@barneselectrical.com.au;www.barneselectrical.com.au;www.se.com;1, 54 Callemondah Dr;4680;Gladstone;Queensland;australia;
1005253;Bathurst Electrical;4;0263344888;rob@bathurstelectrical.com.au;www.bathurstelectrical.com.au;www.se.com;Unit 4/94A Bentinck Street;2795;Bathurst;New South Wales;australia;
1005254;BATTERIES PLUS;4;0894452755;darren@batteriesplus.com.au;www.batteriesplus.com.au;www.se.com;U1 / 40 KING EDWARD ROAD;6017;Osborne Park;Western Australia;australia;
1005256;A Grade Electrical;4;0409284103;agradelec@gmail.com;;www.se.com;PO Box 602;3437;Gisbourne;Victoria;australia;
1005257;BDC Services - Business Data Continuity Services Pty Ltd;4;1300001195;sales@bdcservices.com.au;www.bdcservices.com.au;www.se.com;Suite 9, 76 Reserve Road;2064;Artarmon;New South Wales;australia;
1005261;BENARM IT;4;1300236276;sales@benarm.com.au;www.benarm.com.au;www.se.com;Suite 1, Level 10, 488 Kent Street;2000;Sydney;New South Wales;australia;
1005262;BES IT Systems;4;61733405555;sales@bes.com.au;;www.se.com;16 Cinderella Drive;4127;Springwood;Queensland;australia;
1005263;Better Telco Solutions Pty Ltd;4;0897260088;josh@btswa.com.au;btswa.com.au;www.se.com;21 Wilson Rd;6230;Davenport;Western Australia;australia;
1005264;BGH Network Consulting Services;4;0402822306;sales@networkservices.com.au;;www.se.com;2/64 Bolingbroke Street;3044;PASCOE VALE;Victoria;australia;
1005265;BizLinQ Technology;4;1300249546;sales@bizlinq.com.au;;www.se.com;9 Forrest Avenue;6230;Bunbury;Western Australia;australia;
1005266;blenkiron Electrical;4;;mick@blenkelec.com.au;;www.se.com;shed 3n /m 6 builders close wendouree;3350;ballarat;Victoria;australia;
1005267;A.D. McCulloch P/L;4;0385401600;james@admvic.com.au;;www.se.com;18/1866 Princes Hwy;3168;Clayton;Victoria;australia;
1005268;Blue Apache;4;;shane.lewis@blueapache.com;www.blueapache.com;www.se.com;383 Johnston St;3067;Abbotford;Victoria;australia;
1005269;Blue Connections;4;0395600999;mkopp@blueconnections.com.au;;www.se.com;7 Bastow Place;3170;Mulgrave;Victoria;australia;
1005270;BlueShield Technologies Pty Ltd;4;;msingh@blueshield.com.au;https://www.blueshield.com.au;www.se.com;Building 28 266 Osborne Ave;3169;Clayton South;Victoria;australia;
1005271;Bonn Electrics Pty Ltd Moorebank;4;0296015555;john@bonn.com.au;;www.se.com;3 Greenhill Ave;2170;Moorebank;New South Wales;australia;
1005273;BP Hatch;4;0433892003;barry.cook@bphatch.com.au;www.bphatch.com.au;www.se.com;U4/30 Hood Street;6008;Perth;Western Australia;australia;
1005274;Brijoe Electrical Contractors;4;0418958491;brijoe@iinet.net.au;;www.se.com;1 Palm Court;6063;Beechboro;Western Australia;australia;
1005275;Burhani Suppliers Pty Ltd;4;+61423016695;abbas@inkwest.com.au;www.burhanisuppliers.com.au;www.se.com;Shop 2/117 Rememberance Driveway;2573;Tahmoor;New South Wales;australia;
1005276;Cabled & Wired;4;1300812187;peter@cabled.com.au;;www.se.com;Unit 2, 7 Erith Street;2019;Botany;New South Wales;australia;
1005277;Cablewise Electrical & Communications;4;0892499299;service@cablewise.com.au;www.cablewise.com;www.se.com;2, 160 Beringarra Ave;6090;MALAGA;Western Australia;australia;
1005278;A.G. Coombs Pty Ltd;4;;ghart@agcoombs.com.au;;www.se.com;26 Cochranes Rd;3189;Moorabbin;Victoria;australia;
1005279;CBM CORPORATE;4;;ross@cbmc.com.au;www.cbm.com.au;www.se.com;UB 333 Charles St;6006;NORTH PERTH;;australia;
1005281;CDM Australia;4;0892024477;marks@cdmaust.com.au;;www.se.com;251-257 Scarborough Beach Road;6016;Mt Hawthorn;Western Australia;australia;
1005282;Celox Group Pty Ltd;4;0291943340;matt.jereb@celoxgroup.com.au;www.celoxgroup.com.au;www.se.com;Level 4, 545 Kent Street;2000;Sydney;New South Wales;australia;
1005283;Centorrino Technologies;4;1300888918;sales@ct.com.au;www.ct.com.au;www.se.com;640 Sydney Road;3058;Coburg;Victoria;australia;
1005284;Central Data Networks Pty Ltd;4;;support@cdn.com.au;www.cdnpacs.com;www.se.com;86 Auburn Street;2500;Wollongong;New South Wales;australia;
1005285;Cetnaj Murarrie;4;0730331550;;www.cetnaj.com.au;www.se.com;33 Miller St;4172;Murarrie;Queensland;australia;
1005286;Cetnaj Warners Bay;4;0240418300;;cetnajwarnersbay.com.au;www.se.com;U1 311 Hillsborough Rd;2282;Warners Bay;New South Wales;australia;
1005288;China Telecom (Australia) Pty Ltd;4;0293908868;jasonlin@chinatelecomglobal.com;;www.se.com;Suite 2 L10 50 Pitt St;2000;Sydney;New South Wales;australia;
1005289;ABIT SOLUTIONS PTY LTD;4;;akhil.sharma@abitsolutions.com.au;www.abitsolutions.com.au;www.se.com;PO BOX 1210;3075;LALOR;;australia;
1005290;Cirrus Networks;4;1800549616;info@cirrusnetworks.com.au;;www.se.com;level 28/108 St Georges Terrace;6000;Perth;Western Australia;australia;
1005291;CLD Electrical;4;0408003834;chris@cldelectrical.com.au;;www.se.com;Lilydale;3140;Lilydale;Victoria;australia;
1005292;CNW Electrical Bowen Hills;4;0738526888;;www.cnw.com.au;www.se.com;32 Abbotsford Rd;4006;Bowen Hills;Queensland;australia;
1005293;CNW Electrical Hobart;4;0362346111;;www.cnw.com.au;www.se.com;198-200 Campbell St;7000;Hobart;Tasmania;australia;
1005294;CNW Electrical Sydney / Alexandria;4;0283992022;;www.cnw.com.au;www.se.com;U1 29-33 Bourke Rd;2015;Alexandria;New South Wales;australia;
1005295;CNW Electrical Toowoomba;4;0746323955;;www.cnw.com.au;www.se.com;58A 60 Stephen St;4350;Toowoomba;Queensland;australia;
1005296;Comlinx;4;0417122233;cgluch@comlinx.com.au;;www.se.com;62 Robertson St;4006;Fortitude Valley;Queensland;australia;
1005297;Complete Systems Integrators Charlestown;4;0249422606;steve@csintegration.com.au;www.csintegration.com.au;www.se.com;281 Charlestown Rd;2290;Charlestown;New South Wales;australia;
1005298;Computer Alliance Pty Ltd;4;;willthomson@computeralliance.com.au;;www.se.com;1517 Logan Rd;4122;Mt Gravatt;Queensland;australia;
1005299;Computer Systems (Australia) Pty Ltd;4;0249151100;;www.csa.com.au;www.se.com;21 Annie St;2293;Wickham;New South Wales;australia;
1005300;Accucom Systems Integration;4;0288255555;glowbridge@accucom.com.au;www.accucom.com.au;www.se.com;Norwest Business Park;2153;Baulkham Hills;New South Wales;australia;
1005301;Computers Now;4;;phillip.miranda@compnow.com.au;;www.se.com;352 Ferntree Gully Rd;3168;Notting Hill;Victoria;australia;
1005302;Connect Power & Cabling;4;0755640600;richard@connecting.com.au;www.connecting.com.au;www.se.com;63-69 Hinde St;4214;Ashmore;Queensland;australia;
1005303;Conrad and Black Pty Ltd ATF;4;0746422999;sales@conradandblack.com;www.conradandblack.com;www.se.com;PO Box 177;4350;Harlaxton;Queensland;australia;
1005304;Consulting One;4;;helpdesk@consultingone.com.au;;www.se.com;55b Denham St;4700;Rockhampton;Queensland;australia;
1005305;Core Technology Partners;4;;hanht@coretechnologypartners.com.au;;www.se.com;12 809 Botany Rd;2474;Roseberry;New South Wales;australia;
1005306;Corporate Business Direct;4;1300000223;eranga.gihan@cbdirect.com.au;www.cbdirect.com.au;www.se.com;Suite 4 (Level 1);6006;Perth;Western Australia;australia;
1005307;COUNTERPARTS TECHNOLOGY;4;1300533354;sales@counterparts.com;www.counterparts.com;www.se.com;L 8 61 YORK ST;2000;SYDNEY;New South Wales;australia;
1005308;Country To Coast Cabling;4;0447273968;wain@ctocc.com.au;WWW.ctocc.com.au;www.se.com;PO Box 3652;4701;Red Hill Rockhampton;Queensland;australia;
1005309;cre.ative IT;4;0394866629;eliasa@creativeit.net.au;https://www.creativeit.net.au;www.se.com;132 Cremorne Street;3121;Cremorne;;australia;
1005310;Crisp Power and Control Pty Ltd;4;;service@crisppc.com.au;www.crisppc.com.au;www.se.com;Unit 2, 44 Success Street;4110;Acacia Ridge;Queensland;australia;
