Unique email list
wrzosel@wrzosel.pl
marcin@automatiq.pl
biuro@bwsystem.pl
aps@aps.pl
biuro@in-el.pl
biuro@inteligentny-budynek.pl
info@intelyo.com
biuro@intercontrols.pl
info@likon.pl
elektris@elektris.pl
biuro@mesti.pl
linteli@linteli.com.pl
tarnow@skamer.pl
torun@enexon.pl
rybnik@enexon.pl
piotrkow@enexon.pl
bialystok@enexon.pl
elk@enexon.pl
tychy@enexon.pl
kielce@enexon.pl
warszawa@enexon.pl
gorzow@enexon.pl
szczecin@enexon.pl
gliwice@enexon.pl
katowice@enexon.pl
stalowa@enexon.pl
rzeszow@enexon.pl
wroclaw@enexon.pl
lodz@enexon.pl
krakow@enexon.pl
jaroslaw@enexon.pl
poznan@enexon.pl
konin@enexon.pl
pulawy@enexon.pl
przemysl@enexon.pl
lublin@enexon.pl
ostrow@enexon.pl
bydgoszcz@enexon.pl
tarnow@enexon.pl
ostrowiec@enexon.pl
gdansk@enexon.pl
czestochowa@enexon.pl
fega@fega.com.pl
automatyka@grodno.pl
zielonagora2@ke.pl
bialystok@ke.pl
bydgoszcz@ke.pl
chmielnik@ke.pl
czestochowa@ke.pl
dabrowagornicza@ke.pl
debica@ke.pl
dzierzazno@ke.pl
dzierzoniow@ke.pl
garwolin@ke.pl
gdansk@ke.pl
gdansk2@ke.pl
gliwice@ke.pl
gostynin@ke.pl
grodzisk@ke.pl
grudziadz@ke.pl
glogow@ke.pl
jarocin@ke.pl
jastrzebie@ke.pl
jaslo@ke.pl
jaworze@ke.pl
jelenia.gora@ke.pl
kargowa@ke.pl
katowice@ke.pl
katowice2@ke.pl
katowice3@ke.pl
katowice@cptrade.pl
kedzierzyn@ke.pl
kepno@ke.pl
kielce@ke.pl
hurtkielce@ke.pl
komorniki@ke.pl
konin@ke.pl
konskie@ke.pl
koscielisko@ke.pl
kostrzyn@ke.pl
krakow3@ke.pl
krakow4@ke.pl
krapkowice@ke.pl
klodzko@ke.pl
legnica@ke.pl
leszno@ke.pl
lublin@ke.pl
miedzychod@ke.pl
mosina@ke.pl
nowa.sol@ke.pl
nowysacz@ke.pl
nowy.tomysl@ke.pl
ostrow@ke.pl
ostroleka@ke.pl
pobiedziska@ke.pl
dok@ke.pl
przemysl@ke.pl
radom@ke.pl
radomsko@ke.pl
rawicz@ke.pl
ruda.slaska@ke.pl
rybnik@ke.pl
rzeszow@ke.pl
siemianowice@ke.pl
sroda@ke.pl
staszow@ke.pl
strumien@ke.pl
sulechow@ke.pl
swidnica@ke.pl
swiebodzin@ke.pl
swiecie@ke.pl
szczawnozdroj@ke.pl
szydlowiec@ke.pl
slupsk@ke.pl
tarnowo.podgorne2@ke.pl
tomaszow@ke.pl
biuro.torun@ke.pl
turek@ke.pl
tychy@ke.pl
wagrowiec@ke.pl
warszawa@ke.pl
warszawa2@ke.pl
wroclaw@ke.pl
wroclaw3@ke.pl
zary@ke.pl
zbaszyn@ke.pl
zielonagora@ke.pl
lask@ke.pl
leczyca@ke.pl
maciej.piwowarski@ke.pl
lodz2@ke.pl
lodz3@ke.pl
wroclaw@mh-automatyka.pl
biuro@mh-automatyka.pl
sady@nowaelektro.pl
marcin.romanski@pneumatykanet.pl
nowysacz@elkag.pl
grybow@elkag.pl
nowytarg@elkag.pl
rzeszow@elkag.pl
krynica@elkag.pl
oswiecim@elkag.pl
sklep.turek@at-krotoszyn.pl
sklep.olawa@at-krotoszyn.pl
sklep.bielsk-podlaski@at-krotoszyn.pl
sklep.kolo@at-krotoszyn.pl
sklep.ostrow-kaliska@at-krotoszyn.pl
sklep.kamienna-gora@at-krotoszyn.pl
sklep.kepno@at-krotoszyn.pl
sklep.lancut@at-krotoszyn.pl
sklep.legnica@at-krotoszyn.pl
sklep.pleszew2@at-krotoszyn.pl
sklep.strzelce-opolskie@at-krotoszyn.pl
sklep.makow-mazowiecki@at-krotoszyn.pl
hurtownia.jarocin@at-krotoszyn.pl
sklep.jarocin@at-krotoszyn.pl
hurtownia@at-krotoszyn.pl
sklep.wroclaw@at-krotoszyn.pl
sklep.olesnica@at-krotoszyn.pl
sklep.chrzanow@at-krotoszyn.pl
sklep.pila@at-krotoszyn.pl
sklep.krotoszyn@at-krotoszyn.pl
sklep.srem@at-krotoszyn.pl
sklep.namyslow@at-krotoszyn.pl
sklep.milicz@at-krotoszyn.pl
sklep.konin@at-krotoszyn.pl
sklep.wronki@at-krotoszyn.pl
sklep.pultusk@at-krotoszyn.pl
sklep.klodawa@at-krotoszyn.pl
sklep.lubliniec@at-krotoszyn.pl
sklep.jarocin2@at-krotoszyn.pl
sklep.jelcz-laskowice@at-krotoszyn.pl
sklep.klodzko@at-krotoszyn.pl
sklep.poznan@at-krotoszyn.pl
sklep.ostrow-rynek@at-krotoszyn.pl
sklep.osielsko@at-krotoszyn.pl
sklep.debica@at-krotoszyn.pl
sklep.polkowice@at-krotoszyn.pl
sklep.poznan2@at-krotoszyn.pl
sklep.nysa@at-krotoszyn.pl
sklep.plock@at-krotoszyn.pl
sklep.gniezno@at-krotoszyn.pl
czestochowa@alfaelektro.pl
firma@xn--elektrogieda-mcc.com
sklep@elektryk.net.pl
staszow@elkag.pl
biuro@01partner.com.pl
biuro@andrem-ab.pl
biuro@elsa.pl
energoster@energoster.pl
krzysztof.stajnder@fmsol.pl
info@graphen.pl
listy@infracorr.com.pl
biuro@inster.pl
grzegorz.chlebosz@apismart.pl
baczewski@ira.pl
biuro@it-control.pl
przybylek.pawel@gmail.com
jaroslaw.tezycki@ltec.pl
piotr.kiliszek@maat4.pl
mariusz.miodowski@metrolog.com.pl
a.szymanski@asguard.pl
nwc@nwcontrol.com.pl
marek@paut.pl
wama@prek.com.pl
register.tacp@neostrada.pl
satchwell@torun.home.pl
t.andrzejewski@smartsys.pl
s.palubicki@sp.gda.pl
tomasz.urbanski@spie-agis.com
robert.malaczek@bms-serwis.com
info@sw-system.pl
bartlomiej.czado@elektroproces-it.pl
therma@therma-klim.com.pl
t.ziarko@unima2000.pl
adam.tarnawski@zsk.pl
biuro@matexcontrols.pl
arkadiusz.szpila@digicontrol.pl
biuro@e-maps.pl
w.pedzieszczak@vimar.pl
sekretariat@acelektro.pl
elbex@elbex.pl
biuro@electricon.com.pl
biuro@eegroup.pl
biuro@eleks.com.pl
biuro@elektroproces.pl
biuro@elektro-klim.pl
biuro@elektro-tb.pl
biuro@elektro-kom.net.pl
elmont@elektromontaz.com
biuro@elektromontaz.krakow.pl
sekretariat@elektromontaz.com.pl
meliks@onet.pl
info@elektrotermia.com.pl
biuro@elmax-hurt.pl
biuro@elmiko.biz
firma@eltar-energy.pl
oferty@energetykenergy.pl
biuro@einstal.com.pl
biuro@e-inwest.pl
torun.elkomtech@apator.com
biuro@enerlink.pl
biuro@gkelektro.com
rekrutacja@hgsolutions.pl
biuro@haberenergia.pl
kuba.kakareko@gmail.com
pozytel@prokonto.pl
biuro@budomax.pl
sekretariat@elstarelectric.pl
info@elmontaz.com.pl
biuro@astechnika.pl
biuro@edma.pl
info@res.rh.pl
revico@revico.pl
biuro@elektroteam.com.pl
biuro@sil4.pl
biuro@stermatik.pl
marcin.kot@stermatik.pl
wpp@wpp.biz.pl
dh@zae.pl
zenex@zenex.pl
biuro@automa.pl
t.gostkiewicz@gostkiewicz.pl
office@zpue.pl
adm@blaks.pl
bp@blumenbecker.com
biuro@dsfinwestycje.pl
centrala@dynamik.com.pl
michal.marko@a-lan.pl
piotr.parylak@absystems.pl
pawel.kolbicz@arpsystem.pl
silco@silco.pl
sim-tech@o2.pl
radek@it.sped.pl
grzegorz.markiewicz@statim.com.pl
biuro@stimo.pl
krzysztof.szweda@sunnet.pl
jacek.rebacz@symbit.pl
biuro@syntis.pl
robert.sienko@systemdata.pl
biuro@sztorm.eu
handel@technitel.pl
info@thomas-it.pl
radoslaw.skwira@tts.com.pl
ventus@ventus.pl
info@wachowiakisyn.pl
j.sroka@wasko.pl
ryszard.oliwa@worldit.com.pl
grzegorz.swiderski@xcomp.pl
apc@xylent.pl
kontakt@atende.pl
bakpol@bakpol.com.pl
bartlomiej.szponar@bechtle.com
biuro@bino.com.pl
brasco@brasco.com.pl
marcin.karolak@businesspower.com.pl
tomasz.pielat@adesco.pl
zeto@zeto.bialystok.pl
przetargi@cezarkomputery.pl
c.felus@cezar.pl
biuro@clarifity.pl
pawel.winek@cloud-power.pl
szymon.zwolinski@cocon.pl
mszamborski@cssbeskidy.pl
j.banowski@unikkon.pl
d.pozniak@datech.com.pl
robert.jackowski@dcserwis.eu
biznes@delkom.pl
michal.ruta@dreamiteam.pl
szelaznicki@edirect.pl
jsojka@e-tech.eu.pl
biuro@apjg.pl
biuro@emma-pc.pl
eokna@outlook.com
apc@eskom.com.pl
sieciownia@home.pl
biuro@exanet.pl
sprzedaz@fast.com.pl
serwis@fimapolska.pl
krzysztof.bugno@fortecait.pl
apc@geotechnology.pl
jacek.uljanicki@alligo.pl
info@grandmetric.com
biuro@gravizz.com.pl
piotr_j@ht.poznan.pl
biuro@henwar.pl
jacek.hawrylczak@ideaconcept.expert
pk@in-data.pl
anna.bragiel@innergo.pl
gbanasiak@i-s.com.pl
jacek.janiszewski@iqrc.pl
biuro@itpunkt.pl
jkopel@kamsoft.pl
jaroslaw.bankowski@komputronik-biznes.pl
grzegorz@artbi.eu
kkwiatkowski@kdevel.pl
biuro@ktktech.pl
justyna.rakoczy@logon.pl
amirek@robomatik.com.pl
krzysztof.wojarski@alterkom.pl
konsultant01@marktronic.pl
maxcon@maxcon.pl
sklep@msec.pl
info@mikrob.pl
jacek@mik.pl
kontakt@milestonedw.pl
biuro@mksystem.eu
andrzek.berntek@mxsolution.pl
filipiak@aodc.pl
andrzej.lodziana@netology.com.pl
handlowy@netz.pl
adam.mlynarczyk@newind.pl
marcin.sloma@ngroup.eu
ntt@home.pl
ustanczyk@ntipolska.pl
sprzedaz@olprint.com.pl
piotr.trzeciak@onesystem.pl
mchochon@opteam.pl
radoslaw.skwira@promise.pl
nikodem@optimaserwis.pl
komtechbis@gmail.com
pretor@pretor.pl
biuro@unisol.pl
waldemar.lignarski@q4net.pl
konrad.cieslak@qumak.pl
sebastian.jelinski@si4it.pl
