Unique email list
geral@bhb.pt
pentaline@pentaline.pt
geral@a-electrificadora.pt
filial@bifase.com
ag_lumiar@rexel.pt
ag_maia@rexel.pt
ag_porto@rexel.pt
ag_msul@rexel.pt
ag_torresvedras@rexel.pt
ag_viseu@rexel.pt
vianadocastelo@rodel.pt
vilareal@rodel.pt
geral@rodel.pt
areal@rolear.pt
lagoa@rolear.pt
lagos@rolear.pt
beja@rolear.pt
portimao@rolear.pt
vilareal@rolear.pt
contacto@rolearon.pt
ruipcl@electric.mail.pt
agueda@santosequelhas.pt
feira@santosequelhas.pt
gaia@santosequelhas.pt
pedrosilva@silvaluz.pt
lixa@electrosiluz.pt
sodisul@sodisul.pt
famalicao@tanqueluz.pt
coimbra@tanqueluz.pt
leiria@tanqueluz.pt
bifase@bifase.com
evora@tanqueluz.pt
maia@tanqueluz.pt
tomar@tanqueluz.pt
albufeira@tanqueluz.pt
setubal@tanqueluz.pt
fortedacasa@tanqueluz.pt
lisboa@tanqueluz.pt
geral@tomaralves.pt
caiadoalcanena@caiadoelectric.com
anibal.beltrao@transfopor.pt
info@virgiliooliveira.com
geral.portimao@zembe.pt
geral.faro@zembe.pt
lisboa@zembe.pt
caiadoalcobaca@caiadoelectric.com
caiadofigueira@caiadoelectric.com
caiadolisboa@caiadoelectric.com
madeira@alfilux.com
caiadomarinha@caiadoelectric.com
caiadopombal@caiadoelectric.com
pauloc@casadaslampadas.com
geral@celgarve.pt
jorge.santos@cinov.pt
viseu@cinov.pt
amperalbi_lda@hotmail.com
dsa.guimaraes@gmail.com
drvfx@sapo.pt
geral@electrobelarmino.pt
geral@electrorayd.com
montemor@electrorequetim.pt
evora@electrorequetim.pt
maia@electrosiluz.pt
gondomar@electrosiluz.pt
nuno.soares@armasul.com
forno@electrosiluz.pt
guarda@electrosiluz.pt
ovar@electrosiluz.pt
arrifana@electrosiluz.pt
leca@electrosiluz.pt
comercial@electrosiluz.pt
amial@electrosiluz.pt
canelas@electrosiluz.pt
geral@electrorequetim.pt
electrotecnica.cs@mail.telepac.pt
elpor@elpor.pt
povoa@elpor.pt
equipoenergias@gmail.com
geral@euroclario.pt
geral@faustoealmeida.pt
geral@fluxodeluz.com
comercial@hermannbiener.pt
geral@indusmelec.pt
joaquimcguerreiro@clix.pt
electricidade@jmm.pt
geral-jmcardoso@mail.telepac.pt
geral@lms.pt
marketing@miracaldas.pt
mtaron@sapo.pt
multitensao@gmail.com
julio.goncalves@barceltecnica.com
alvaro.andre@nbelchior.pt
geral@nortecnica.pt
nortecnica@nortecnica.pt
raul.mendonca@rcautomacao.pt
ag_amadora@rexel.pt
ag_gaia@rexel.pt
ag_algarve@rexel.pt
ag_aveiro@rexel.pt
ag_braga@rexel.pt
ag_fortecasa@rexel.pt
ag_leiria@rexel.pt
ag_povoa@rexel.pt
geral@2solutions.pt
luis.frazao@2wpm.pt
geral@aginformatica.com
filipe@desafioinformatico.pt
comercial@desinel.com
comercial@difa.pt
geral@digibarca.pt
digitall.febres@gmail.com
comercial@ds.pt
bras.araujo@divultec.pt
info@softinkstore.com
flavio@dotlink.pt
lfancaria@dualinfor.pt
marcojesus@autojulio.pt
eddil@eddil.pt
edigma@edigma.com
srodrigues@ediprinter.pt
mariofafe@gmail.com
geral@eisa.pt
electroaparatosvip@sapo.pt
electromartins@sapo.pt
electropessoa@gmail.com
albanet@albanet.pt
nelson.leal@electrocortes.pt
geral@empis.pt
miguel.santos@energytop.pt
a.candeias@equicalculum.com.pt
jolas@esferadofuturo.pt
empresas@espectro.pt
espitronica@espitronica.com
copia@albiprint.pt
com@eth.pt
it@evoleotech.com
evora@alenlogica.pt
comercial@f13pc.pt
rogerio@famasete.pt
farodata@farodata.pt
comercial@fast-inf.pt
folhinedita@gmail.com
forward.maneuver@gmail.com
geral@fozsistemas.com
guilherme.fnf@gmail.com
comercial@gib.pt
jandrade@gefguarda.pt
geral@gestebit.pt
adelaidemonteiro@gigatel.com
info@glandrive.pt
comercial@globalstep.pt
soraia@aes.pt
info@graphinfo.pt
comercial@grifin.pt
dpt_comercial@grincop.pt
oferreira@grupopie.com
paulobraga@gaplda.pt
albino.dias@guiatel.net
pedro@guisoft.net
comercial@hbarbosa.pt
geral@hcm.pt
jose.canas@safetech.pt
marketing@hes.pt
holos@holos.pt
francisco.mamede@hub.pt
p.cunha@hydra.pt
nuno.costa@ifamaq.com
comercial@imael.mail.pt
miguel.almeida@impordata.pt
info.pt@incentea.com
ruibras@inesting.com
americo.inflogin@sapo.pt
nuno.renato@almadados.pt
geral@info2000.pt
geral@inforomba.net
geral@inforcinco.com
helder@inforantunes.com
geral@inforarouca.com
joao@inforcavado.com
jvalente@inforlandia.pt
geral@inforlaser.pt
geral@inforlixa.pt
geral@amaralfernandes.com
geral@inforlousada.com
rui.candido@inforpuzzle.pt
msamuel@inforsam.pt
geral@inforsystem.net
noberto.pinto@infos.pt
comercial@ingenious.pt
geral@instalplus.pt
info@intermedia.pt
jose.oliveira@iptvtelecom.pt
info@itbpro.com
comercial@amarinfo.pt
comercial@itek.com.pt
comercial@ithstore.pt
info@jmsantosneto.pt
neri@jnics.pt
miguel@sorsi.pt
lansys@lansys.pt
leiriweb.paulo@gmail.com
joao.camacho@lenskape.pt
comercial@3wd.pt
ambicom@ambicom.pt
geral@ligadora.pt
geral@linhadagua.pt
nuno.melo@logicamix.pt
info@luvinfor.com
alexandraabreu@mmv.pt
info@ibox.pt
jose.castro@masterproxy.pt
comercial@mccomputadores.pt
geral@mcrinfor.pt
joaopissarra@megalocal.pt
andremo@andremo.com
orlando-n-ferreira@telecom.pt
osvaldo.rodrigues@mgo.pt
r.florencio@microjovem.net
luis.figueiredo@microlagos.pt
antoniopontes@microprocessador.pt
cristiano.carvalho@misterpuzzle.pt
luis.cardoso@mobiline.pt
geral@monogest.pt
montbranco@outlook.com
angelo.mr.silva@sapo.pt
geral@moreoffice.pt
tiagopassos@msim.pt
geral@netcom.pt
geral@new-vision.pt
m.florencio@novocabo.pt
geral@ofinel.com
josesantos@paginadoze.net
geral@aniboot.pt
teresa.oliveira@pamafe.pt
nuno.csantos@yahoo.com
thierry@proficopia.pt
geral@reallife.pt
lferreira@regra.pt
luis.pereira@ris2048.pt
comercial@lusomatica.pt
comercial@roox.pt
geral@netflow.pt
scalsoft@scalsoft.pt
geral@secis.pt
seguinf@seguinf.com
sfxcc@hotmail.com
cdoispontos.amorosa@gmail.com
j.pacheco@semicro.com
servinfedu@gmail.com
arc.net@sapo.pt
edna.queiros@sflag.pt
geral@sistemas-xxi.pt
geral@sitemaster.pt
geral@sofistica.com
info@soladvance.pt
luis.filipe@sulsis.pt
informa@svdi.pt
comercial@syswave.pt
pg@arl.pt
bernardo.pires@techdata.com
suporte.comercial@reditus.pt
danielfonsecaequilog@hotmail.com
paulo.silva@telcabo.pt
lojafaro@chip7.pt
magno.castroalves@transition-code.pt
sergio.inacio@trigenius.pt
comercial@truenet.pt
armando.santos@armandosantos.pt
comercial@tticonsult.net
anabelavieira@unitres.pt
geral@universis.pt
pedrocosta@grupovisabeira.com
geral@vitopal.pt
carlos.prospero@warpcom.com
geral@webmania.pt
amgomes@xpc.pt
geral@xpect.pt
isabelgoncalves@amlobo.pt
infor24.ars@gmail.com
lvale@asginfo.com
domingos@assec.pt
paulo.aguiar@assitec.pt
geral@astuto.pt
paulorosa@atlanticomp.pt
cristina.sousa@atlier.eu
comercial@atminformatica.pt
luis.faria@aup.pt
moises.pina@axians.pt
comercial@accessoriu.pt
bsetecomputer@gmail.com
bairrinformatica@gmail.com
bc.aveiro@bccentro.pt
geral@bcnsistemas.pt
armando.seixas@bechtle.com
ssequeira@beiranet.pt
mario.oliveira@beltraocoelho.pt
comercial@xptoinformatica.com
comercial@acji.pt
joel.gomes@bioenterprise.pt
geral@biotime.pt
geral@biotinteiro.com
ppinto@bitwise.pt
nuno.ribeiro@brandnewlife.pt
luis.frois@bravantic.com
sandra.matos@bmsi.pt
administracao@crr.pt
geral@cabologica.pt
cardozugest@gmail.com
xm.carlos@gmail.com
janecamj31@gmail.com
cmi@cmipro.com
portugal@caxisoft.com
carlos.baptista@consultech.pt
geral@ccsi.pt
coimbra@centralgest.com
lojavilareal@chip7.pt
geral@asinfor.pt
info@centrozero.com
cgeral@bigsolution.pt
sandro@cheaptrade.pt
info@chipland.pt
cigest@cigest.pt
rneves.martins@cilnet.pt
circulponto@sapo.pt
rui.miguel.martins@pt.clara.net
geral@clevertec.pt
comercial@coldsmart.pt
geral@activesys.pt
info@combitecnic.com
mail@comograma.pt
marketing@compta.pt
correio@compta.pt
duarte@condominioativo.net
jcondeco@connecting.pt
lferreira@copyvis.pt
lojapovoadovarzim@chip7.pt
comercial@costaecosta.pt
afonso@w3expers.pt
patriciasilveirinha@cpsconsultores.pt
geral@csoftsh.pt
ctel@ctel.pt
vitor@cunhaegomes.com.pt
rui.barros@dcsoftware.pt
suporte@datagate.pt
paulo.ferreira@decunify.com
deltadata@deltadata.pt
