Unique email list
info@factorpotencia.com
info@adaro.es
autecnia@autecnia.com
vila@bobinadosvila.es
dieman@dieman.net
digamel@digamel.com
contacte@easytecnic.com
info@lo-al.com
admon@electrodinamic.com
electrotarr@electrotarr.cat
exel.industrial@exelindustrial.com
comercial@korus.es
clientes@mahessa.es
taller@omegaelectricidad.com
ramon@pamplonaitalia.com
info@rigomallorca.com
info@rodamientos.net
info@rysel-sat.es
info@serviemcarfe.es
balear@gruposinelec.com
info@sistec-aut.com
marcosromera@sebeaza.com
gabyl@gabyl.com
alfredo@servofluid.es
ventas@syresa.es
syg@sygsa.com
info@peyman.es
info@tradevalencia.com
arganda@rexel.es
comercial@albadismelec.es
info@alevisal.com
electrosalamanca@electrosalamanca.es
gerencia@aseisa.es
info@aristosindustrial.es
aseisa@aseisa.es
compras@aseisa.es
oscar@battaner.com
gonzalo@battaner.com
admoncont@cadielsa.com
calsi@calsi.com
canteval@cantelec.es
cantelec@cantelec.es
tiendaweb@carlosalcaraz.com
gama@gamacomercial.com
candido@comesur.es
huelva@comesur.es
ventas@coelca.es
info@peralba.com
estepona@diegodiazlopez.com
murcia@dieman.net
manuel.folgar@digamel.com
luis.boado@digamel.com
lozanosl@lozanosl.com
enelca@enelca.es
delegacionlanzarote@dielca.com
delegacionchafiras@dielca.com
delegacionfuerteventura@dielca.com
delegacionsebadal@dielca.com
delegacionarinaga@dielca.com
delegacionsantacruz@dielca.com
info@dmiguel.net
ebrequalitat@ebrequalitat.com
enoses@e-noses.com
etelcan@etelcan.com
info@electrisolcanarias.com
electroaldis@electroaldis.com
alejandro@electroaviles.com
info@electroaviles.com
jorge@electroaviles.com
jacobo@electroaviles.com
plasencia@electromercantil.es
almendralejo@electromercantil.es
badajoz@electromercantil.es
caceres@electromercantil.es
leganes@electromercantil.es
info@electromeridional.com
electrodo@telefonica.net
ventas@elektrokamyr.com
esede@esedeelectric.cat
info.fuenlabrada@grupo-jarama.com
info@gobecam.com
gobesa@gobesa.com
arosa@kilovatiogalicia.com
santiago@kilovatiogalicia.com
manresa@grupoelectrostocks.com
oscar.garcia@kilovatiogalicia.com
emilio.lorenzo@kilovatiogalicia.com
ourense@kilovatiogalicia.com
antonio.amaya@gripoelectrostocks.com
zaragoza@grupojab.es
albacete@sindel.es
helmatel@helmatel.es
colin@hidrocantabria.com
tvga@hidrocantabria.com
info@hidrocantabria.com
impex@impexsubministres.com
indasacomercial@indasasl.es
adelgado@grupojab.es
calatayud@grupojab.es
cincasegre@grupojab.es
tudela@grupojab.es
levante@grupojab.es
teruel@grupojab.es
info@levantinadecuadros.com
info@lujisa.com
maprise@maprise.com
sama@maprise.com
erg@mesur.es
ricardo@meganor.eu
metalux@metalux.es
metaluxgalicia@metalux.es
navasola@navasola.com
info@gruponovelec.com
rafael.iturzaeta@rexel.es
palma@rexel.es
carlos.couceiro@rexel.es
lleida@rexel.es
burgos@rexel.es
cuenca@rexel.es
guadalajara@rexel.es
alcala@rexel.es
albacete@rexel.es
leon@rexel.es
tenerife@rexel.es
murcia@rexel.es
txirrita@rexel.es
bizkaia@rexel.es
malaga@rexel.es
logrono@rexel.es
menorca@rexel.es
alcobendas@rexel.es
hospitalet@rexel.es
valladolid@rexel.es
zaragoza@rexel.es
igualada@rexel.es
jaen@rexel.es
tudela@rexel.es
juancarlos.tello@rexel.es
alicante@rexel.es
grancanaria@rexel.es
javier.preciado@rexel.es
teruel@rexel.es
palencia@rexel.es
ciudadreal@rexel.es
boadilla@rexel.es
soria@rexel.es
ejea@rexel.es
bergara@rexel.es
valencia@rexel.es
orense@rexel.es
granada@rexel.es
granollers@rexel.es
soelca@soelca.com
soelcamiranda@soelca.com
info@sokoel.com
guerin.murcia@sonepar.es
guerin.elejido@sonepar.es
guerin.almeria@sonepar.es
comercial@antra.es
navarro@sumalec.com
andresgarzo@sumelca.es
manuelmoreno@sumelex.com
antoniopineda@sumelexzafra.com
joseantoniosierra@sumelex.com
eliasaliseda@sumelex.com
proveedores@sumelga.com
sumelgra@sumelgra.com
sevilla@sumelva.com
sumeba@sumeba.es
hola@coto.pro
segovia@essan.es
jgomezdetejada@sumelex.com
info.algete@grupo-jarama.com
info.colmenar@grupo-jarama.com
info@zamatel.com
gonzalo@2xmil.com
soporte@abax.es
ventas@acomputer.es
informacion@grupoversia.com
info@sademp.com
alejandro@sai-elche.com
diego.andrade@sancotec.com
info@martinderuedas.e.telefonica.net
jlbermejo@saltoki.es
bizkaia@saltoki.es
josemanuel4388@gmail.com
asac@asac.as
xlopez@saltoki.es
mlevit@saltoki.es
cpiquer@saltoki.es
iasenjo@saltoki.es
aruiz@saltoki.es
cyanez@saltoki.es
jl.jerez@asertech.com
salvador@gruptecsolar.es
erika@samtek.es
aitor@sanjuangrupo.com
joseluis@smo.es
rafael@sateica.es
rruiz@satplus.es
acisa@acisa.com
jose@saucin.com
scala@scala.es
info@alvearis.com
segocomputer@yahoo.es
info@sshinformatica.com
victor@gmail.com
info@seinale.com
velez@semael.com
info@senetic.es
j.munoz@adissinformatica.com
igor.puig@senyum.es
info@serbelinformatica.es
r.galan@sermicro.com
mjburguera@serban.es
comercial@sipsort.cat
jlbellido@hotmail.com
anna@sitvalles.com
comercial@informassague.com
yco@yco.es
compras@adicla.com
info@simtec.com
direccion@servicioselectronicos.es
info@tuproveedorinformatico.com
info@sib2b.es
info@informaticapavon.com
sitepeyac@sitepeyac.com
ofimaticos@mixmail.com
info@servimain.net
setalde@setalde.com
arinfo@arinfoweb.com
sandra@setiglobal.com
sigatech@sigatech.com
jose@sillercomputer.es
jesus@silvaniapc.es
incidencias@vlc.auren.es
carlos.palazon@sinelec-electric.com
gloria.lopez@gruposinelec.com
manuel.garcia@sinelec-electric.com
nord@gruposinelec.com
comercial@aiempresarial.com
xavi.r.canton@sinelec-electric.com
comercial@sirte.es
jmedina@sortsystems.es
lmarco@saitim.com
sdatos@sdatos.com
pedrourena@e-sistemas.net
saulr@exponet.es
comercial@canonceuta.com
aurbano@somarsa.com
info@sistemasdixitais.com
comercial@asystech.es
carlos.cabrera@sibaix.com
admon@sihsl.es
carmen.romero@simsl.es
monica@infoser.biz
enter4@enter4.es
sitic@solucionstic.com
carmeng@slot-serveis.es
javier@sm4sl.com
isidro.machin@smartplatform.es
asi24h@asi24h.com
eivissa.clientes@sociasyrossello.es
info@socored.es
sofesco@sofesco.com
jbc@softelmoli.cat
amorales@softline.es
j.hevia@softec.cloud
info@softindustries.com
dmateo@swgreenhouse.com
ruben@zancuda.es
compras@abcfloppy.com
juanjo@asistic.com
icasajus@vsolutions.es
contacto@soinin.com
ignaciomartinez@solucionesds.es
compras@euromaticasl.net
jlnieto@sia2003.com
administracion@iqplus.es
jgarcia@azultelecom.es
stp@stp.es
comercial@sosecal.es
administracion@asnetsi.com
administracion@solutia-it.es
josevicente.ivars@sonepar.es
joseandres.gallego@sonepar.es
ipernas@dielectroindustrial.es
asoin@asoin.com
enrique.fernandezgarcia@sonepar.es
iker.orueta@sonepar.es
alberto.maeso@sonepar.es
juanantonio.alvarez@sonepar.es
asinval@asinval.es
almacen.sevilla@sonepar.es
enric.perez@sonepar.es
ismael.neira@sonepar.es
hispanofil.calahorra@sonepar.es
hispanofil.valladolid@sonepar.es
comercial@asvitel.com
eduardo.perez@sonepar.es
josemiguel.yanguas@sonepar.es
fernando.ceballos@sonepar.es
hispanofil.burgos@sonepar.es
carandra@carandra.es
jeiras@sotronic.com
sat@sosmatic.es
comercial@sotesa.com
e.puig@spin.es
alexandre.llanses@starshotsoftware.com
info@athora.es
jlandujar@steinweb.net
juancarlos.llanos@stiva.net
comercial@stone-computer.com
fbazaco@alcala76.com
nuriagc@magserveis.com
laura.garcia@magserveis.com
mikelsubinas@subinas.net
suinsa@suinsadigital.com
e.sanchez78@hotmail.com
domingo@atigalicia.com
abchospitalet@abcgrup.com
ventas@urgon.es
suministradora@suministradora.com
sic@sic.es
carlos.fernandez@atlantic.es
sebeaza@sebeaza.com
emonfort@berdin.com
suministroselectricoscoslada@gmail.com
ignacio_sanchez_grimaldi@hotmail.com
compras@sehusol.com
info@summmh.com
jdiaz@atlantistecnologia.com
jorge@kainet.es
pilar.bl@supercompdigital.com
supratel@supratel.es
jordiaparicio@sygsa.com
fausto@syp-informatica.es
info@sysinformaticaibiza.net
sat@syscloudit.net
info@systray.cat
lixo@pentagramalalin.es
info@tac-group.com
consultores@atlantux.com
amartinez@tsyvalue.com
comercial@tangaloa.es
mmunoz@tangramsolutions.es
laura@tcxmicro.com
compras@sct.es
admin@team-automotion.es
info@teccom-za.com
angeles.lucena@globaltms.es
info@teclaordinadors.com
eugenio@atlasconsultores.com
igualada@tecnical.cat
jcizquierdo@tecnytran.com
mcarrascosa@taisa.com
info@tecnijanda.com
comercial@tecnobe.com
comercial@tecnocare.es
atlas_soft@atlasdigital.net
tecnodraw@tecnodraw.com
tecnofis@tecnofis.com
tecnograf@tecnografsistemas.es
tecmatica@tecmatica.es
colmenarviejo@pcbox.es
toy@taomicron.com
jordi.lopez@tcatnet.com
ghiguero@tarroba.net
adaraujo@teinfo2000.com
contacto@atomus.es
jteixido@aspix.info
comercial@telecomputer.es
msicart@tii.es
info@telefoniaempresarial.com
montse@telematic.cat
ejimenez@telenext.es
g.garcia@telinfor.es
lluis@tesla.es
pvl@tetrabit.com
mangel.atron@atroningenieros.com
pep.caelles@tginformatica.com
sasti@thelemontree.es
info@tiad.es
comercial@ticomsa.com
comercial5@todotelecom.com
info@c-systemreinosa.es
totimpressio@ti-bcn.com
tracom@tracom.info
ronald@travion.es
gema.esteban@audiotronics.es
informacion@trimedia.es
jtinformatica@jtinformatica.net
sat@twinlan.com
rafael@tysec.es
raul.gil@unatec.es
paco.labella@virtuality.es
pablo@universaldedatos.com
info@univertia.es
info@urbancel.com
lvo@vocorp.com
compras@vlc.auren.es
oscar.garrido@v-valley.com
sat@v7informatica.es
valektra@valektra.es
comercial@baser.es
fplazas@grupovalle.es
vallinelectricidad@vallinelectricidad.es
valnera@valenera.com
studium@studium.es
vascoinformatica@vascoinformatica.com
moises.medina@velorcios.com
compres@ausatel.cat
dmota@velsinia.es
vemesll@hotmail.com
psoler@venuetelecom.com
fernando.delcastillo@veolia.com
informacion@versia.com
info@viaintermedia.com
alejandro@grupo-coves.net
administracion@anrserviciosinformaticos.com
jbarrera@vidmargroup.com
ogarrido@vinzeo.com
antonio.tortosa@electrohine.com
virtualdesk@virtualdesk.es
soluciones@virtualip.net
balvarez@visionsegur.es
dalemany@s-vi.com
info@volton.es
info@vortexdigital.cat
vmvarela@vsm.es
c.sanchez@wattabit.com
miguel.martin@websdirect.es
srodriguez@wezengroup.com
acesa@acesa.es
agustin@wib.cat
jose@winsahp.com
info@xarxacontrol.es
oscar@xenoncomputer.com
comercial@ymant.com
info@zilink.com
agarcia@zaditel.com
agustin@electrodomesticosbombay.es
sergio.sanchez@zebratec.es
admin@zelanus.com
proveedores@avaforum.com
varios@zetanueve.com
info@zblleida.com
info@abf-interactiva.com
mrodriguez@avalora.com
valentin.alvarez@avantecnia.com
hector@avanzait.com
vicente.gonzalez@avenetit.es
soledad.nieto@avot.es
avtic@avtic.es
jlopez@axial3.com
pedidos@aymesa.com
bsg@bsg.es
ventas@byv.es
amontana@bme.es
baimelek@baimelek.es
baimen@baimen.es
jsaiz@baitic.com
a.gomez@itbusinessvision.com
barate2010@gmail.com
compras@bargatan.com
pascual.ortola@base10informatica.com
jose-ramon.fuertes@bechtle.com
piollamas@yahoo.es
info@beiser.es
dodero@bellcommspain.com
ventas@abaredes.com
alava@berdin.com
bmiquel@berdin.com
bilbao@berdin.com
arrasate@berdin.com
etovar@accionet.com
comercial@biclick.com
info@bigfootcomputers.es
mikel@bikuma.com
comercial@bcbinformatica.es
bitavis@bitavis.com
sabinga@bitbat.net
sanchez-beato@bits.es
manuelpalacios@bongrup.es
jesusbouzon@gmail.com
jsancho@ack.es
bricopc@gmail.com
rafael.delgado@bull.es
ignacio.jodar@bitec.es
info@btic.cat
mfranco@bytemaster.es
brezmes@cadielsa.com
jmvillar@ayesa.com
ventas@calat.com
jorge@ecocyf.com
jcparedes.3si@gmail.com
jose@cincoinfo.com
torras@grupcarol.com
ivan.jorge@casertel.net
rgarcia@cylsistemas.com
cbd@dirac.es
info@celma.es
comercial@iscom.es
jperal@ayesa.com
miguelangel@jasber.com
jesusll@cibindery.com
sat@cipinformatica.com
vsalanova@centria.es
joseluis@cerordenadores.info
silviav@cervi.es
general@cervillacomunicaciones.com
oscar@acusa.es
jgarciar@seidor.es
cnavares@grupocmc.es
compras@chatserveis.com
fsoriano@check-in.es
antihurto@checkpluseas.com
compras@ciberconsulting.eu
compras@cibersoft.es
ohidalgo@cicinformatica.com
oscar.vigo@cietecnologias.es
jesus@acysa.com
cinal@cinal.com
cintulsa@telefonica.net
fernando@cisaelectric.com
maite.garcia@ciset.es
compras@cistec.es
naya@cld.es
r.espinosa@cliatec.com
juanjo@cloespain.es
compras@codigo10.es
ctejero@codime.cat
adal@canadas.com
jreina@coevabcn.com
figueres@coevagi.com
coevagi@coevagi.com
pere.serradell@coevavic.com
juanramon@coindata.es
iloiarte@comymedia.com
oficina.cial1@comesur.es
informacion@comercialdigitalce.com
j.gil@adanet.es
castelldefels@grupcei.net
javierfernandez@ceosa.es
comercial@garestany.com
eperez@cmg.es
ubis@ubisinformatica.es
administracion@cydelectric.es
contacto@comnet-isp.com
comercial@adap.es
elena.busnadiego@comparex.es
administracion@complusoft.es
cemsa@cemsa.biz
administrador@compubilbo.com
info@compured.net
info@compusoft.es
computer-3@computer-3.com
mmorato@ontek.net
elopez@coelec.es
gestion@csur.net
compras@adeki.es
ferreras@ctnorte.com
david.romero@condalcomputer.com
manuelsaez@conemar.com
asalinas@configuraciones.net
comercial@csi.es
compras@controlp.es
carlos.rodriguez@librebit.com
ljmuniz@contelnet.com
coque@coqueinformatica.com
ricardo.puente@adlantia.com
info@123cya.com
josecarlos@coresystems.es
indata@indata.es
jj.garcia@covama.es
caguado@coyser.com
comercial@cpucomputers.es
info@cronus.es
crosvigo@crosvigo.com
javier.medina@csb.com
info@advantia.net
rrd@spyro.es
lmdelpino@delpicas.com
info@cuadroselectricosjm.com
celamancha@celamancha.com
info@cubitel.es
cxiome@cxiome.es
cyberhoteles@cyberhoteles.com
dac.informatica@telecable.es
info@dmelectronica.com
compras@aerohard.es
info@damal.es
d.diez@ados.biz
mdelacorte@dantia.es
correo@daratel.com
miguel.gaspar@datacontrol.es
malvarez@datakeeper.es
comercial@mildmac.es
ecomas@datalab.es
jose@datos-si.com
fnavarro@aesaequipamiento.com
llamora@datum.cat
dvillegon@gmail.com
declic@novimago.com
victor.delgado@vtr-sistemas.com
fco_javier_torres@dell.com
maite@dena-de.com
comercial@dertochip.com
compras@datinformatica.com
intesiscon@intesiscon.com
jose@elcos.es
3sis@3sis.net
qsanchez@afiven.es
pgila@destockfactory.es
diinysis@gmail.com
info@diarttic.com
info@comercialtpv.com
ciudadreal@dielectromanchego.com
jaen@dielectromanchego.com
albacete@dielectromanchego.com
alcala@dielectromanchego.com
toledo@dielectromanchego.com
vicente@grupomontes.com
alcazar@dielectromanchego.com
info@difusionelite.com
francisco.rodriguez@digamel.com
luiscardalda@digamel.com
david.martinez@digamel.com
jesus.crespo@digamel.com
sistemas@digitalartdesigners.com
ruben@digitalrioja.com
proveedores@quickmac.com
pedidos@aga-system.com
digitalvigo@grupodv.es
catarroja@dimae.com
granada@dimae.com
sevilla@dimae.com
dimel@sonepar.es
antonio@dinan.es
psanchez@dipromex.net
domenec.campos@diselectric.com
jordi.vila@diselectric.com
jfernandez@disai.net
disal68@hotmail.com
info@discoverit.es
dpto.comercial@ditecal.es
pedidos@mediaestudio.com
gestion@dismeva.es
jgallegof@seidor.es
ds@displaysolutions.es
dset@dset-solutions.com
material@agpinformatica.es
afandos@distelradio.es
juanmaturbo@hotmail.es
agimenez@distron.es
epacheco@divainf.com
gestion@divisait.com
dobrainformatica@dobrainformatica.com
compras@dr-pc.net
domovia@domovia.es
jacob@domocomm.net
informacion@agoratele.com
horacio@domoredes.es
info@doscenter.com
e.munoz@warp9.es
compras@dr-windows.com
comercial@dsgsoftware.com
duerolab@duerolab.com
antonio.ruiz@esonde.com
jhernanz@e-datta.com
administracion@eticdata.com
abr@agosa.es
ezizurkil@ezizurkil.eus
constantino@ecnasoft.es
walqa@ecomputer.es
datacentersolutions.es@econocom.com
victor@esei.biz
juanc_holtzinger@edasnet.com
comercial@edentechnology.es
anselmo.sedano@edisa.com
eiki@eikisis.com
info@eikondata.es
comercial@einco.es
almacenconsumible@gmail.com
pdominguez@elecnor.com
mario.aliaga@elecnor.es
mjaroso@electecnica.es
ofimadrid@electricidadguerra.com
c.santamaria@electricidadguerra.com
tecnologia@aheadlabs.com
electricidad.saiz@hotmail.com
eylda@eylda.es
marina_alta@hotmail.com
jesusvidal@electricitat-lalfori.com
amalia@electro1.net
jaime@electrojjsanjuan.es
juan.rozas@electromercantil.es
electronormalux@gmail.com
aidazu@aidazu.com
compres@electro-pla.com
info@electrodatosinformatica.es
pedroandujar@electrofiloeste.es
manuelmera@electrofiloeste.es
comercial@electroindel.com
info@comunicaciones.es
airod@airod.es
primitivo@electromat.com
info@edmcadiz.es
ruben@epirsa.com
info@electronicaarcomed.com
omar@edimar.com
eriosfer@hotmail.com
nmateos@olfer.com
leon@electrosoncastilla.es
fredy.g@aitsolucionesautomaticas.com
compras@electroson.com
comercial@eleko.es
sdiaz@eleko.es
info@elektraandalucia.com
comercial@elektraaragon.com
comercial@aitire.es
terrassa@elektracat.com
manresa@elektracat.com
barcelona@elektracat.com
jldiez@elektracat.com
jackson.mora@elektracat.com
olaberria@elektra-sa.es
valladolid@elektra-sa.es
donostia.comercial@elektra-sa.es
burgos.comercial@elektra-sa.es
carlos.palenzuela@al-tec.es
jose@elicad.com
sergio@ehsinformatica.es
victor@emosl.com
en-pc@telefonica.net
ruben.angaril@enactec.eu
fernando@albadismelec.es
contacto@endas.es
compras@endeos.com
energy4r@gmail.com
comercial@enfoque-si.com
info@eio.cat
info@grupoesentia.com
info@enttia.com
eponsb@epc3000.com
luisgalvez@epmtic.com
informatica@canongranada.com
fax@albertnewton.com
benito@ncsalzira.com
ramon.diazdelrio@erictega.es
jmel@escuda.cat
joseluis@esoj.es
egiraldez@esistemas.es
amirelec29@gmail.com
taller@ofyserlarioja.com
jmrosales@eurocabos.es
antonio@eurocenter-computers.es
comercial@activaicon.com
euroel@euroel.net
clientes@eurohard.es
sac@eurovia.es
suport@evol6.com
info@evolva.es
pepe.jimenez@exsi.es
comercial@exainformatica.es
r.marin@grupoftp.com
atencioncliente@tpoinformatica.com
gerardo@aldisor.es
jose.macias@fairhall.es
maria@pronetsi.es
comercial@sti-inca.com
alberto.gomez@fibratel.com
info@instalacionesfigueroa.es
pedro@filnet.es
lluis@ifilosa.com
compras@flextrade.net
correo@iflyp.com
gbao@flytech.es
castellon@alecas.com
comercial@fmvargas.com
administracio@formabinari.com
proveedores@informatia.es
fcogalante@msn.com
soporte@freelan.es
miquel@fronterapericas.es
fulcat@fulcat.com
alex.sanz@futurelectronica.com
info@g4dealer.com
administracion@gdsystems.es
earenales@alerce.es
coruna@galektra.es
iago.perez@galektra.es
fgodoy@gainsa.com
mclopezmendoza@coitilpa.org
pcboxvilagarcia@gmail.com
info@gamoinformatica.com
juan@macromatica.com
gging@gging.com
gaditec@gaditec-bcn.com
jgi@jgi.es
proveedores@ayringenieros.es
info@alescosystem.com
info@garmasl.com
inaki@gasteiz-ce.com
fgd@aplium.com
gpv@generalde-pesaje.com
componentesjs@gmail.com
comercial@gersa.es
jv@gesener.com
gesin@gesin.net
comercial@gesintel.com.es
info@giasl.com
f.racionero@aleson-itc.com
comercial@gestionlan.com
jisla@gextcomputer.com
gerardjm@geyma.com
comercial@gigatec.es
oarreba@gisaconsultores.com
global@correoglobal.com
terriza@globaljsp.com
j.prada@global-ip.es
mail@gnd.es
marcos.rego@goahd.com
asantos@alfosan.com
ofertas@gomezmaqueda.com
info@infotech2007.com
nortconsulting@nortconsulting.net
ventas@grd.es
tecnico@grupoinnion.com
cramos@e-gade.com
fernando@grupoe23w.es
valerio.rodriguez@grupoelectrostocks.com
compras@algoritmoingenieria.com
jordi.jordan@grupoelectrostocks.com
alberto.lao@grupoelectrostocks.com
miguel.a.caceres@grupoelectrostocks.com
t.serrano@almatech.es
fs.valencia@grupoelectrostocks.com
miquel.vido@grupoelectrostocks.com
nacho.robledo@grupoelectrostocks.com
martorell@grupoelectrostocks.com
iolanda.torres@electro-stocks.com
manuel.alvira@grupoica.com
just.caballero@gruponoria.com
mlopez@borama.es
pedidos@tbc.com.es
alesur@alesur.com
ontinyent@sindel.es
albert.cardona@sonepar.es
ramonguillen@rgcinformaticos.com
hcanet@hecbertsystems.com
info@hermasl.es
faguilera@hermesinteractiva.com
ljherrador@pacific-computers.es
juanjo@tiempo.com
ohernando@he4.es
jtafalla@hiberus.com
hidronav@hidronav.com
burguillos.hiperoffice@gmail.com
raul.lopez@hsi.es
jmpastor@irdtelecom.net
carmelo@i2s.es
info@ibermatik.com
ventas@ibersystem.com
compras@altecsoft.com
enrique.bernao@ibertech.es
icomtec@icomtec.es
jduran@icot.es
j.felix@idci.pro
jesus.cortes@ideaconsulting.es
comercial@idunasistemas.com
itec@imagitec.es
rcarne@opennet.es
acoll@novatec.biz
joaquim.altafaja@itadvisory.es
comercial@isaspain.com
incadys@incadys.com
jvalles@inducontrol.com
cgirgas@industrialgines.com
mauricio@inetglobal.es
info@infinitel.com
info7@info7.cat
compras@ipgrup.com
pllamas@infobarna.com
felix.bernuz@adqa.com
evelyne.payet@altair-networks.com
svv@icsm.eu
info@infogest2000.com
info@infologic.cat
josem.nunez@infomicro.es
infonova@info-nova.com
info@inforcon.es
javier@inforday.es
altelectric@altorricon.com
jvidal@infordisa.com
inaki@inforline.net
inforarenteiro@gmail.com
angeliano@astron.es
fernando@ayerdi.net
info@icarpio.com
crom@cromysat.com
david_algobia@iecisa.com
jperez@altim.es
ie@infores.es
javier.pages@informatica-forense.es
bgalapagar@beep.es
info@isistemes.com
gestion@imazymate.com
jballbe@in2sa.cat
murada@infomurada.com
ims2000@ims2000sl.com
info@jpd-informatica.com
info@informaticasanfermin.com
eduardo.malpica@altitude.com
mtoledano@isc.es
compras@invi.net
aescobedo@informaticayfuturo.es
fcojavierrh@informaticayuste.com
raimon@mibripoll.com
inforpen@inforpen.com
info@inforvent.es
infosanchis@ono.com
info@infoserveis.cat
mariaeleola.garcia@amealbacete.es
manuel.mateo@infotecnika.com
ramon.mengibar@ip-systems.es
comercial@ingenia.es
info@i-sistem.com
informatica@garapen.es
fjurado@ieaisa.es
isei@isei.es
enrique.yudes@icr-sa.com
partner@ingens-networks.com
javier.perezs@grupoamper.com
inges@inges.es
info@inigen.com
jorge@initech.es
info@allprint.es
info@innpo.es
francisco.garcia@inserty.net
pere.galan@hotmail.com
victor@instalcala.com
jecasl@hotmail.com
aimsa@infonegocio.com
instalaciones@imanzanera.com
beatriz.graus@inycom.es
ejimenez@integracanarias.com
miguel.andres@its-security.es
intelekzornotza@gmail.com
jalonso@ipconecta.com
inwebnet.contacto@gmail.com
toniao@iobi.es
info@iomo.es
fernandopesu@quivir.com
ips@ipsleon.com
jonandoni@irontec.com
info@isdelgado.es
admin@iscopyme.com
info@itcm.es
xpruna@itglobal.es
joaquin@itscantabria.es
xaviersl@ixalt6.com
francisco@jfinformatica.es
jesus.martinez@aseisa.es
comercial@fontun.com
fernando@javyser.net
pepe@jchantenas.es
jepal@jepal.net
administracion@jmcinformatica.com
compras@jgnsl.com
comercial@infortool.es
jmofimatica@hotmail.es
jon.saldana@dosys.es
comercial@tekno2000.com
juancarlos@01informatica.es
julmatic@julmatic.es
afernandez@kenus.es
mgalvin@keytron.com
comercial@kinyo.es
lluisvera@klosions.com
a3networks@a3networks.com
info@anima-its.com
comercial@kopidin.com
informatica@kuruma.es
fpanteonj@lrinformatica.es
noe.martinez@laelectrica.com
labelkey@labelkey.es
tecnico@lsisa.com
cm@lancomputer.com
laskar@laskar.es
tch@lasosl.com
info.antelica@gmail.com
lauraestevezbaz@gmail.com
info@lcsistemas.com
lemon@lemon.es
info@lgtowersoft.com
emperez@liderit.es
comercial@limit4.com
info@llum5.com
fandray@logiccontrol.es
raul@lopacan.com
info@antenascasanas.com
simon.gonzalez@lositron.com
arioja@ltisistemas.net
jfortes@berdin.com
info@luzyhogar.com
comercial@mhermida.com
info@magdaprats.com
agvaquero@magicblockengineers.com
info@tuordenador.com
info@anchamar.com
magtel.sistemas@magtel.es
compras@main-informatica.com
rgalan@mainservice.es
apphenares@gmail.com
juan_sanchez@maosa.es
adelama@mym.es
joan@noudata.es
comercial@mardukonline.com
joseantonio@anpasa.es
comercial@softmarka.es
compras@mgofimatica.es
ana.turismos@gmail.com
olmedo_perez@hotmail.com
mcasquel@matasramis.com
vmartin@matedi.com
rai@maype.com
info@mausgrup.com
info@maxosystem.com
comercial@maxtorsystem.es
anursis@anursis.com
info@mayday.cat
mcmlabs@gmail.com
honorio@mecaintegral.com
mfmula@mediabox.es
info@mediosav.com
info@medusapro.com
soporte@meetinkpoint.com
info@megasiem.com
tienda@anvimur.com
orodriguez@mercadoactual.es
informatica@mercantildeinformatica.com
info@mercantilelectrico.com
info@mercasat.es
mersol-@hotmail.com
oscar@merlos-infor.com
metolargi@gmail.com
info@microcompostela.com
correu@microseu.com
fran.fernandez@microalcala.com
belen.dominguez@microblanc.es
microchip@burlada.net
micropolis@micropolis.es
comercial@microter.es
apb@apbcomputers.com
pablo@microtools.es
info@midworld-networks.com
admon@mikosinside.com
j.izquierdo@mirame.net
compras@miscanti.com
juan.robledo@systemax.com
josecuenca@mits-informatica.com
mariano@mobigama.es
elmismo@jocamo.es
comercial@central.aplitec.com
moninformatic@moninformatic.es
angelpascal@egauss.es
juanmapd@hnosplata.com
morenoinformatica@morenoinformatica.com
mpsuministros@telefonica.net
manuel@munielloelectricidad.com
tudela@muninfor.com
juan.malaga@ncs.es
guillermo.piquer@muntanerelectro.com
abne@abenet-system.com
vema@depau.com
info@appalcaniz.es
info@narciso.biz
nasertopline@nasertopline.com
natronic@natronic.es
joaquin@navarmedia.com
info@nrinformatica.com
toni@nb-lliria.com
josep.ros@ncora.com
jlcasaus@aquads.com
jelcacho@nearcrumbs.com
ernestomartinez@netquality.es
mjsimon@netblue.es
comercial@netbrain.es
rafimartin@netdown.es
aha@netelec.com
paz.alonso@neticinformatica.com
sat@zaragozarepara.es
info@netspark.eu
marketing@gruponcl.com
cliente@nexus5.com
nexus@cyberastur.es
diego.dorado@nomatch.es
comercial@normicro.es
liron@nosoloweb.com
alex.rodriguez@notpaper.es
jose@novatedi.es
pedro.santiyan@gruponovelec.com
dvillanuevaes@yahoo.es
lorenzo.rodriguez@gruponovelec.com
francisco.garcia@novelec-electric.com
francesc.luis@araiz.es
pablo.montes@novelec-electric.com
mario.cuerdo@gruponovelec.com
oscar.carnicer@gruponovelec.com
rafaortiz.moreno@gruponovelec.com
albertreverte@nrd.es
ignacio.herrero@lanbase.es
santiago.nebreda@global.ntt
mmartinez@nuetec.es
compras@odiseainformatica.com
jcyusta@officeaspects.com
comercial@oficopyer.com
info@ofima.cat
ofimat@ofimat.cat
joseantonio@ofisur.es
comercial@ogsinformatica.com
info@olimatica.com
pfonts@omega-peripherals.com
comercial@onbitinformatica.com
comercial@docutel.es
humbert@abox.com
daniel.juvillar@araiz.es
carlos.borras@onutech.com
david@opconinformatica.com
sistemas@opencanarias.es
carmen.heredero@openup.es
hard@opentix.es
ap@aplicontrol.com
antonioagudo@opex.es
joseandres@orexsa.com
comercial@orionsistemes.com
info@arbros.es
javizcaino@orvi-s.es
osmos@osmos.es
comercial@osonaprogramacio.com
comercial@oticelsistemas.com
avelino@ourenmatel.com
ventas@iasolucions.com
pedidos@jofreoffice.com
vr@passer.es
marianopastor@pastor-tec.com
info@climaspain.com
compras@arditec.es
support@pccomponentes.com
comercial@pctelecomunicacions.com
fernando@pctenerifeservice.es
jpc@grupopc.net
pcsgalicia@pcsgalicia.com
fgonzalez@pedregosa.es
comercial@flipflopcomputers.com
ismpg@hotmail.es
info@clinicainformatica.es
gberganza@peisa.com
sat@abacois.es
info@areaproject.com
amartinez@peisa.com
jvivo@peisa.com
ventas@nafcom.es
enrique@pinaglia.com
info@ariadna3.com
vp@pik-info.com
comercial@planesnet.com
tecnico@pcvinformatica.com
j.elduayen@poo.es
portarix@hotmail.com
info@areavoip.com
info@portatilesdelsureste.com
mtejo@powernet.es
bburela@beep.es
antonio.priego@pripea.es
pb.menendez@prisma-i.com
comercial@proserver.es
tony@proin.es
contacto@pridasevilla.com
anna@procesos.com
argiluz@sea.es
info@procomdigital.com
jramon@peisa.com
jnoguera@peisa.com
info@pro-it.es
administracion@ariadnasoftware.com
comercial@prosiscat.com
proinfo@proinnet.com
roque@proinsermant.com
cquintan@protedoac.com
info@proteksa.com
antonio@provideo.es
mrubio@pil.es
direccion@pryades.com
info@pulsarinara.com
jorge@arisnova.com
maria@q-dos.es
jaime.saavedra@altia.es
compres@quopiam.com
info@qwerty.es
jljerez@vianuwe.com
sat@rsbsoft.com
r2yum@r2yum.com
josefina@deico.es
gerencia@suministroselectricosrojas.es
arelsa@arelsa.com
info@readysi.es
ecosierra1@gmail.com
tomas@petrolpc.es
redk3@redk3.com
redpc@redpcsl.com
comercial@rsc.es
miguelangel.arribas@redes.name
info@redisoft.es
sbartolome@redytel.es
compras@refitel.com
comercial@armu.es
angel.rodriguez@reinmedical.com
sofecom@sofecom.com
info@ofizona.com
repro@reprocircuit.com
ana@reprosat.net
mariano.esteban@rexel.es
jmgarcia@abm.es
rmorejon@abm.es
jmromero@abm.es
ays@aysinformatica.com
pmolla@abm.es
roberto.formoso@rexel.es
francisco.moya@abm.es
newtonsport@hotmail.com
diego.perez@rexel.es
arretaz@arretaz.es
fsanchez@abm.es
rexus@rexusinformatica.com
tecnoson@tecnoson.es
fernando@rfmsoft.com
arnau@rgbconsulting.com
joseramon@riojatelecom.com
informatica@ritmas.com
maria.diz@robingal.com
robit@robit.es
partner@arriarcetci.com
correo@robytel.com
cti@cticantabria.com
roferelectricidad@hotmail.com
jrs@rsmicro.es
rsimad@rsi.es
info@rsi-soft.com
david@rumabe.es
tomasespinosa@secorsa.com
