Customer number;Customer name;Customer type;Number;E-mail;Address;Remark;Address row 1;Zip code;City/Province;State/Region;Country;
999801;WRZOSEL Tadeusz Bartnicki, Jerzy Chudanski Spolka komandytowa;4;+48566528400;wrzosel@wrzosel.pl;www.wrzosel.pl;www.abb.com;ul. Maszynowa 19;87-100;Torun;kujawsko-pomorskie;Poland;
999879;AUTOMATIQ Sp. z o.o.;4;+48694771199;marcin@automatiq.pl;www.automatiq.pl;www.abb.com;ul. Skladowa 9;62-081;Przezmierowo;wielkopolskie;Poland;
999908;BW-DESIGN;4;+48605115715;biuro@bwsystem.pl;www.bwsystem.pl;www.abb.com;ul. Raclawowka 283C;36-047;Niechobrz;podkarpackie;Poland;
1000115;APS Automatyka Pomiary Sterowanie S.A.;4;+48857483400;aps@aps.pl;www.aps.pl;www.abb.com;ul. Mickiewicza 95F;15-257;Bialystok;podlaskie;Poland;
1000236;Hirschmann Hirschmann Dorota;4;+48228700200;biuro@in-el.pl;www.in-el.pl;www.abb.com;ul. Radziwie 5 lok. 157;01-164;Warszawa;mazowieckie;Poland;
1000268;Inteligentny Budynek Polska Sp. z o.o.;4;+48666011160;biuro@inteligentny-budynek.pl;www.inteligentny-budynek.pl;www.abb.com;ul. Wislanego Nurtu 3;04-987;Warszawa;mazowieckie;Poland;
1000269;INTELYO Sp. z o.o.;4;+48222138230;info@intelyo.com;www.intelyo.com;www.abb.com;ul. Zelwerowicza 4/4;02-928;Warszawa;mazowieckie;Poland;
1000271;InterControls;4;+48614152962;biuro@intercontrols.pl;www.intercontrols.pl;www.abb.com;ul. Winogrady 43/47;61-663;Poznan;wielkopolskie;Poland;
1000315;LIKON;4;+48606486811;info@likon.pl;www.likon.pl/;www.abb.com;OWCZARSKA 11;01-352;Warszawa;mazowieckie;Poland;
1000324;Maciej Tomczyk Elektris;4;+48780007178;elektris@elektris.pl;www.elektris.pl;www.abb.com;ul. Ignacego Dobrogojskiego 30A;61-692;Poznan;wielkopolskie;Poland;
1000349;MESTI Sp. z o.o.;4;+48607875737;biuro@mesti.pl;www.mesti.pl/;www.abb.com;ul. Chemiczna 2A;61-013;Poznan;wielkopolskie;Poland;
1000923;Linteli Sp.z o.o.;4;+48616247677;linteli@linteli.com.pl;www.linteli.com.pl;www.abb.com;Zakrzewo, Ul. Poziomkowa 10;62-070;Dopiewo;wielkopolskie;Poland;
1000989;P.U.P. Skamer - ACM Sp. z.o.o.;4;;tarnow@skamer.pl;www.skamer.pl;www.abb.com;ul. Rogoyskiego 26;33-100;Tarnow;malopolskie;Poland;
1001196;Legrand;4;;;www.legrand.pl;www.legrand.com;Legrand Polska Sp. z o.o. - ul. Domaniewska 48 02-672 Warsaw Pologne;;;;poland;
1012961;AC/DC Electric Artykuly Elektrotechniczne;4;+48586614849;;;www.se.com;Morska 107/109;81-222;Gdynia;Pomorskie;poland;
1012963;Bargo Sp.z o.o.;4;+48227892811;;;www.se.com;Pilsudskiego 16;05-420;Józefów;Mazowieckie;poland;
1012964;ELZAP Elektrotechnika Sp. z o.o.;4;+48748523109;;;www.se.com;Slaska 19;58-100;Swidnica;Dolnoslaskie;poland;
1012965;Enexon;4;+48566563922;torun@enexon.pl;;www.se.com;ul. B. Chrobrego 145/147;87-100;Toruń;Kujawsko-Pomorskie;poland;
1012966;Enexon;4;+48322350217;rybnik@enexon.pl;;www.se.com;ul. Gliwicka 103;44-200;Rybnik;Slaskie;poland;
1012967;Enexon;4; +48446490265;piotrkow@enexon.pl;;www.se.com;ul. Wysoka 19;97-300;Piotrków Trybunalski;Lodzkie;poland;
1012968;Enexon;4;+48857482185;bialystok@enexon.pl;;www.se.com;ul. Ryska 1;15-008;Białystok;Podlaskie;poland;
1012969;Enexon;4;+48876218754;elk@enexon.pl;;www.se.com;ul. Jana Kilińskiego 11;19-300;Ełk;Warminsko-mazurskie;poland;
1012970;Enexon;4;+48323271918;tychy@enexon.pl;;www.se.com;ul. Damrota 163;43-100;Tychy;Slaskie;poland;
1012971;Enexon;4;+48413473460;kielce@enexon.pl;;www.se.com;ul. Oskara Kolberga 17;25-620;Kielce;Swietokrzyskie;poland;
1012972;Enexon;4;+48226778546;warszawa@enexon.pl;;www.se.com;ul. Kolneńska 4;02-242;Warszawa;Mazowieckie;poland;
1012973;Enexon;4;+48957257622;gorzow@enexon.pl;;www.se.com;ul. Podmiejska-Boczna 16;66-400;Gorzów Wielkopolski;Lubuskie;poland;
1012975;Enexon;4;+48914878778;szczecin@enexon.pl;;www.se.com;ul. Santocka 39;71-126;Szczecin;Zachodnio-Pomorskie;poland;
1012976;Enexon;4;+48323350629;gliwice@enexon.pl;;www.se.com;ul. Chorzowska 113;44-100;Gliwice;Slaskie;poland;
1012977;Enexon;4;+48322039402;katowice@enexon.pl;;www.se.com;Gzichowska 115 lok. nr 4 BĘDZIN;42-500;Katowice;Slaskie;poland;
1012978;Enexon;4;+48158440151;stalowa@enexon.pl;;www.se.com;Solidarności 2C;37-450;Stalowa Wola;Podkarpackie;poland;
1012979;Enexon;4;+48178542855;rzeszow@enexon.pl;;www.se.com;ul. Przemysłowa 8;35-105;Rzeszów;Podkarpackie;poland;
1012980;Enexon;4; +48713546150;wroclaw@enexon.pl;;www.se.com;ul. Armii Krajowej 61;50-541;Wrocław;Dolnoslaskie;poland;
1012981;Enexon;4;+48422532575;lodz@enexon.pl;;www.se.com;ul. Brukowa 8;91-341;Łódź;Lodzkie;poland;
1012982;Enexon;4;+48126530240;krakow@enexon.pl;;www.se.com;ul. Kornela Makuszyńskiego 22a;31-752;Kraków;Malopolskie;poland;
1012983;Enexon;4;+48166233284;jaroslaw@enexon.pl;;www.se.com;ul. Władysława Reymonta 2;37-500;Jarosław;Podkarpackie;poland;
1012984;Enexon;4;+48616464394;poznan@enexon.pl;;www.se.com;ul. Jana Czochralskiego 15;61-248;Poznań;Wielkopolskie;poland;
1012986;Enexon;4;+4863245-70-03;konin@enexon.pl;;www.se.com;ul. Spółdzielców 46/1P;62-510;Konin;Wielkopolskie;poland;
1012987;Enexon;4;+48818885025;pulawy@enexon.pl;;www.se.com;ul. Dęblińska 6a;24-100;Puławy;Lubelskie;poland;
1012988;Enexon;4;+48166751315;przemysl@enexon.pl;;www.se.com;ul. Gen. Jakuba Jasińskiego 32;37-700;Przemyśl;Podkarpackie;poland;
1012989;Enexon;4; +48814417303;lublin@enexon.pl;;www.se.com;ul. Budowlana 10a;20-469;Lublin;Lubelskie;poland;
1012990;Enexon;4; +48627357755;ostrow@enexon.pl;;www.se.com;ul. Radłowska 10;63-400;Ostrów Wielkopolski;Wielkopolskie;poland;
1012991;Enexon;4;+48523663935;bydgoszcz@enexon.pl;;www.se.com;ul. Łęczycka 59;85-737;Bydgoszcz;Kujawsko-Pomorskie;poland;
1012992;Enexon;4; +48146293121;tarnow@enexon.pl;;www.se.com;ul. Hodowlana 6;33-100;Tarnów;Malopolskie;poland;
1012993;Enexon;4;+48412564662;ostrowiec@enexon.pl;;www.se.com;ul. Jana Kilińskiego 39;27-400;Ostrowiec Świętokrzyski;Swietokrzyskie;poland;
1012994;Enexon;4;+48583422103;gdansk@enexon.pl;;www.se.com;ul. Śnieżna 5;80-544;Gdańsk;Pomorskie;poland;
1012995;Enexon;4;+48343671472;czestochowa@enexon.pl;;www.se.com;ul. Dekabrystów 68/76;42-200;Częstochowa;Slaskie;poland;
1012996;Castorama Polska Sp. z o.o.;4;+48182630100;;;www.se.com;Szaflarska 176;34-400;Nowy Targ;Malopolskie;poland;
1012997;ETAK Sp. z o.o.;4;+48338423388;;;www.se.com;Chemików 9C;32-600;Oswiecim;Malopolskie;poland;
1012998;EWPOL Automatyka Przemysłowa Paweł, Ewa Weretko Sp. J.;4;+48713414922;;;www.se.com;Balzaka 89;52-437;Wroclaw;Dolnoslaskie;poland;
1012999;FEGA Poland Sp. z o.o.;4;+48713760900;fega@fega.com.pl;www.fega.com.pl/;www.se.com;Fabryczna 17;53-609;Wrocław;Dolnoslaskie;poland;
1013003;Fega Poland Sp. z o.o.;4;+48323583740;;;www.se.com;al. Roździeńskiego 190B;40-203;Katowice;Slaskie;poland;
1013005;Fega Poland Sp. z o.o.;4;+48158434820;;;www.se.com;Handlowa 1B;37-450;Stalowa Wola;Podkarpackie;poland;
1013007;Castorama Polska Sp. z o.o.;4;+48178613100;;;www.se.com;Rejtana 67;35-959;Rzeszów;Podkarpackie;poland;
1013009;Firma Handlowo Uslugowa EL-MARK Roman Czyz;4;+48338551128;;;www.se.com;GórnoSlaska 32C;43-460;Wisla;Slaskie;poland;
1013018;Castorama Polska Sp. z o.o.;4;+48328273100;;;www.se.com;Warszawska 186;43-300;Bielsko-Biala;Slaskie;poland;
1013021;GRODNO S.A.;4;+48322530890;;;www.se.com;Kosciuszki 227;40-600;Katowice;Slaskie;poland;
1013029;Castorama Polska Sp. z o.o.;4;+48126194100;;;www.se.com;Pilotów 6;31-462;Kraków;Malopolskie;poland;
1013040;Castorama Polska Sp. z o.o.;4;+48122939100;;;www.se.com;Zakopianska 62;30-418;Kraków;Malopolskie;poland;
1013042;GRODNO S.A.;4;+48228159145;automatyka@grodno.pl;;www.se.com;Marsa 46A;02-246;Warszawa;Mazowieckie;poland;
1013051;Castorama Polska Sp. z o.o.;4;+48166794100;;;www.se.com;Lwowska 17;37-700;Przemysl;Podkarpackie;poland;
1013062;Castorama Polska Sp. z o.o.;4;+48146377100;;;www.se.com;Nowodabrowska 127;33-100;Tarnów;Malopolskie;poland;
1013067;Grupa Forum-Rondo sp. z o.o.;4;+48257871810;;;www.se.com;Morszkow;08-304;Jablonna Lacka;Mazowieckie;poland;
1013068;Hurtownia Artykulow Przemyslowych MEGA Sp. J. K. Cetnar, B. Budzik;4;+48663850380;;;www.se.com;Kasprowicza 5;38-200;Jaslo;Podkarpackie;poland;
1013069;Hurtownia Elektroinstalacyjna BaRGo Sp. z o.o.;4;+48227686767;;;www.se.com;Kolejowa 223;05-092;Lomianki - Dziekanów Polski;Mazowieckie;poland;
1013070;Hurtownia Elektryczna MEGAel;4;+48146300300;;;www.se.com;Moscickiego 155;33-100;Tarnów;Malopolskie;poland;
1013071;Hurtownia Elektryczna MEGAel;4;+48146117025;;;www.se.com;20 Stycznia 50;32-700;Bochnia;Malopolskie;poland;
1013072;Hurtownie Elektryczne KOPEL Sp. z o.o.;4;+48343610843;;;www.se.com;Sikorskiego 13/1;42-200;Czestochowa;Slaskie;poland;
1013074;Castorama Polska Sp. z o.o.;4;+48122523100;;;www.se.com;Walerego Slawka 1;30-633;Kraków;Malopolskie;poland;
1013075;Hurtownie Elektryczne KOPEL Sp. z o.o.;4;+48158423889;;;www.se.com;Handlowa 13;37-450;Stalowa Wola;Podkarpackie;poland;
1013076;Hurtownie Elektryczne KOPEL Sp. z o.o.;4;+48768350936;;;www.se.com;Brzeska 7A;67-200;Glogów;Dolnoslaskie;poland;
1013077;Hurtownie Elektryczne KOPEL Sp. z o.o.;4;+48426121976;;;www.se.com;A.Mickiewicza 6;95-010;Stryków;Lodzkie;poland;
1013078;Hurtownie Elektryczne KOPEL Sp. z o.o.;4;+48566641900;;;www.se.com;Zólkiewskiego 16;87-100;Torun;;poland;
1013079;Hurtownie Elektryczne KOPEL Sp. z o.o.;4;+48693893272;;;www.se.com;Zaglowa 1;80-557;Gdansk;Pomorskie;poland;
1013080;Hurtownie Elektryczne KOPEL Sp. z o.o.;4;+48523973088;;;www.se.com;Kard. St. Kardynala Wyszynskiego 20;89-600;Chojnice;Pomorskie;poland;
1013081;Hurtownie Elektryczne KOPEL Sp. z o.o.;4;+48618425727;;;www.se.com;Szarych Szeregów 23;60-462;Poznan;Wielkopolskie;poland;
1013082;Hurtownie Elektryczne KOPEL Sp. z o.o.;4;+48943163023;;;www.se.com;Stare Bielice 7B;76-039;Stare Bielice;;poland;
1013083;Hurtownie Elektryczne KOPEL Sp. z o.o.;4;+48683238700;;;www.se.com;Naftowa 2B;67-705;Zielona Góra;Lubuskie;poland;
1013084;Hurtownie Elektryczne KOPEL Sp. z o.o.;4;+48598223930;;;www.se.com;Dworcowa 18;77-100;Bytów;Pomorskie;poland;
1013085;Castorama Polska Sp. z o.o.;4;+48324593100;;;www.se.com;Rybnicka 95;47-400;Racibórz;Slaskie;poland;
1013086;Hurtownie Elektryczne KOPEL Sp. z o.o.;4;+48566881613;;;www.se.com;1-go Maja 40;87-200;Wabrzezno;;poland;
1013087;Hurtownie Elektryczne KOPEL Sp. z o.o.;4;+48552367474;;;www.se.com;Grunwaldzka 2 Teren Gieldy Elblaskiej Hala B 29;82-300;Elblag;;poland;
1013088;Hurtownie Elektryczne KOPEL Sp. z o.o.;4;+48713597561;;;www.se.com;Przedmiejska 6-10;54-201;Wroclaw;Dolnoslaskie;poland;
1013089;Hurtownie Elektryczne KOPEL Sp. z o.o.;4;+48683872885;;;www.se.com;Glogowska 1;67-100;Nowa Sól;Lubuskie;poland;
1013090;Hurtownie Elektryczne KOPEL Sp. z o.o.;4;+48566691400;;;www.se.com;POLNA 107;87-100;Torun;;poland;
1013091;Hurtownie Elektryczne KOPEL Sp. z o.o.;4;+48158237835;;;www.se.com;Sienkiewicza 108;39-400;Tarnobrzeg;Podkarpackie;poland;
1013092;Hurtownie Elektryczne KOPEL Sp. z o.o.;4;+48523299023;;;www.se.com;Fordonska 246;85-766;Bydgoszcz;;poland;
1013093;Hurtownie Elektryczne KOPEL Sp. z o.o.;4;+48172411252;;;www.se.com;Rejtana 5;37-310;Nowa Sarzyna;Podkarpackie;poland;
1013094;Hurtownie Elektryczne KOPEL Sp. z o.o.;4;+48242357489;;;www.se.com;Przemyslowa 7;09-500;Gostynin;Mazowieckie;poland;
1013095;Hurtownie Elektryczne KOPEL Sp. z o.o.;4;+48327814949;;;www.se.com;Rozdzienskiego 188B;40-203;Katowice;Slaskie;poland;
1013096;Castorama Polska Sp. z o.o.;4;+48126873100;;;www.se.com;Sosnowiecka 147;31-345;Kraków;Malopolskie;poland;
1013097;Hurtownie Elektryczne KOPEL Sp. z o.o.;4;+48846384397;;;www.se.com;Przemyslowa 2;22-400;Zamosc;Lubelskie;poland;
1013098;INSTALATOR R. i B. Kopacz, B. Kubit Sp. j.;4;+48134464746;;;www.se.com;Florianska 81;38-200;Jaslo;Podkarpackie;poland;
1013101;Kaczmarek Electric o/Zielona Góra 2;4;+48519303030;zielonagora2@ke.pl;https://ke.pl/;www.se.com;ul. Chopina 18B;65-032;Zielona Góra;Dolnoslaskie;poland;
1013103;Kaczmarek Electric S.A;4;+48885600842;;;www.se.com;Leszczynska 63;43-300;Bielsko-Biala;Slaskie;poland;
1013104;Kaczmarek Electric S.A;4;+48447554727;;;www.se.com;Witolda Pileckiego 104;26-300;Opoczno;Lodzkie;poland;
1013105;Kaczmarek Electric S.A;4;+48227761515;;;www.se.com;Polska 1;05-200;Wolomin;Mazowieckie;poland;
1013107;Castorama Polska Sp. z o.o.;4;+48324695100;;;www.se.com;Zjednoczonej Europy 26;44-240;Zory;Slaskie;poland;
1013112;Kaczmarek Electric S.A. o/Białystok;4;+48856647304;bialystok@ke.pl;https://ke.pl/;www.se.com;ul. Składowa 10;15-399;Białystok;Podlaskie;poland;
1013114;Kaczmarek Electric S.A. o/Bydgoszcz;4;+48523303393;bydgoszcz@ke.pl;https://ke.pl/;www.se.com;ul. Magnuszewska 5;85-861;Bydgoszcz;Kujawsko-Pomorskie;poland;
1013115;Kaczmarek Electric S.A. o/Chmielnik;4;+48602558193;chmielnik@ke.pl;https://ke.pl/;www.se.com;ul. Grabowiec 62;26-020;Chmielnik;Swietokrzyskie;poland;
1013116;Kaczmarek Electric S.A. o/Częstochowa;4;+48504477188;czestochowa@ke.pl;https://ke.pl/;www.se.com;ul. 1-go Maja 9a;42-217;Częstochowa;Slaskie;poland;
1013117;Kaczmarek Electric S.A. o/Dąbrowa Górnicza;4;+48601740946;dabrowagornicza@ke.pl;https://ke.pl/;www.se.com;ul. Świętego Antoniego 80;41-303;Dąbrowa Górnicza;Slaskie;poland;
1013118;Centrum Elektryczne ANIA;4;+48438434145;;;www.se.com;Traugutta 43;98-300;Wielun;Lodzkie;poland;
1013119;Kaczmarek Electric S.A. o/Dębica;4;+48885600937;debica@ke.pl;https://ke.pl/;www.se.com;ul. Rzeszowska 108A;39-200;Dębica;Podkarpackie;poland;
1013120;Kaczmarek Electric S.A. o/Dzierżążno;4;+48723820045;dzierzazno@ke.pl;;www.se.com;ul. Kartuska 17B;83-332;DZIERŻĄŻNO;Pomorskie;poland;
1013121;Kaczmarek Electric S.A. o/Dzierżoniów;4;+48717245662;dzierzoniow@ke.pl;https://ke.pl/;www.se.com;ul. Diorowska 24;58-200;Dzierżoniów;Dolnoslaskie;poland;
1013122;Kaczmarek Electric S.A. o/Garwolin;4;+48609535505;garwolin@ke.pl;https://ke.pl/;www.se.com;ul.Zielona 8;08-410;Wola Rębkowska;Mazowieckie;poland;
1013123;Kaczmarek Electric S.A. o/Gdańsk 1;4;+48585507378;gdansk@ke.pl;https://ke.pl/;www.se.com;ul. Zaruskiego 3;80-299;Gdańsk;Pomorskie;poland;
1013124;Kaczmarek Electric S.A. o/Gdańsk 2;4;+48693226576;gdansk2@ke.pl;https://ke.pl/;www.se.com;ul. Piaskowa 8;80-025;Gdańsk;Pomorskie;poland;
1013125;Kaczmarek Electric S.A. o/Gliwice;4;+48323318061;gliwice@ke.pl;https://ke.pl/;www.se.com;ul. Świętojańska 57;44-100;Gliwice;Slaskie;poland;
1013126;Kaczmarek Electric S.A. o/Gostynin;4;+48243696058;gostynin@ke.pl;https://ke.pl/;www.se.com;ul. Bierzewicka 32;09-500;Gostynin;Mazowieckie;poland;
1013127;Kaczmarek Electric S.A. o/Grodzisk Wlkp.;4;+48575356500;grodzisk@ke.pl;https://ke.pl/;www.se.com;os. Wojska Polskiego 18 B;62-065;Grodzisk;Wielkopolskie;poland;
1013128;Kaczmarek Electric S.A. o/Grudziądz;4;+48566434119;grudziadz@ke.pl;https://ke.pl/;www.se.com;ul. Nad Torem 10;86-300;Grudziądz;Kujawsko-Pomorskie;poland;
1013129;CEZARY PAGACZ P.P.H.U ELMARK-3;4;+48227812757;;;www.se.com;Wenecka 5A;05-261;Marki;Mazowieckie;poland;
1013130;Kaczmarek Electric S.A. o/Głogów;4;+48767210605;glogow@ke.pl;https://ke.pl/;www.se.com;ul. Elektryczna 32A;67-200;Głogów;Dolnoslaskie;poland;
1013131;Kaczmarek Electric S.A. o/Jarocin;4;+48885600810;jarocin@ke.pl;https://ke.pl/;www.se.com;ul. Kirchnera 10;63-200;Jarocin;Wielkopolskie;poland;
1013132;Kaczmarek Electric S.A. o/Jastrzębie;4;+48507249936;jastrzebie@ke.pl;https://ke.pl/;www.se.com;ul. Niepodległości 22;44-330;Jastrzębie-Zdrój;Slaskie;poland;
1013133;Kaczmarek Electric S.A. o/Jasło;4;+48888913264;jaslo@ke.pl;https://ke.pl/;www.se.com;ul. Jagiełły 4;38-200;Jasło;Podkarpackie;poland;
1013134;Kaczmarek Electric S.A. o/Jaworze;4;+48663765818;jaworze@ke.pl;https://ke.pl/;www.se.com;ul. Bielska 30;43-384;Jaworze;Slaskie;poland;
1013135;Kaczmarek Electric S.A. o/Jelenia Góra;4;+48603097218;jelenia.gora@ke.pl;https://ke.pl/;www.se.com;ul. Podgórna 9;58-500;Jelenia;Dolnoslaskie;poland;
1013136;Kaczmarek Electric S.A. o/Kargowa;4;+48683850081;kargowa@ke.pl;https://ke.pl/;www.se.com;ul. Sulechowska 50;66-120;Kargowa;Lubuskie;poland;
1013137;Kaczmarek Electric S.A. o/Katowice;4;+48322058112;katowice@ke.pl;https://ke.pl/;www.se.com;ul. Rolna 43;40-555;Katowice;Slaskie;poland;
1013138;Kaczmarek Electric S.A. o/Katowice 2;4;+48885600827;katowice2@ke.pl;https://ke.pl/;www.se.com;ul. Szewczenki 8;40-855;Katowice;Slaskie;poland;
1013139;Kaczmarek Electric S.A. o/Katowice 3;4;+48607602841;katowice3@ke.pl;https://ke.pl/;www.se.com;ul. Gliwicka 273-275;40-862;Katowice;Slaskie;poland;
1013140;CP TRADE Katowice Sp. z o.o.;4;+48327305323;katowice@cptrade.pl;;www.se.com;Siemianowicka 5A;40-301;Katowice;Slaskie;poland;
1013141;Kaczmarek Electric S.A. o/Kędzierzyn Koźle;4;+48774872046;kedzierzyn@ke.pl;https://ke.pl/;www.se.com;ul. Młyńska 4;47-224;Kędzierzyn-Koźle;Opolskie;poland;
1013142;Kaczmarek Electric S.A. o/Kępno;4;+48885600873;kepno@ke.pl;https://ke.pl/;www.se.com;ul. Kwiatowa 25;63-600;Kępno;Wielkopolskie;poland;
1013143;Kaczmarek Electric S.A. o/Kielce 1;4;+48413340012;kielce@ke.pl;https://ke.pl/;www.se.com;ul. Warszawska 146;25-411;Kielce;Swietokrzyskie;poland;
1013144;Kaczmarek Electric S.A. o/Kielce 2;4;+48413442834;hurtkielce@ke.pl;;www.se.com;ul. Zbożowa 2a;25-416;Kielce;Swietokrzyskie;poland;
1013145;Kaczmarek Electric S.A. o/Komorniki;4;+48791113222;komorniki@ke.pl;https://ke.pl/;www.se.com;ul. Poznańska 49;62-052;Komorniki;Wielkopolskie;poland;
1013146;Kaczmarek Electric S.A. o/Konin;4;+48603526008;konin@ke.pl;https://ke.pl/;www.se.com;ul. Karola Kurpińskiego 6/11;62-510;Konin;Wielkopolskie;poland;
1013147;Kaczmarek Electric S.A. o/Końskie;4;+48885601481;konskie@ke.pl;https://ke.pl/;www.se.com;ul. Wjazdowa 8A;26-200;Końskie;Swietokrzyskie;poland;
1013148;Kaczmarek Electric S.A. o/Kościelisko;4;+48607545360;koscielisko@ke.pl;https://ke.pl/;www.se.com;ul. St.Nedzy Kubińca 264;34-511;Kościelisko;Malopolskie;poland;
1013149;Kaczmarek Electric S.A. o/Kostrzyn Wlkp.;4;+48885601420;kostrzyn@ke.pl;https://ke.pl/;www.se.com;ul. Wrzesińska 9D;62-025;Kostrzyn Wielkopolski;Wielkopolskie;poland;
1013150;Kaczmarek Electric S.A. o/Kraków 3;4;+48122629179;krakow3@ke.pl;https://ke.pl/;www.se.com;ul. Gen. Franciszka Kleeberga 2, os. Bohaterów Września;31-620;Kraków;Malopolskie;poland;
1013151;CP TRADE Mielec Sp. z o.o.;4;+48175831975;;;www.se.com;Przemyslowa 16/10;39-300;Mielec;Podkarpackie;poland;
1013152;Kaczmarek Electric S.A. o/Kraków 4;4;+48122629342;krakow4@ke.pl;https://ke.pl/;www.se.com;os. Złotej Jesieni 13;31-828;Kraków;Malopolskie;poland;
1013153;Kaczmarek Electric S.A. o/Krapkowice;4;+48607498487;krapkowice@ke.pl;https://ke.pl/;www.se.com;ul. Damrota 2, IV piętro, pok. nr 6;47-303;Krapkowice;Opolskie;poland;
1013155;Kaczmarek Electric S.A. o/Kłodzko;4;+48885600821;klodzko@ke.pl;https://ke.pl/;www.se.com;ul. Zajęcza 1;57-300;Kłodzko;Dolnoslaskie;poland;
1013156;Kaczmarek Electric S.A. o/Legnica;4;+48768713361;legnica@ke.pl;https://ke.pl/;www.se.com;ul. Jaworzyńska 162 B;59-220;Legnica;Dolnoslaskie;poland;
1013157;Kaczmarek Electric S.A. o/Leszno;4;+48655204356;leszno@ke.pl;https://ke.pl/;www.se.com;ul. Kąkolewska 13 B;64-100;Leszno;Wielkopolskie;poland;
1013158;Kaczmarek Electric S.A. o/Lublin;4;+48885601495;lublin@ke.pl;;www.se.com;ul. Energetyków 12;20-468;Lublin;Lubelskie;poland;
1013159;Kaczmarek Electric S.A. o/Międzychód;4;+48722165785;miedzychod@ke.pl;https://ke.pl/;www.se.com;ul. Bolesława Chrobrego 15C;64-400;Międzychód;Wielkopolskie;poland;
1013160;Kaczmarek Electric S.A. o/Mosina;4;+48605891424;mosina@ke.pl;https://ke.pl/;www.se.com;ul. Śremska 86;62-050;Mosina;Wielkopolskie;poland;
1013161;Kaczmarek Electric S.A. o/Nowa Sól;4;+48683870453;nowa.sol@ke.pl;https://ke.pl/;www.se.com;ul. Wrocławska 22 A;67-100;Nowa Sól;Lubuskie;poland;
1013162;CP TRADE Poznan Sp. z o.o.;4;+48618501841;;;www.se.com;Ajschylosa 5;60-461;Poznan;Wielkopolskie;poland;
1013163;Kaczmarek Electric S.A. o/Nowy Sącz;4;+48183348035;nowysacz@ke.pl;https://ke.pl/;www.se.com;ul. Zielona 49;33-300;Nowy Sącz;Malopolskie;poland;
1013164;Kaczmarek Electric S.A. o/Nowy Tomyśl;4;+48614422423;nowy.tomysl@ke.pl;https://ke.pl/;www.se.com;Paproć 66A;64-300;Nowy Tomyśl;Wielkopolskie;poland;
1013165;Kaczmarek Electric S.A. o/Ostrów Wlkp.;4;+48603882958;ostrow@ke.pl;https://ke.pl/;www.se.com;ul. Limanowskiego 2;63-400;Ostrów Wielkopolski;Wielkopolskie;poland;
1013166;Kaczmarek Electric S.A. o/Ostrołęka;4;+48296917190;ostroleka@ke.pl;https://ke.pl/;www.se.com;ul. Kołobrzeska 4;07-401;Ostrołęka;Mazowieckie;poland;
1013167;Kaczmarek Electric S.A. o/Pobiedziska;4;+48618152895;pobiedziska@ke.pl;https://ke.pl/;www.se.com;ul. Władysława Jagiełły 18;62-010;Pobiedziska;Wielkopolskie;poland;
1013168;Kaczmarek Electric S.A. o/Powodowo;4;+48683470695;dok@ke.pl;https://ke.pl/;www.se.com;Powodowo 52;64-200;Wolsztyn;Wielkopolskie;poland;
1013169;Kaczmarek Electric S.A. o/Przemyśl;4;+48885600942;przemysl@ke.pl;https://ke.pl/;www.se.com;ul. Stefana Batorego 22A;37-700;Przemyśl;Podkarpackie;poland;
1013170;Kaczmarek Electric S.A. o/Radom;4;+48483621170;radom@ke.pl;https://ke.pl/;www.se.com;ul. Lubelska 9/11;26-603;Radom;Mazowieckie;poland;
1013171;Kaczmarek Electric S.A. o/Radomsko;4;+48447413300;radomsko@ke.pl;https://ke.pl/;www.se.com;ul. Brzeźnicka 300;97-500;Radomsko;Lodzkie;poland;
1013172;Kaczmarek Electric S.A. o/Rawicz;4;+48722165756;rawicz@ke.pl;https://ke.pl/;www.se.com;ul. Ceglana 18;63-900;Rawicz;Wielkopolskie;poland;
1013173;CP TRADE Rzeszow Sp. z o.o.;4;+48178523654;;;www.se.com;Boya-Zelenskiego 3;35-105;Rzeszów;Podkarpackie;poland;
1013174;Kaczmarek Electric S.A. o/Ruda Śląska;4;+48503360161;ruda.slaska@ke.pl;https://ke.pl/;www.se.com;ul. Wojciecha Korfantego 15;41-707;Ruda Śląska;Slaskie;poland;
1013175;Kaczmarek Electric S.A. o/Rybnik;4;+48324214112;rybnik@ke.pl;https://ke.pl/;www.se.com;ul. Wodzisławska 112;44-200;Rybnik;Slaskie;poland;
1013176;Kaczmarek Electric S.A. o/Rzeszów;4;+48178612427;rzeszow@ke.pl;https://ke.pl/;www.se.com;ul. Wspólna 4;35-205;Rzeszów;Podkarpackie;poland;
1013177;Kaczmarek Electric S.A. o/Siemianowice Śląskie;4;+48885600845;siemianowice@ke.pl;https://ke.pl/;www.se.com;ul. Niepodległości 25;41-106;Siemianowice Śląskie;Slaskie;poland;
1013178;Kaczmarek Electric S.A. o/Środa Wlkp.;4;+48662-121-319;sroda@ke.pl;;www.se.com;ul. Kilińskiego 25;63-000;Środa Wielkopolska;Wielkopolskie;poland;
1013179;Kaczmarek Electric S.A. o/Staszów;4;+48603704833;staszow@ke.pl;https://ke.pl/;www.se.com;ul. Tadeusza Kościuszki 9;28-200;Staszów;Swietokrzyskie;poland;
1013180;Kaczmarek Electric S.A. o/Strumień;4;+48885600851;strumien@ke.pl;https://ke.pl/;www.se.com;ul. Młyńska 4;43-246;Strumień;Slaskie;poland;
1013181;Kaczmarek Electric S.A. o/Sulechów;4;+48723444410;sulechow@ke.pl;https://ke.pl/;www.se.com;ul. Odrzańska 36A ;66-100;Sulechów;Lubuskie;poland;
1013182;Kaczmarek Electric S.A. o/Świdnica;4;+48746644389;swidnica@ke.pl;https://ke.pl/;www.se.com;ul. Westerplatte 72;58-100;Świdnica;Dolnoslaskie;poland;
1013183;Kaczmarek Electric S.A. o/Świebodzin;4;+48683820624;swiebodzin@ke.pl;https://ke.pl/;www.se.com;ul. Poznańska 1;66-200;Świebodzin;Lubuskie;poland;
1013184;Bargo Sp.z o.o.;4;+48468325858;;;www.se.com;Mszczonowska 117;96-100;Skierniewice;Lodzkie;poland;
1013185;CP TRADE Sp. z o.o.;4;+48122558501;;;www.se.com;Obronców Modlina 16;30-733;Kraków;Malopolskie;poland;
1013186;Kaczmarek Electric S.A. o/Świecie;4;+48525256944;swiecie@ke.pl;https://ke.pl/;www.se.com;ul. Cukrowników 3;86-100;Świecie;Kujawsko-Pomorskie;poland;
1013187;Kaczmarek Electric S.A. o/Szczawno-Zdrój;4;+48748401487;szczawnozdroj@ke.pl;https://ke.pl/;www.se.com;ul. Mickiewicza 2;58-310;Szczawno-Zdrój;Dolnoslaskie;poland;
1013188;Kaczmarek Electric S.A. o/Szydłowiec;4;+48602501163;szydlowiec@ke.pl;https://ke.pl/;www.se.com;ul. Sadowa 20;26-500;Szydłowiec;Mazowieckie;poland;
1013189;Kaczmarek Electric S.A. o/Słupsk;4;+48668404872;slupsk@ke.pl;https://ke.pl/;www.se.com;ul. Poznańska 82;76-200;Słupsk;Pomorskie;poland;
1013190;Kaczmarek Electric S.A. o/Tarnowo Podgórne2;4;+48602282558;tarnowo.podgorne2@ke.pl;;www.se.com;ul. Poznańska 40F/2;62-080;Tarnowo Podgórne;Wielkopolskie;poland;
1013191;Kaczmarek Electric S.A. o/Tomaszów Mazowiecki;4;+48698345798;tomaszow@ke.pl;;www.se.com;ul. Bartosza Gowackiego 23;97-200;Tomaszów Mazowiecki;Lodzkie;poland;
1013192;Kaczmarek Electric S.A. o/Toruń 2;4;+48566231604;biuro.torun@ke.pl;https://ke.pl/;www.se.com;ul. Polna 121;87-100;Toruń;Kujawsko-Pomorskie;poland;
1013193;Kaczmarek Electric S.A. o/Turek;4;+48633070006;turek@ke.pl;https://ke.pl/;www.se.com;ul. Nowa 23;62-700;Turek;Wielkopolskie;poland;
1013194;Kaczmarek Electric S.A. o/Tychy;4;+48794434633;tychy@ke.pl;https://ke.pl/;www.se.com;ul. Fabryczna 12;43-100;Tychy;Slaskie;poland;
1013195;Kaczmarek Electric S.A. o/Wągrowiec;4;+48885601427;wagrowiec@ke.pl;;www.se.com;ul. Kcyńska 127;62-100;Wągrowiec;Wielkopolskie;poland;
1013196;CP Trade Stalowa Wola;4;0;;;www.se.com;1-go Sierpnia 28;37-450;Stalowa Wola;Podkarpackie;poland;
1013197;Kaczmarek Electric S.A. o/Warszawa;4;+48226790200;warszawa@ke.pl;https://ke.pl/;www.se.com;ul. Elektronowa 2 budynek B;03-219;Warszawa;Mazowieckie;poland;
1013198;Kaczmarek Electric S.A. o/Warszawa 2;4;+48885601482;warszawa2@ke.pl;https://ke.pl/;www.se.com;ul. Zagójska 7, piętro 1, lok.3;04-160;Warszawa;Mazowieckie;poland;
1013199;Kaczmarek Electric S.A. o/Wrocław;4;+48713369950;wroclaw@ke.pl;https://ke.pl/;www.se.com;al. Armii Krajowej 45;50-541;Wrocław;Dolnoslaskie;poland;
1013200;Kaczmarek Electric S.A. o/Wrocław3;4;+48885601452;wroclaw3@ke.pl;https://ke.pl/;www.se.com;ul. Północna 15-19;54-105;Wrocław;Dolnoslaskie;poland;
1013201;Kaczmarek Electric S.A. o/Żary;4;+48684521246;zary@ke.pl;https://ke.pl/;www.se.com;ul. Lotników 10 ( róg ul. Strzelców i Moniuszki);68-200;Żary;Lubuskie;poland;
1013202;Kaczmarek Electric S.A. o/Zbąszyń;4;+48683846738;zbaszyn@ke.pl;https://ke.pl/;www.se.com;ul. Gimnastyczna 4;64-360;Zbąszyń;Wielkopolskie;poland;
1013203;Kaczmarek Electric S.A. o/Zielona Góra;4;+48536303030;zielonagora@ke.pl;https://ke.pl/;www.se.com;ul. Zacisze 16;65-775;Zielona;Lubuskie;poland;
1013204;Kaczmarek Electric S.A. o/Łask;4;+48433070516;lask@ke.pl;https://ke.pl/;www.se.com;ul. Wola Łaska 36A;98-100;Łask;Lodzkie;poland;
1013205;Kaczmarek Electric S.A. o/Łęczyca;4;+48733255549;leczyca@ke.pl;https://ke.pl/;www.se.com;ul. Ozorkowska 25;99-100;Łęczyca;Lodzkie;poland;
1013206;Kaczmarek Electric S.A. o/Łódź1;4;+48885600995;maciej.piwowarski@ke.pl;https://ke.pl/;www.se.com;ul. Dąbrowskiego 50;93-208;Łódź;Lodzkie;poland;
1013207;CP TRADE Tarnow Sp. z o.o.;4;+48146316780;;;www.se.com;Skrzyszowska 6;33-100;Tarnów;Malopolskie;poland;
1013208;Kaczmarek Electric S.A. o/Łódź2;4;+48603900194;lodz2@ke.pl;https://ke.pl/;www.se.com;ul. Wólczańska 241;93-035;Łódź;Lodzkie;poland;
1013209;Kaczmarek Electric S.A. o/Łódź3;4;+48664986284;lodz3@ke.pl;;www.se.com;ul. Generała Jarosława Dąbrowskiego 44/38;93-277;Łódź;Lodzkie;poland;
1013211;KAREL 2 Sp. z o.o.;4;+48324350437;;;www.se.com;Zeromskiego 1;44-240;Zory;Slaskie;poland;
1013212;KAREL 2 Sp. z o.o.;4;+48338281620;;;www.se.com;Katowicka 180;43-346;Bielsko-Biala;Slaskie;poland;
1013213;LEMAR Electric sp. z o.o.;4;+48323166113;;;www.se.com;Katowicka 104;41-400;Myslowice;;poland;
1013214;Leroy Merlin Polska Sp. z o.o.;4;+48033827885;;;www.se.com;Bohaterów Monte Casino 419;43-300;Bielsko-Biala;Slaskie;poland;
1013215;Leroy Merlin Polska Sp. z o.o.;4;+48126348874;;;www.se.com;Kaminskiego 11;30-415;Kraków;Malopolskie;poland;
1013216;Leroy Merlin Polska Sp. z o.o.;4;+48324787853;;;www.se.com;Francuska 11;44-240;Zory;Slaskie;poland;
1013217;Leroy Merlin Polska Sp. z o.o.;4;+48126839853;;;www.se.com;Medweckiego 2;31-870;Kraków;Malopolskie;poland;
1013218;DECO-LIGHT Piotr Wrobel;4;+48338743715;;;www.se.com;Mickiewicza 104;34-200;Sucha Beskidzka;Malopolskie;poland;
1013219;Leroy Merlin Polska Sp. z o.o.;4;+48178675803;;;www.se.com;Krasne 20A;36-007;Krasne;Podkarpackie;poland;
1013224;MH Automatyka Sp. z o.o.;4;+48713568603;wroclaw@mh-automatyka.pl;mh-automatyka.pl/;www.se.com;Szczecińska 11A;54-517;Wrocław;Dolnoslaskie;poland;
1013225;MH Automatyka Sp. z.o.o.;4;+48587396580;biuro@mh-automatyka.pl;mh-automatyka.pl/;www.se.com;ul. Harfowa 1GdańskPolska;80-298;Gdansk;Pomorskie;poland;
1013226;NOWA ELEKTRO Sp. z o.o.;4;+48618962713;sady@nowaelektro.pl;nowaelektro.pl/;www.se.com;ul. Rolna 1;62-080;Sady, Tarnowo Podgórne;Wielkopolskie;poland;
1013227;Onninen Sp. z o.o.;4;+48943476920;;;www.se.com;Szczecinska 61;75-137;Koszalin;;poland;
1013228;Onninen Sp. z o.o.;4;+48683296000;;;www.se.com;Osadnicza 28;65-785;Zielona Góra;Lubuskie;poland;
1013230;Onninen Sp. z o.o.;4;+48523490684;;;www.se.com;Przemyslowa 8;85-758;Bydgoszcz;;poland;
1013231;Onninen Sp. z o.o.;4;+48895329680;;;www.se.com;Towarowa 15;10-416;Olsztyn;Mazowieckie;poland;
1013232;Onninen Sp. z o.o.;4;+48326091050;;;www.se.com;Rozdzienskiego 188A;40-203;Katowice;Slaskie;poland;
1013233;Onninen Sp. z o.o.;4;+48227370593;;;www.se.com;Pulawska 38;05-500;Piaseczno;Mazowieckie;poland;
1013234;Onninen Sp. z o.o.;4;+48774029280;;;www.se.com;Zielonogórska 4;45-323;Opole;;poland;
1013235;Onninen Sp. z o.o.;4;+48225194010;;;www.se.com;Zablocka 9;03-185;Warszawa;Mazowieckie;poland;
1013236;Onninen Sp. z o.o.;4;+48343712530;;;www.se.com;Bór 71/75;42-200;Czestochowa;Slaskie;poland;
1013237;Onninen Sp. z o.o.;4;+48713882140;;;www.se.com;Jana Dlugosza 60;51-162;Wroclaw;Dolnoslaskie;poland;
1013238;Onninen Sp. z o.o.;4;+48856610233;;;www.se.com;Elewatorska 9;15-732;Bialystok;Podlaskie;poland;
1013239;Onninen Sp. z o.o.;4;+48426407551;;;www.se.com;Brukowa 11;91-341;Lódz;Lodzkie;poland;
1013241;Onninen Sp. z o.o.;4;+48566193300;;;www.se.com;Polna 129;87-100;Torun;;poland;
1013242;Onninen Sp. z o.o.;4;+48914694176;;;www.se.com;Pomorska 66;70-812;Szczecin;;poland;
1013243;Onninen Sp. z o.o.;4;+48748868373;;;www.se.com;Wroclawska 113;58-306;Walbrzych;Dolnoslaskie;poland;
1013244;Onninen Sp. z o.o.;4;+48618941100;;;www.se.com;Kamiennogórska 22;60-197;Poznan;Mazowieckie;poland;
1013245;Onninen Sp. z o.o.;4;+48227241746;;;www.se.com;Zyrardowska 29;05-825;Grodzisk Mazowiecki;Mazowieckie;poland;
1013246;Onninen Sp. z o.o.;4;+48817451711;;;www.se.com;Melgiewska 30G;20-234;Lublin;Lubelskie;poland;
1013247;Onninen Sp. z o.o.;4;+48413350110;;;www.se.com;Batalionow Chlopskich 77;25-671;Kielce;Swietokrzyskie;poland;
1013248;Onninen Sp. z o.o.;4;+48426768801;;;www.se.com;Teolin 18B;92-701;Lódz;Lodzkie;poland;
1013249;Onninen Sp. z o.o.;4;+48322318081;;;www.se.com;Dojazdowa 11;44-100;Gliwice;Slaskie;poland;
1013250;Onninen Sp. z o.o.;4;+48583206200;;;www.se.com;Trakt sw. Wojciecha 3/11;80-044;Gdansk;Pomorskie;poland;
1013251;DORIAN 2;4;+48224244266;;;www.se.com;Kobylkowska 7B;05-200;Wolomin;Mazowieckie;poland;
1013252;Onninen Sp. z o.o.;4;+48225679000;;;www.se.com;Emaliowa 28;02-295;Warszawa;Mazowieckie;poland;
1013253;Onninen Sp. z o.o.;4;+48717833111;;;www.se.com;Kobierzycka 18;52-315;Wroclaw;Dolnoslaskie;poland;
1013254;Onninen Sp. z o.o.;4;+48655297262;;;www.se.com;1 Maja 11;64-100;Leszno;Wielkopolskie;poland;
1013255;P.H.U. ELFRA Hurtownia Artykulow Przemyslowych;4;+48122720279;;;www.se.com;Kazimierza Wielkiego 83 A;32-400;Myslenice;Malopolskie;poland;
1013256;P.H.U.W. MULTIMAT G.Kierzkowski i P.Stanuch Sp. Jawna;4;+48185475631;;;www.se.com;Mickiewicza 1;33-300;Nowy Sacz;Malopolskie;poland;
1013257;P.U.H. LIBRA;4;+48322411150;;;www.se.com;3 Maja 21;41-500;Chorzow;Slaskie;poland;
1013258;P.U.H. LIBRA;4;+48693893735;;;www.se.com;Kowaniec 29;34-400;Nowy Targ;Malopolskie;poland;
1013259;P.U.H. LIBRA;4;+48327382535;;;www.se.com;Wyzwolenia 34;43-190;Mikolów;Slaskie;poland;
1013260;P.U.H. LIBRA;4;+48178621745;;;www.se.com;Przemyslowa 14/5;35-105;Rzeszów;Podkarpackie;poland;
1013261;P.U.H. LIBRA;4;+48327683176;;;www.se.com;Towarowa 4;42-600;Tarnowskie Góry;Slaskie;poland;
1013262;Dorian Sp.j.;4;+48227585000;;;www.se.com;Kolejowa15a;05-805;Otrebusy Kanie;Mazowieckie;poland;
1013263;P.W. ELEKTRO-HURT;4;+48774555040;;;www.se.com;Zielonogórska 6;45-323;Opole;;poland;
1013265;P.W. ELEKTRO-HURT;4;+48618470891;;;www.se.com;Dabrowskiego 81/85;60-529;Poznan;Wielkopolskie;poland;
1013266;P.W. ELEKTRO-HURT;4;+48614284035;;;www.se.com;Sloneczna 40A;62-200;Gniezno;Wielkopolskie;poland;
1013267;P.W. ELEKTRO-HURT;4;+48468370107;;;www.se.com;Warszawska 34/36;99-400;Lowicz;Lodzkie;poland;
1013268;P.W. ELEKTRO-HURT;4;+48618995111;;;www.se.com;Kolejowa 187/189;62-052;Komorniki;Wielkopolskie;poland;
1013269;P.W. ELEKTRO-HURT;4;+48523153938;;;www.se.com;Marcinkowskiego 121;88-100;Inowroclaw;;poland;
1013270;P.W. ELEKTRO-HURT;4;+48343111313;;;www.se.com;Piotrkowska 16;42-202;Czestochowa;Slaskie;poland;
1013271;P.W. ELEKTRO-HURT;4;+48627472285;;;www.se.com;Poznanska 28;63-200;Jarocin;Wielkopolskie;poland;
1013272;P.W. ELEKTRO-HURT;4;+48655371619;;;www.se.com;Witolda 3;64-100;Leszno;Wielkopolskie;poland;
1013273;Dorian Sp.j.;4;+48297603041;;;www.se.com;Targowa 2;07-410;Ostroleka;Mazowieckie;poland;
1013274;PHU POLIMET Spolka Jawna;4;+4832050350;;;www.se.com;Dworska 12;40-584;Katowice;Slaskie;poland;
1013276;PNEUMATYKA PLUS Marcin Romanski Jacek Romanski Spolka Jawna;4;+48895320230;marcin.romanski@pneumatykanet.pl;;www.se.com;Towarowa 20 C;10-417;Olsztyn;Warminsko-mazurskie;poland;
1013277;POLIMET S. Kij Spolka Jawna;4;+48338163911;;;www.se.com;Michala Grazynskiego 74;43-300;Bielsko-Biala;Slaskie;poland;
1013278;PPHU EL-KAG Zelek i Wspólnicy Spólka Jawna;4;+48184444009;nowysacz@elkag.pl;;www.se.com;Grunwaldzka 243;33-300;Nowy Sacz;Malopolskie;poland;
1013279;PPHU EL-KAG Zelek i Wspólnicy Spólka Jawna;4;+48184408675;grybow@elkag.pl;;www.se.com;Grunwaldzka 40;30-330;Grybow;Malopolskie;poland;
1013280;PPHU EL-KAG Zelek i Wspólnicy Spólka Jawna;4;+48182643215;nowytarg@elkag.pl;;www.se.com;Al. Tysiąclecia 95;34-400;Nowy Targ;Malopolskie;poland;
1013281;PPHU EL-KAG Zelek i Wspolnicy Spolka Jawna;4;+48785053653;;;www.se.com;Marii Konopnickiej 25;37-700;Przemysl;Podkarpackie;poland;
1013282;PPHU EL-KAG Zelek i Wspolnicy Spolka Jawna;4;+48172839409;rzeszow@elkag.pl;;www.se.com;Magazynowa 1;35-105;Rzeszow;Podkarpackie;poland;
1013283;PPHU EL-KAG Zelek i Wspólnicy Spólka Jawna;4;+48184723743;krynica@elkag.pl;;www.se.com;Pilsudskiego 23;33-380;Krynica - Zdroj;Malopolskie;poland;
1013284;Dorian Sp.j.;4;+48236737819;;;www.se.com;Niechodzka 3;06-400;Ciechanów;Mazowieckie;poland;
1013285;PPHU EL-KAG Zelek i Wspólnicy Spólka Jawna;4;+48338411616;oswiecim@elkag.pl;;www.se.com;Kolbego 16;32-600;Oswiecim;Malopolskie;poland;
1013287;Praktiker Polska Sp. z o.o.;4;+48324395720;;;www.se.com;Zorska 16;35-082;Rybnik;Podkarpackie;poland;
1013289;Przedsiebiorstwo Handlowe A-T S.A.;4;+48508036837;sklep.turek@at-krotoszyn.pl;;www.se.com;Koninska 24;62-700;Turek;Wielkopolskie;poland;
1013290;Przedsiebiorstwo Handlowe A-T S.A.;4;+48508039932;sklep.olawa@at-krotoszyn.pl;;www.se.com;Pilsudskiego 8;55-200;Olawa;Dolnoslaskie;poland;
1013291;Przedsiebiorstwo Handlowe A-T S.A.;4;+48508013814;sklep.bielsk-podlaski@at-krotoszyn.pl;;www.se.com;Rejonowa 4A;17-100;Bielsk Podlaski;Podlaskie;poland;
1013292;Przedsiebiorstwo Handlowe A-T S.A.;4;+48508036823;sklep.kolo@at-krotoszyn.pl;;www.se.com;J.Slowackiego 3;62-600;Kolo;Wielkopolskie;poland;
1013293;Przedsiebiorstwo Handlowe A-T S.A.;4;+48508039962;sklep.ostrow-kaliska@at-krotoszyn.pl;;www.se.com;Kaliska 55;63-400;Ostrów Wielkopolski;Wielkopolskie;poland;
1013294;Przedsiebiorstwo Handlowe A-T S.A.;4;+48508039931;sklep.kamienna-gora@at-krotoszyn.pl;;www.se.com;Papieza Jana Pawla II 14;58-400;Kamienna Góra;Dolnoslaskie;poland;
1013295;Bargo Sp.z o.o.;4;+48468619672;;;www.se.com;Kozuszki Parcele 46;96-500;Sochaczew;Mazowieckie;poland;
1013296;Dorian Sp.j.;4;+48243661720;;;www.se.com;Przemyslowa 18;09-400;Płock;Mazowieckie;poland;
1013297;Przedsiebiorstwo Handlowe A-T S.A.;4;+48508036822;sklep.kepno@at-krotoszyn.pl;;www.se.com;Rynek 24;63-600;Kepno;Wielkopolskie;poland;
1013298;Przedsiebiorstwo Handlowe A-T S.A.;4;+48508013730;sklep.lancut@at-krotoszyn.pl;;www.se.com;J.Pilsudskiego 33;37-100;Lancut;Podkarpackie;poland;
1013299;Przedsiebiorstwo Handlowe A-T S.A.;4;+48508036826;sklep.legnica@at-krotoszyn.pl;;www.se.com;Chojnowska 4;59-220;Legnica;Dolnoslaskie;poland;
1013300;Przedsiebiorstwo Handlowe A-T S.A.;4;+48509028068;sklep.pleszew2@at-krotoszyn.pl;;www.se.com;Targowa 1;63-300;Pleszew;Wielkopolskie;poland;
1013301;Przedsiebiorstwo Handlowe A-T S.A.;4;+48508036788;sklep.strzelce-opolskie@at-krotoszyn.pl;;www.se.com;Marka Prawego 7;47-100;Strzelce Opolskie;Opolskie;poland;
1013302;Przedsiebiorstwo Handlowe A-T S.A.;4;+48508013710;sklep.makow-mazowiecki@at-krotoszyn.pl;;www.se.com;Przasnyska 69;06-200;Maków Mazowiecki;Mazowieckie;poland;
1013303;Przedsiebiorstwo Handlowe A-T S.A.;4;+48508036811;hurtownia.jarocin@at-krotoszyn.pl;;www.se.com;Wojska Polskiego 55;63-200;Jarocin;Wielkopolskie;poland;
1013304;Przedsiebiorstwo Handlowe A-T S.A.;4;+48508036028;sklep.jarocin@at-krotoszyn.pl;;www.se.com;Sródmiejska 6;62-300;Jarocin;Wielkopolskie;poland;
1013305;Przedsiebiorstwo Handlowe A-T S.A.;4;+48627213600;hurtownia@at-krotoszyn.pl;;www.se.com;Zacisze 2;63-700;Krotoszyn;Wielkopolskie;poland;
1013306;Przedsiebiorstwo Handlowe A-T S.A.;4;+48508039917;sklep.wroclaw@at-krotoszyn.pl;;www.se.com;Robotnicza 1A/5;53-607;Wroclaw;Dolnoslaskie;poland;
1013307;Dorian Sp.j.;4;+48228723044;;;www.se.com;Patriotów 87;04-950;Warszawa;Mazowieckie;poland;
1013308;Przedsiebiorstwo Handlowe A-T S.A.;4;+48508036828;sklep.olesnica@at-krotoszyn.pl;;www.se.com;3 Maja 44;56-400;Olesnica;Dolnoslaskie;poland;
1013309;Przedsiebiorstwo Handlowe A-T S.A.;4;+48508039983;sklep.chrzanow@at-krotoszyn.pl;;www.se.com;Partyzantów 11A;32-500;Chrzanów;Malopolskie;poland;
1013310;Przedsiebiorstwo Handlowe A-T S.A.;4;+48508013846;sklep.pila@at-krotoszyn.pl;;www.se.com;Powstanców Wlkp. 201;64-920;Pila;Wielkopolskie;poland;
1013311;Przedsiebiorstwo Handlowe A-T S.A.;4;+48508036030;sklep.krotoszyn@at-krotoszyn.pl;;www.se.com;Kozminska 17;63-700;Krotoszyn;Wielkopolskie;poland;
1013312;Przedsiebiorstwo Handlowe A-T S.A.;4;+48508036835;sklep.srem@at-krotoszyn.pl;;www.se.com;Kosciuszki 6;63-100;Srem;Wielkopolskie;poland;
1013313;Przedsiebiorstwo Handlowe A-T S.A.;4;+48508036827;sklep.namyslow@at-krotoszyn.pl;;www.se.com;Bohaterów Warszawy 22A;48-100;Namyslów;Opolskie;poland;
1013314;Przedsiebiorstwo Handlowe A-T S.A.;4;+48508036798;sklep.milicz@at-krotoszyn.pl;;www.se.com;Trzebnicka 31;56-300;Milicz;Dolnoslaskie;poland;
1013315;Przedsiebiorstwo Handlowe A-T S.A.;4;+48508039973;sklep.konin@at-krotoszyn.pl;;www.se.com;Spóldzielców 8;62-500;Konin;Wielkopolskie;poland;
1013316;Przedsiebiorstwo Handlowe A-T S.A.;4;+48508036670;sklep.wronki@at-krotoszyn.pl;;www.se.com;Adama Mickiewicza 16B;64-510;Wronki;Wielkopolskie;poland;
1013317;Przedsiebiorstwo Handlowe A-T S.A.;4;+48508039916;sklep.pultusk@at-krotoszyn.pl;;www.se.com;A.Mickiewicza 31;06-100;Pultusk;Mazowieckie;poland;
1013318;Elektro-Invest Hurt Sp. z o.o. s.ka;4;+48338227255;;;www.se.com;Grazynskiego 71;43-300;Bielsko-Biala;Slaskie;poland;
1013319;Przedsiebiorstwo Handlowe A-T S.A.;4;+48508036218;sklep.klodawa@at-krotoszyn.pl;;www.se.com;Warszawska 56;62-650;Klodawa;Wielkopolskie;poland;
1013320;Przedsiebiorstwo Handlowe A-T S.A.;4;+48508013860;sklep.lubliniec@at-krotoszyn.pl;;www.se.com;3-go Maja 6;42-700;Lubliniec;Slaskie;poland;
1013321;Przedsiebiorstwo Handlowe A-T S.A.;4;+48508036784;sklep.jarocin2@at-krotoszyn.pl;;www.se.com;Wojska Polskiego 37;63-200;Jarocin;Wielkopolskie;poland;
1013322;Przedsiebiorstwo Handlowe A-T S.A.;4;+48508036649;sklep.jelcz-laskowice@at-krotoszyn.pl;;www.se.com;Liliowa 2;55-231;Jelcz-Laskowice;Dolnoslaskie;poland;
1013323;Przedsiebiorstwo Handlowe A-T S.A.;4;+48508036777;sklep.klodzko@at-krotoszyn.pl;;www.se.com;Noworudzka 3;57-300;Klodzko;Dolnoslaskie;poland;
1013324;Przedsiebiorstwo Handlowe A-T S.A.;4;+48508036762;sklep.poznan@at-krotoszyn.pl;;www.se.com;28-go Czerwca 124/126;61-526;Poznan;Wielkopolskie;poland;
1013325;Przedsiebiorstwo Handlowe A-T S.A.;4;+48508036817;sklep.ostrow-rynek@at-krotoszyn.pl;;www.se.com;Rynek 30;63-400;Ostrów Wielkopolski;Wielkopolskie;poland;
1013326;Przedsiebiorstwo Handlowe A-T S.A.;4;+48508013742;sklep.osielsko@at-krotoszyn.pl;;www.se.com;Kolonijna 2;86-031;Osielsko;;poland;
1013327;Przedsiebiorstwo Handlowe A-T S.A.;4;+48508036684;sklep.debica@at-krotoszyn.pl;;www.se.com;Ks. Nosala 10;39-200;Dębica;Podkarpackie;poland;
1013328;Przedsiebiorstwo Handlowe A-T S.A.;4;+48508036297;sklep.polkowice@at-krotoszyn.pl;;www.se.com;Arnikowa 4;59-100;Polkowice;Dolnoslaskie;poland;
1013329;ELEKTRO-SPARK Sp. z o.o.;4;+48833433550;;;www.se.com;Brzeska 162;21-500;Biala Podlaska;Lubelskie;poland;
1013330;Przedsiebiorstwo Handlowe A-T S.A.;4;+48508036304;sklep.poznan2@at-krotoszyn.pl;;www.se.com;Dąbrowskiego 81/85;60-529;Poznan;Wielkopolskie;poland;
1013331;Przedsiebiorstwo Handlowe A-T S.A.;4;+48508036276;sklep.nysa@at-krotoszyn.pl;;www.se.com;Wroclawska 16/1U;48-300;Nysa;;poland;
1013332;Przedsiebiorstwo Handlowe A-T S.A.;4;+48508039969;sklep.plock@at-krotoszyn.pl;;www.se.com;Rembielińskiego 11;09-400;Plock;Mazowieckie;poland;
1013333;Przedsiebiorstwo Handlowe A-T S.A.;4;+48508013876;sklep.gniezno@at-krotoszyn.pl;;www.se.com;Poznanska 104;62-200;Gniezno;Wielkopolskie;poland;
1013334;Przedsiebiorstwo Handlowe Alfa-Elektro Sp. z o.o.;4;+48243644800;;;www.se.com;Kostrogaj 25;09-400;Plock;Mazowieckie;poland;
1013335;Przedsiebiorstwo Handlowe Alfa-Elektro Sp. z o.o.;4;+48227836268;;;www.se.com;Trakt Brzeski 142;05-070;Sulejówek;Mazowieckie;poland;
1013336;Przedsiebiorstwo Handlowe Alfa-Elektro Sp. z o.o.;4;+48564756200;;;www.se.com;ul. Wiejska 11A;87-300;Brodnica;Kujawsko-Pomorskie;poland;
1013338;Przedsiebiorstwo Handlowe Alfa-Elektro Sp. z o.o.;4;+48327716153;;;www.se.com;1 Maja 282B;41-700;Ruda Slaska;Slaskie;poland;
1013339;Przedsiebiorstwo Handlowe Alfa-Elektro Sp. z o.o.;4;+48343608279;czestochowa@alfaelektro.pl;www.alfaelektro.com.pl;www.se.com;ul. Dojazdowa 2;42-200;Częstochowa;Slaskie;poland;
1013340;ELEKTRO-SPARK Sp. z o.o.;4;+48413446035;;;www.se.com;Górna 20;25-415;Kielce;Swietokrzyskie;poland;
1013341;Przedsiebiorstwo Handlowe Alfa-Elektro Sp. z o.o.;4;+48768509700;;;www.se.com;Jaworzynska 227B;59-220;Legnica;Dolnoslaskie;poland;
1013342;Przedsiebiorstwo Handlowe Alfa-Elektro Sp. z o.o.;4;+48523361970;;;www.se.com;Kaszubska 10;89-600;Chojnice;Pomorskie;poland;
1013343;Przedsiebiorstwo Handlowe Alfa-Elektro Sp. z o.o.;4;+48226480118;;;www.se.com;Aleksandra Kostki Napierskiego 6;02-847;Warszawa;Mazowieckie;poland;
1013344;Przedsiebiorstwo Handlowe Alfa-Elektro Sp. z o.o.;4;+48124158101;;;www.se.com;Vetulaniego 5;31-226;Kraków;Malopolskie;poland;
1013345;Przedsiebiorstwo Handlowe Alfa-Elektro Sp. z o.o.;4;+48774231056;;;www.se.com;Głuchołaska 12a;48-303;Nysa;;poland;
1013347;Przedsiebiorstwo Handlowe Alfa-Elektro Sp. z o.o.;4;+48178613090;;;www.se.com;Reja 7;35-210;Rzeszów;Podkarpackie;poland;
1013348;Przedsiebiorstwo Handlowe Alfa-Elektro Sp. z o.o.;4;+48895379130;;;www.se.com;Towarowa 20B;10-417;Olsztyn;Warminsko-mazurskie;poland;
1013350;Przedsiebiorstwo Handlowe Alfa-Elektro Sp. z o.o.;4;+48323842064;;;www.se.com;Legionów 3;42-600;Tarnowskie Góry;Slaskie;poland;
1013351;ELEKTRO-SPARK Sp. z o.o.;4;+48483622346;;;www.se.com;Limanowskiego 134D;26-600;Radom;Mazowieckie;poland;
1013352;Przedsiebiorstwo Handlowe Alfa-Elektro Sp. z o.o.;4;+48324763776;;;www.se.com;Mikolowska 73;44-330;Rybnik;Slaskie;poland;
1013354;Przedsiebiorstwo Handlowe Alfa-Elektro Sp. z o.o.;4;+48632494030;;;www.se.com;Spoldzielców 6;62-510;Konin;Wielkopolskie;poland;
1013355;Przedsiebiorstwo Handlowe Alfa-Elektro Sp. z o.o.;4;+48322600497;;;www.se.com;Legionów Polskich 22;41-300;Dabrowa Górnicza;Slaskie;poland;
1013356;Przedsiebiorstwo Handlowe Alfa-Elektro Sp. z o.o.;4;+48672158180;;;www.se.com;Styki 8;64-920;Pila;Wielkopolskie;poland;
1013357;Przedsiebiorstwo Handlowe Alfa-Elektro Sp. z o.o.;4;+48343530094;;;www.se.com;Plac Kosciuszki 15;42-700;Lubliniec;Slaskie;poland;
1013358;Przedsiebiorstwo Handlowe Alfa-Elektro Sp. z o.o.;4;+48585220500;;;www.se.com;Zaglowa 2;80-560;Gdansk;Pomorskie;poland;
1013359;Przedsiebiorstwo Handlowe Alfa-Elektro Sp. z o.o.;4;+48673498134;;;www.se.com;Południowa 4-6;78-600;Wałcz;;poland;
1013360;Przedsiebiorstwo Handlowe Alfa-Elektro Sp. z o.o.;4;+48146298066;;;www.se.com;Przemyslowa 27;33-100;Tarnów;Malopolskie;poland;
1013361;Przedsiebiorstwo Handlowe Alfa-Elektro Sp. z o.o.;4;+48483324080;;;www.se.com;Kalinska 6/6;26-600;Radom;Mazowieckie;poland;
1013362;ELEKTRO-SPARK Sp. z o.o.;4;+48158440306;;;www.se.com;1-go Sierpnia 28;37-450;Stalowa Wola;Podkarpackie;poland;
1013363;Przedsiebiorstwo Handlowe Alfa-Elektro Sp. z o.o.;4;+48338732211;;;www.se.com;Nadbrzezna 69;34-100;Wadowice;Malopolskie;poland;
1013364;Przedsiebiorstwo Handlowe Alfa-Elektro Sp. z o.o.;4;+48257584111;;;www.se.com;Warszawska 45;05-300;Mińsk Mazowiecki;Mazowieckie;poland;
1013366;Przedsiebiorstwo Handlowe Alfa-Elektro Sp. z o.o.;4;+48324474313;;;www.se.com;Bierunska 19A;43-200;Pszczyna;Slaskie;poland;
1013367;Przedsiebiorstwo Handlowe Alfa-Elektro Sp. z o.o.;4;+48523452962;;;www.se.com;Startowa 5;85-744;Bydgoszcz;;poland;
1013368;Przedsiebiorstwo Handlowe Alfa-Elektro Sp. z o.o.;4;+48684512366;;;www.se.com;Zacisze 22;65-775;Zielona Góra;Lubuskie;poland;
1013370;Przedsiebiorstwo Handlowe Alfa-Elektro Sp. z o.o.;4;+48426372799;;;www.se.com;Puszkina 80;92-516;Lódz;Lodzkie;poland;
1013371;Przedsiebiorstwo Handlowe Alfa-Elektro Sp. z o.o.;4;+48825696280;;;www.se.com;ul. Rampa Brzeska 5;22-100;Chełm;Lubelskie;poland;
1013372;Przedsiebiorstwo Handlowe Alfa-Elektro Sp. z o.o.;4;+48814762030;;;www.se.com;ul. Lubelska 6;24-100;Pulawy;Lubelskie;poland;
1013373;ELEKTRO-SPARK Sp. z o.o.;4;+48124233155;;;www.se.com;Kamienna 8;30-001;Kraków;Malopolskie;poland;
1013374;Przedsiebiorstwo Handlowe Alfa-Elektro Sp. z o.o.;4;+48713265740;;;www.se.com;Kleczkowska 52 (teren Portu Miejsk.);50-227;Wrocław;Dolnoslaskie;poland;
1013375;Przedsiebiorstwo Handlowe Alfa-Elektro Sp. z o.o.;4;+48552724960;;;www.se.com;Koszykowa 2;82-200;Malbork;Pomorskie;poland;
1013376;Przedsiebiorstwo Handlowe Alfa-Elektro Sp. z o.o.;4;+48146982003;;;www.se.com;Partyzantów 17;32-700;Bochnia;Malopolskie;poland;
1013377;Przedsiebiorstwo Handlowe Alfa-Elektro Sp. z o.o.;4;+48327546900;;;www.se.com;Osiecka 4;32-300;Olkusz;Malopolskie;poland;
1013379;Przedsiebiorstwo Handlowe Alfa-Elektro Sp. z o.o.;4;+48227797115;;;www.se.com;Kraszewskiego 3;05-402;Otwock;Mazowieckie;poland;
1013380;Przedsiebiorstwo Handlowe Alfa-Elektro Sp. z o.o.;4;+48774574850;;;www.se.com;10 Sudeckiej Dywizji Zmechanizowanej 33;45-828;Opole;;poland;
1013381;Przedsiebiorstwo Handlowe Alfa-Elektro Sp. z o.o.;4;+48413463068;;;www.se.com;Mielczarskiego 121;25-611;Kielce;Swietokrzyskie;poland;
1013382;Przedsiebiorstwo Handlowe Alfa-Elektro Sp. z o.o.;4;+48587622500;;;www.se.com;Trakt sw Wojciecha 213E;80-001;Gdansk;Pomorskie;poland;
1013383;Przedsiebiorstwo Handlowe Alfa-Elektro Sp. z o.o.;4;+48625022170;;;www.se.com;Wojska Polskiego 29;62-800;Kalisz;Wielkopolskie;poland;
1013384;ELEKTRO-SPARK Sp. z o.o.;4;+48166784265;;;www.se.com;Dworskiego 57;37-700;Przemysl;;poland;
1013385;Przedsiebiorstwo Handlowe Alfa-Elektro Sp. z o.o.;4;+48322275728;;;www.se.com;Powstanców 62;43-100;Tychy;Slaskie;poland;
1013386;Przedsiebiorstwo Handlowe Alfa-Elektro Sp. z o.o.;4;+48338511411;;;www.se.com;Frysztacka 89;43-400;Cieszyn;Slaskie;poland;
1013388;Przedsiebiorstwo Handlowe Alfa-Elektro Sp. z o.o.;4;+48566399080;;;www.se.com;Polna 134/136;87-100;Torun;Kujawsko-Pomorskie;poland;
1013389;Przedsiebiorstwo Handlowe Alfa-Elektro Sp. z o.o.;4;+48914691030;;;www.se.com;Pomorska 66;70-812;Szczecin;;poland;
1013390;Przedsiebiorstwo Handlowe Alfa-Elektro Sp. z o.o.;4;+48748513434;;;www.se.com;Armii Krajowej 53;58-100;Swidnica;Dolnoslaskie;poland;
1013395;ELEKTRO-SPARK Sp. z o.o.;4;+48412652063;;;www.se.com;Kilinskiego 59;27-400;Ostrowiec Swietokrzyski;Swietokrzyskie;poland;
1013401;Przedsiebiorstwo Obslugi Inwestycji Eltrans-Projekt Sp. z o.o. Oddzial Handlowy Lodz;4;+48426761458;;;www.se.com;Waclawa 21;93-118;Lódz;Lodzkie;poland;
1013403;Przedsiebiorstwo Produkcyjno-Handlowe ELKABEL;4;+48178642287;;;www.se.com;Krakowska 150A;35-105;Rzeszów;Podkarpackie;poland;
1013404;Przedsiebiorstwo Uslugowo Produkcyjne SKAMER-ACM Sp. z o.o.;4;+48146323400;;;www.se.com;Rogoyskiego 26;33-100;Tarnów;Malopolskie;poland;
1013405;PW Elektro-Hurt;4;+48438220996;;;www.se.com;Polskiej Organizacji Wojskowej 60;98-200;Sieradz;Lodzkie;poland;
1013406;Bargo Sp.z o.o.;4;+48227718279;;;www.se.com;Nadarzynska 124;05-230;Kobylka;Mazowieckie;poland;
1013407;ELEKTRO-SPARK Sp. z o.o.;4;+48256313044;;;www.se.com;Terespolska 61;08-110;Siedlce;Mazowieckie;poland;
1013409;Sklep Metalowo Chemiczny Izabela Kepka-Sypel;4;+48172218068;;;www.se.com;Rynek 10;39-100;Ropczyce;Podkarpackie;poland;
1013412;Solar Polska Sp. z o.o.;4;+48228684026;;;www.se.com;Hipotezy 4;02-191;Warszawa;Mazowieckie;poland;
1013413;Solar Polska Sp. z o.o.;4;+48914854400;;;www.se.com;Heyki 20-22;70-631;Szczecin;Zachodnio-Pomorskie;poland;
1013414;Solar Polska Sp. z o.o.;4;+48126389100;;;www.se.com;Radzikowskiego 35;31-315;Kraków;Malopolskie;poland;
1013415;Solar Polska Sp. z o.o.;4;+48618326258;;;www.se.com;Czechoslowacka 108;61-476;Poznan;Wielkopolskie;poland;
1013416;Solar Polska Sp. z o.o.;4;+48817455900;;;www.se.com;Witosa 3;20-330;Lublin;Lubelskie;poland;
1013417;Solar Polska Sp. z o.o.;4;+48713771900;;;www.se.com;Góralska 22;53-610;Wroclaw;Dolnoslaskie;poland;
1013418;ELEKTRO-SPARK Sp. z o.o.;4;+48166211112;;;www.se.com;Ksiazat Czartoryskich 30;37-522;Wiazownica;Podkarpackie;poland;
1013419;Solar Polska Sp. z o.o.;4;+48585226008;;;www.se.com;Budowlanych 27;80-544;Gdansk;Pomorskie;poland;
1013421;Solar Polska Sp. z o.o.;4;+48338150166;;;www.se.com;Partyzantów 71;43-300;Bielsko-Biala;Slaskie;poland;
1013425;Tim S.A.;4;4.86274e+010;;;www.se.com;Dluga 19;63-400;Ostrów Wielkopolski;Lodzkie;poland;
1013426;Tim S.A.;4;+48817457073;;;www.se.com;Witosa3;20-315;Lublin;Lubelskie;poland;
1013427;Tim S.A.;4;4.87685e+010;;;www.se.com;Nowodworska 23;59-200;Legnica;Dolnoslaskie;poland;
1013428;Tim S.A.;4;4.85852e+010;;;www.se.com;Narwicka 5;80-557;Gdansk;Pomorskie;poland;
1013429;ELEKTRO-SPARK Sp. z o.o.;4;+48713565435;;;www.se.com;Fabryczna 10 C3;53-609;Wroclaw;Dolnoslaskie;poland;
1013430;Tim S.A.;4;4.87138e+010;;;www.se.com;Eugeniusza Kwiatkowskiego 24;55-011;Siechnice;Dolnoslaskie;poland;
1013431;Tim S.A.;4;4.83241e+010;;;www.se.com;Kolonia Renerowska 1;47-430;Rudy;Slaskie;poland;
1013432;Tim S.A.;4;+48717328600;;;www.se.com;Jaworska 11/13;53-612;Wroclaw;Dolnoslaskie;poland;
1013433;Tim S.A.;4;4.87743e+010;;;www.se.com;Podolska 19;48-303;Nysa;;poland;
1013434;Tim S.A.;4;4.87741e+010;;;www.se.com;Budowlanych 101A;45-005;Opole;;poland;
1013435;Tim S.A.;4;4.85236e+010;;;www.se.com;Pakoska 9;88-100;InoWroclaw;;poland;
1013436;Tim S.A.;4;+48627687455;;;www.se.com;Wroclawska 53/54;62-800;Kalisz;Wielkopolskie;poland;
1013437;Tim S.A.;4;4.87487e+010;;;www.se.com;Objazdowa 16;57-300;Klodzko;Dolnoslaskie;poland;
1013438;Tim S.A.;4;+48542361618;;;www.se.com;Spóldzielcza 3;87-800;Wloclawek;;poland;
1013439;Tim S.A.;4;+48343106980;;;www.se.com;Jaskrowska 27;42-202;Czestochowa;Slaskie;poland;
1013440;ELEKTRO-SPARK Sp. z o.o.;4;+48748540801;;;www.se.com;Strzegomska 52;58-160;Swiebodzice;Dolnoslaskie;poland;
1013441;Tim S.A.;4;+48226666680;;;www.se.com;Regulska 2B;05-820;Piastów;Mazowieckie;poland;
1013442;Tim S.A.;4;4.87684e+010;;;www.se.com;Paulinów 10;67-200;Glogów;Dolnoslaskie;poland;
1013443;Tim S.A.;4;4.85662e+010;;;www.se.com;Polna 134/136;87-100;Torun;;poland;
1013444;Unia Hurtowni Elektrycznych El-Plus;4;+48322461202;;;www.se.com;Inwalidzka 11;41-506;Chorzów;Slaskie;poland;
1013446;ELEKTRO-SPARK Sp. z o.o.;4;+48178634274;;;www.se.com;Okulickiego 18;35-959;Rzeszów;Podkarpackie;poland;
1013447;ELEKTRO-SPARK Sp. z o.o.;4;+48817445631;;;www.se.com;Energetyków 15;20-468;Lublin;Lubelskie;poland;
1013448;Elektrogiełda Sz.Żaczkiewicz M.Karliński Sp.J.;4;+48426522700;firma@xn--elektrogieda-mcc.com;www.elektrogielda.com;www.se.com;ul. Szczecińska 32/32a;91-222;Łódź;Lodzkie;poland;
1013449;Elektrotechnika MORS Sp. z o.o.;4;+48323507231;;;www.se.com;Kolejowa 19;40-609;Katowice;Slaskie;poland;
1013450;Elektrotechnika MORS Sp. z o.o.;4;+48693401626;;;www.se.com;Reymonta 64;97-500;Radomsko;Lodzkie;poland;
1013451;Elektrotechnika MORS Sp. z o.o.;4;+48184422550;;;www.se.com;Kosciuszki 10;33-300;Nowy Sacz;Malopolskie;poland;
1013452;Bargo Sp.z o.o.;4;+48297676054;;;www.se.com;Kolobrzeska 16;07-401;Ostroleka;Mazowieckie;poland;
1013454;Elektrotechnika MORS Sp. z o.o.;4;+48178541482;;;www.se.com;Boya Zelenskiego 7;35-105;Rzeszów;Podkarpackie;poland;
1013455;Elektrotechnika MORS Sp. z o.o.;4;+48566433164;;;www.se.com;Chelminska 206;86-300;Grudziadz;;poland;
1013456;Elektrotechnika MORS Sp. z o.o.;4;+48523705115;;;www.se.com;Towarowa 1A;85-746;Bydgoszcz;;poland;
1013457;Elektrotechnika MORS Sp. z o.o.;4;+48585611415;;;www.se.com;Boleslawa Prusa 41;83-200;Starogard Gdanski;Pomorskie;poland;
1013458;Elektrotechnika MORS Sp. z o.o.;4;+48126505700;;;www.se.com;Przewóz 2;30-716;Kraków;Malopolskie;poland;
1013459;Elektrotechnika MORS Sp. z o.o.;4;+48586779276;;;www.se.com;Przemyslowa 7A;84-200;Wejherówo;Pomorskie;poland;
1013460;Elektrotechnika MORS Sp. z o.o.;4;+48446481012;;;www.se.com;Kostromska 39A;97-300;Piotrków Trybunalski;Lubuskie;poland;
1013461;Elektrotechnika MORS Sp. z o.o.;4;+48691982016;;;www.se.com;Okszowska 41;22-100;Chelm;Lubelskie;poland;
1013462;Elektrotechnika MORS Sp. z o.o.;4;+48817451008;;;www.se.com;Leczynska 5;20-309;Lublin;Lubelskie;poland;
1013463;Bargo Sp.z o.o.;4;+48227205191;;;www.se.com;Wspólna 27;05-090;Janki;Mazowieckie;poland;
1013464;Elektrotechnika MORS Sp. z o.o.;4;+48542320272;;;www.se.com;Zielna 39;87-800;Wloclawek;;poland;
1013465;Elektrotechnika MORS Sp. z o.o.;4;+48523560015;;;www.se.com;Dworcowa 32;88-100;InoWroclaw;;poland;
1013466;Elektrotechnika MORS Sp. z o.o.;4;+48632467651;;;www.se.com;Zakladowa 4A;62-510;Konin;Wielkopolskie;poland;
1013467;Elektrotechnika MORS Sp. z o.o.;4;+48323285026;;;www.se.com;Fabryczna 2;43-100;Tychy;Slaskie;poland;
1013468;Elektrotechnika MORS Sp. z o.o.;4;+48338140180;;;www.se.com;Lipnicka 30;43-300;Bielsko-Biala;Slaskie;poland;
1013469;Elektrotechnika MORS Sp. z o.o.;4;+48587621811;;;www.se.com;Narwicka 2C;80-557;Gdansk;Pomorskie;poland;
1013470;Elektrotechnika MORS Sp. z o.o.;4;+48483316131;;;www.se.com;Wroclawska 8;26-600;Radom;Mazowieckie;poland;
1013471;Elektrotechnika MORS Sp. z o.o.;4;+48242537242;;;www.se.com;Zwirki i Wigury 2;99-300;Kutno;Lodzkie;poland;
1013472;Elektrotechnika MORS Sp. z o.o.;4;+48256336894;;;www.se.com;Brzeska 97A;08-110;Siedlce;Mazowieckie;poland;
1013473;Elektrotechnika MORS Sp. z o.o.;4;+48552355705;;;www.se.com;Rawska 21A;82-300;Elblag;;poland;
1013474;Bargo Sp.z o.o.;4;+48227211624;;;www.se.com;Konotopska 4A;05-850;Ozarów Mazowiecki;Mazowieckie;poland;
1013475;Elektrotechnika MORS Sp. z o.o.;4;+48895339251;;;www.se.com;Lubelska 32;10-959;Olsztyn;;poland;
1013476;Elektrotechnika MORS Sp. z o.o.;4;+48614254496;;;www.se.com;Reymonta 26;62-200;Gniezno;Wielkopolskie;poland;
1013477;Elektrotechnika MORS Sp. z o.o.;4;+48598633028;;;www.se.com;1 Armii Wojska Polskiego 42;84-300;Lebork;Pomorskie;poland;
1013478;Elektrotechnika MORS Sp. z o.o.;4;+48236732991;;;www.se.com;Mazowiecka 10;06-400;Ciechanów;Mazowieckie;poland;
1013480;Elektryk Sp. z o.o.;4;+48625001035;sklep@elektryk.net.pl;https://elektryk.net.pl/;www.se.com;ul. Dobrzecka 72;62-800;Kalisz;Wielkopolskie;poland;
1013481;Elkag - Staszów;4;+48158645175;staszow@elkag.pl;;www.se.com;Kosciuszki 2;28200;Staszów;;poland;
1013483;Elkond Sp. z o.o.;4;+48857404182;;;www.se.com;Towarowa 1;15-264;Bialystok;Podlaskie;poland;
1013484;ELMAR PLUS Sp. z o.o.;4;+48178635858;;;www.se.com;Boya Zelenskiego 16;35-105;Rzeszów;Podkarpackie;poland;
1013485;Bargo Sp.z o.o.;4;+48227585168;;;www.se.com;Warszawska 1;05-805;Otrebusy;Mazowieckie;poland;
1013486;ELMAR PLUS Sp. z o.o.;4;+48172271998;;;www.se.com;Handlowa 3;36-100;Kolbuszowa;Podkarpackie;poland;
1013487;ELMET-RZESZOW S.A.;4;+48172218448;;;www.se.com;K. K. Wielkiego 2/4;39-100;Ropczyce;Podkarpackie;poland;
1013488;ELMET-RZESZÓW S.A.;4;+48178543320;;;www.se.com;Prof. L. Chmaja 4;35-021;Rzeszów;Podkarpackie;poland;
1013489;ELMET-RZESZOW S.A.;4;+48413450947;;;www.se.com;Karczowkowska 11A;25-328;Kielce;Swietokrzyskie;poland;
1013490;ELTECH Hurtownia Elektryczna;4;+48523030970;;;www.se.com;Mickiewicza 14;88-400;Znin;;poland;
1013491;ELTECH Hurtownia Elektryczna;4;+48943514711;;;www.se.com;Szarych Szeregów 4;78-100;Kolobrzeg;Zachodnio-Pomorskie;poland;
1013492;ELTECH Hurtownia Elektryczna;4;+48943731130;;;www.se.com;Pilska9;78-400;Szczecinek;;poland;
1013493;ELTECH Hurtownia Elektryczna;4;+48523483330;;;www.se.com;Torunska 282;85-831;Bydgoszcz;;poland;
1013494;ELTECH Hurtownia Elektryczna;4;+48523483310;;;www.se.com;Grunwaldzka 109;85-401;Bydgoszcz;;poland;
1013495;ELZAP Elektrotechnika Sp. z o.o.;4;+48748372930;;;www.se.com;Piastowska 50A;58-240;Pilawa Górna;Dolnoslaskie;poland;
1013496;01 PARTNER Sp. z o.o.;4;+48426454100;biuro@01partner.com.pl;www.01partner.com.pl;www.se.com;Generała Jarosława Dąbrowskiego 219/223;93-231;Łódź;Lodzkie;poland;
1013497;ANDREM AB Sp. z o.o.;4;(+48)(58)7701560;biuro@andrem-ab.pl;https://andrem-ab.pl/;www.se.com;ul. Gołębia 11;81-185;Gdynia;Pomorskie;poland;
1013498;EG-Automatyka Sp. z o.o.;4;+48587685950;;www.eg-automatyka.com;www.se.com;Wosia Budzysza 7;80-612;Gdańsk;Pomorskie;poland;
1013499;Elektrotermex Sp. z o.o.;4;+48297604300;;www.etx.com.pl;www.se.com;Bohaterow Westerplatte 5;07-410;Ostrołęka;Mazowieckie;poland;
1013500;ELSA Sp. z o.o..;4;+48587824997;biuro@elsa.pl;www.elsa.pl/;www.se.com;Astronomow 9;80-299;Gdańsk;Pomorskie;poland;
1013501;ENERGOSTER;4;+48502185170;energoster@energoster.pl;www.energoster.pl;www.se.com;Jana Nowaka Jeziorańskiego 7 lok. 116;03-984;Warszawa;;poland;
1013502;FM Solutions Sp.z o.o.;4;+48122972290;krzysztof.stajnder@fmsol.pl;www.fmsol.pl/;www.se.com;Podole 76;30-347;Kraków;Malopolskie;poland;
1013503;General Automatic Sp. z o.o. Sp. k.;4;+48507553835;;www.general-automatic.pl;www.se.com;Rondo Mogilskie 1/514;31-516;Kraków;Malopolskie;poland;
1013505;Graphen Fligier Sp.j.;4;;info@graphen.pl;;www.se.com;Józefa Łęgowskiego 3;60-689;Poznań;Wielkopolskie;poland;
1013506;Infracorr Sp. z o.o.;4;+48585214141;listy@infracorr.com.pl;www.infracorr.com.pl/;www.se.com;Chrobrego 8;80-423;Gdańsk;Pomorskie;poland;
1013507;INSTER Sp. z o.o.;4;+48227515994;biuro@inster.pl;www.inster.pl;www.se.com;Wiślana 51;05-092; Łomianki;;poland;
1013508;API Smart Sp. z o.o.;4;+48124467120;grzegorz.chlebosz@apismart.pl;www.apismart.pl/;www.se.com;Zawila 65L;30-390;Kraków;Malopolskie;poland;
1013510;IQHOUSE.PL JUSTYNA KOZŁOWICZ;4;+48523453347;;www.iqhouse.pl;www.se.com;Gdanska 131/1;85-022;Bydgoszcz;Kujawsko-Pomorskie;poland;
1013511;IRA -Inteligentne Rozwiazania Automatyki Sp. z o.o.;4;+48227520736;baczewski@ira.pl;www.ira.pl;www.se.com;Julianowska 35;05-500;Piaseczno;;poland;
1013512;IT Control Sp. z o.o.;4;+48413107100;biuro@it-control.pl;www.it-control.pl;www.se.com;Lotnicza 40b;26-001;Masłów;Swietokrzyskie;poland;
1013515;LON SYSTEM PARTNER Pawel Przybylek;4;;przybylek.pawel@gmail.com;;www.se.com;Chelmonskiego 42c/2;51-630;Wrocław;Dolnoslaskie;poland;
1013516;LTEC Sp. z o.o.;4;+48223926939;jaroslaw.tezycki@ltec.pl;www.ltec.pl;www.se.com;Puławska 44D;05-500;Piaseczno;Mazowieckie;poland;
1013517;Maat4 Sp. z o.o.;4;+48601355800;piotr.kiliszek@maat4.pl;maat4.pl;www.se.com;Popularna 4/6;02-473;Warszawa;Mazowieckie;poland;
1013518;Metrolog Sp. z o.o.;4;+48672553439;mariusz.miodowski@metrolog.com.pl;www.metrolog.com.pl;www.se.com;Kościuszki 97;64-700;Czarnków;Wielkopolskie;poland;
1013519;Asguard Sp. z o.o.;4;+48794994442;a.szymanski@asguard.pl;asguard.pl/;www.se.com;ul. CHMIELNA 85/87;00-805;Warszawa;Mazowieckie;poland;
1013520;NW Control Sp. z o.o.;4;+48583203002;nwc@nwcontrol.com.pl;www.nwcontrol.com.pl;www.se.com;Kasztanowa 19;83-010;Rotmanka;Pomorskie;poland;
1013521;PKE Polska Sp. z o.o.;4;+48225725870;;www.pke-pl.com;www.se.com;Osmańska 14;02-823;Warszawa;Mazowieckie;poland;
1013522;Pracownia Automatyki Marek Waclawski;4;+48896212054;marek@paut.pl;paut.pl/;www.se.com;Elganowo 50;12-130;Pasym;Warminsko-mazurskie;poland;
1013523;Przedsiębiorstwo Robót Elektrycznych i Handlu 'PREK' Sp.j.;4;+48126324670;wama@prek.com.pl;www.prek.com.pl;www.se.com;Żwirowa 2 ;31-226;Kraków;Malopolskie;poland;
1013524;Register;4;+48817420191;register.tacp@neostrada.pl;;www.se.com;ul. Karpacka 36;20-868;Lublin;Lubelskie;poland;
1013526;SATCHWELL POLSKA TORUN SP. Z O.O.;4;+48566598912;satchwell@torun.home.pl;www.satchwell.com.pl;www.se.com;Olsztynska 93/95;87-100;Torun;;poland;
1013527;Smartsys Sp. z o.o.;4;+48422794030;t.andrzejewski@smartsys.pl;www.smartsys.pl;www.se.com;Zelwerowicza 30;90-147;Łódź;;poland;
1013528;SP SYSTEMY PROFESJONALNE Stanisław Pałubicki;4;;s.palubicki@sp.gda.pl;;www.se.com;ul. Dywizjonu 303 lok.16;80-462;Gdańsk;Pomorskie;poland;
1013529;SPIE Building Solutions Sp. z o.o.;4;;tomasz.urbanski@spie-agis.com;;www.se.com;Wołoska 5;02-675;Warszawa;;poland;
1013530;BMS Serwis Sp. z o.o.;4;+48665608308;robert.malaczek@bms-serwis.com;www.bms-serwis.com;www.se.com;ul. Wawrzyńca Żuławskiego 4/6;02-641;Warszawa;Mazowieckie;poland;
1013533;SW-system;4;+48609189747;info@sw-system.pl;;www.se.com;Gołębia 16;70-781;Szczecin;;poland;
1013534;Symetrium Sp. z o. o. Sp. k.;4;124447361;bartlomiej.czado@elektroproces-it.pl;symetrium.com.pl/;www.se.com;Drukarska 18/3;30-348;Kraków;Malopolskie;poland;
1013535;Therma-Klim Izykowski spolka jawna;4;+48713339518;therma@therma-klim.com.pl;www.therma-klim.com.pl/;www.se.com;Klimasa 8;50-515;Wrocław;Dolnoslaskie;poland;
1013537;Unima 2000 Systemy Teleinformatyczne S.A.;4;+48228833656;t.ziarko@unima2000.pl;www.unima2000.pl;www.se.com;Skarżyńskiego 14;31-866;Kraków;Malopolskie;poland;
1013538;Zaklad Systemow Komputerowych ZSK Sp. z o.o.;4;+48122692422;adam.tarnawski@zsk.pl;www.zsk.pl;www.se.com;Babinskiego 62A;30-393;Kraków;Malopolskie;poland;
1013539;Control System Sp.J. Henryk Zupanski, Krzysztof Jedrzejewski;4;+48717156272;;www.controlsystem.pl;www.se.com;Notecka 12;54-128;Wroclaw;Dolnoslaskie;poland;
1013540;CORAL W. Perkowski J. Perkowski Sp.j.;4;+48856544526;;;www.se.com;Podleśna 3;16-070;Choroszcz;Podlaskie;poland;
1013541;Dalkia Polska Solutions Sp. z o.o.;4;+48224995034;biuro@matexcontrols.pl;www.matexcontrols.pl;www.se.com;Kolejowa 49;05-092;Łomianki;Mazowieckie;poland;
1013542;Digi Control Technika Regulacji Sp. z o.o.;4;+48717902768;arkadiusz.szpila@digicontrol.pl;;www.se.com;Strzegomska 55;50-986;Wroclaw;Dolnoslaskie;poland;
1013543;EG MAPS Sp. z o.o. sp. k.;4;;biuro@e-maps.pl;www.e-maps.pl/;www.se.com;Lea 114/411;30-133;Kraków;Malopolskie;poland;
1013544;"VIMAR" T. Bartoszek W. Pędzieszczak Sp. j.;4;(+48)222437868;w.pedzieszczak@vimar.pl;;www.se.com;ul. Korzona 117/34;03-571;Warszawa;Mazowieckie;poland;
1013545;AC Elektro Technology Sp. z o.o.;4;+48587463861;sekretariat@acelektro.pl;acelektro.pl/;www.se.com;ul. Mikołaja Reja 3;80-404;Gdańsk;Pomorskie;poland;
1013546;Elbex Sp. z o.o.;4;+48504257480;elbex@elbex.pl;www.elbex.pl/;www.se.com;ul. Załęska 69a;35-322;Rzeszów;Podkarpackie;poland;
1013547;Electricon Sp. z o.o.;4;+48123128610;biuro@electricon.com.pl;electricon.com.pl/;www.se.com;ul. Longinusa Podbipięty 29A;31-980;Kraków;;poland;
1013548;ELECTRO ENERGY GROUP Damian Kurzej;4;+48730690280;biuro@eegroup.pl;https://eegroup.pl/;www.se.com;ul. Wandy 16c;40-322;Katowice;;poland;
1013549;Eleks Janusz Kosiorek Sp.j.;4;+48228798330;biuro@eleks.com.pl;https://www.eleks.com.pl/;www.se.com;ul. Fizylierów 32;04-497;Warszawa;Mazowieckie;poland;
1013550;Elektro Proces S.A.;4;+48126861280;biuro@elektroproces.pl;www.elektroproces.pl/;www.se.com;ul. Ciepłownicza 28;31-587;Kraków;Malopolskie;poland;
1013551;Elektro-Klim Sp. z o.o.;4;+48618121332;biuro@elektro-klim.pl;www.pl.elektro-klim.pl/;www.se.com;Strumiany 16;62-025;Kostrzyn;Wielkopolskie;poland;
1013552;Elektro-Tech Bud Kazimierz Domaradzki;4;(+48)(17)8554655;biuro@elektro-tb.pl;www.elektro-techbud.pl/;www.se.com;ul. Zawiszy Czarnego 26A;35-083;Rzeszów;Podkarpackie;poland;
1013553;ELEKTROKOM Sp. z o.o.;4;+48223197753;biuro@elektro-kom.net.pl;https://elektrokom.net.pl/;www.se.com;ul. Bukowiecka 92;03-893;Warszawa;Mazowieckie;poland;
1013554;Elektromontaż - Poznań S.A.;4;+48608921129;elmont@elektromontaz.com;https://elektromontaz.com/;www.se.com;ul. Wieruszowska 12/16;60-166;Poznań;Wielkopolskie;poland;
1013555;Elektromontaż nr 2 Kraków;4;+48126334044;biuro@elektromontaz.krakow.pl;elektromontaz.krakow.pl/;www.se.com;ul. Łowińskiego 7;31-752;Kraków;Malopolskie;poland;
1013557;Elektromontaż Rzeszów S.A;4;+48178640530;sekretariat@elektromontaz.com.pl;https://elektromontaz.com.pl/;www.se.com;ul. Słowackiego 20;35-060;Rzeszów;;poland;
1013558;Elektropomiar Mirosław Eliks Sp. z o.o;4;(+48)602310389;meliks@onet.pl;;www.se.com;ul. Długa 28;62-330;Nekla;Wielkopolskie;poland;
1013559;Elektrotermia Sp. z o.o. Sp. k.;4;+48123065200 ;info@elektrotermia.com.pl;https://www.elektrotermia.com.pl/pl/;www.se.com;ul. Mackiewicza 5;31-214;Kraków;Malopolskie;poland;
1013561;Elmax-Hurt Żywicki Sp. j.;4;(+48)(32)4798100;biuro@elmax-hurt.pl;https://www.elmax-hurt.pl/;www.se.com;ul. Oświęcimska 83;43-100;Tychy;Slaskie;poland;
1013562;Elmiko Sp. z o.o.;4;(+48)322263132;biuro@elmiko.biz;www.elmiko.biz/;www.se.com;ul. Rybnicka 20;43-190;Mikołów;Slaskie;poland;
1013563;Eltar Energy Sp. z o.o.;4;(+48)(63)244-92-22;firma@eltar-energy.pl;www.eltar-energy.pl/;www.se.com;ul. Europejska 13;62-500;Konin;Wielkopolskie;poland;
1013564;Energetyk Energy Sp. z o.o. Sp. k.;4;(+48)62 7649322;oferty@energetykenergy.pl;www.energetykenergy.pl/;www.se.com;ul. Korczak 100;62-800;Kalisz;;poland;
1013565;Energo Instal Sp. j.;4;(+48)323074744;biuro@einstal.com.pl;https://www.einstal.com.pl/;www.se.com;ul.Eugeniusza Romera 6;41-712;Ruda Śląska;Slaskie;poland;
1013566;Energo-Inwest Sp. z o.o.;4;+48323408231;biuro@e-inwest.pl;https://www.e-inwest.pl/;www.se.com;ul. Pawła 6;41-708;Ruda slaska;Slaskie;poland;
1013567;Apator Elkomtech S.A.;4;+48506009271;torun.elkomtech@apator.com;www.apator.com/pl;www.se.com;ul. Wołowa 2c;93-569;Łódź;;poland;
1013568;Enerlink Sp. z o.o.;4;(+48)601318586;biuro@enerlink.pl;enerlink.com.pl/;www.se.com;ul. Wandy 16K;40-322;Katowice;Slaskie;poland;
1013569;GK-Elektro Sp. z o.o.;4;(+48)530400850;biuro@gkelektro.com;https://gkelektro.com/;www.se.com;ul. Gdyńska 83;62-004;Czerwonak;;poland;
1013570;HG Solutions Sp. z o.o.;4;+48586643520;rekrutacja@hgsolutions.pl;https://www.hareidgroup.com/pl/;www.se.com;ul. Czechosłowacka 3;81-336;Gdynia;Pomorskie;poland;
1013571;Hulanicki Bednarek Sp. z o.o.;4;(+48)825640711;biuro@haberenergia.pl;https://www.haberenergia.pl/;www.se.com;ul. Wyszyńskiego 2B;22-100;Chełm;Lubelskie;poland;
1013572;JKE Jakub Kakareko;4;(+48)508186496;kuba.kakareko@gmail.com;jke.bialystok.pl/;www.se.com;ul. Ojca Stefana Tarasiuka 1;16-001;Kleosin;Podlaskie;poland;
1013573;PPHU POZYTEL;4;+48606212292;pozytel@prokonto.pl;https://www.pozytel.pl/;www.se.com;ul. Rydlówka 5;30-363;Kraków;Malopolskie;poland;
1013574;Projekt-Automatyka i Elektrotechnika Sp. z o.o.;4;+48774515450;;projekt.com.pl/;www.se.com;ul. Wspólna 3B;45-837;Opole;Opolskie;poland;
1013575;Przedsiębiorstwo Budowlano Instalacyjne Budomax Biały Kuźniar Sp. j.;4;(+48)178520617;biuro@budomax.pl;www.budomax.pl/;www.se.com;ul. Jagiellońska 9;35-025;Rzeszów;Podkarpackie;poland;
1013576;Przedsiębiorstwo Elektromontażowe Elstar Electric A. Bygar;4;+48413616973;sekretariat@elstarelectric.pl;www.elstarelectric.pl/;www.se.com;ul. Batalionów Chłopskich 71;25-671;Kielce;Swietokrzyskie;poland;
1013577;Przedsiębiorstwo Produkcyjno-Usługowe "Elmontaż-BG" Marcin Bilski, Magdalena Gruszczyńska;4;(+48)(52)3494111;info@elmontaz.com.pl;https://elmontaz.com.pl/;www.se.com;ul. Niedzielna 24A;86-005;Białe Błota;;poland;
1013578;AS Technika Sp. z o.o.;4;+48713305823;biuro@astechnika.pl;https://astechnika.pl/;www.se.com;ul. Gorlicka 73/11;51-314;Wrocław;Dolnoslaskie;poland;
1013579;Przedsiębiorstwo Wielobranżowe "EDMA";4;(+48)(85)7407400;biuro@edma.pl;www.edma.pl/index.php?mod=strona_glowna;www.se.com;ul. Usługowa 15/1;15-521;Białystok;Podlaskie;poland;
1013580;Remontowa Electrical Solutions Sp z o.o.;4;+48583072246;info@res.rh.pl;www.res.rh.pl/index.php/pl/;www.se.com;ul. Na Ostrowiu 1;80-958;Gdańsk;Pomorskie;poland;
1013581;Revico S.A.;4;(+48)243658300;revico@revico.pl;https://revico.pl/;www.se.com;Mirosław 39c;09-472;Słupno;Mazowieckie;poland;
1013582;Serwis Handlowo Usługowy ELEKTROTEAM Sp. z o.o.;4;(+48)447338615;biuro@elektroteam.com.pl;www.elektroteam.com.pl/;www.se.com;ul. E. Kwiatkowskiego 6;97-400;Bełchatów;Lodzkie;poland;
1013583;SIL4 - Engineering Sp. z o.o.;4;+48669192586;biuro@sil4.pl;https://sil4.pl/home/;www.se.com;ul. Przepiórcza 11;42-400;Zawiercie;;poland;
1013584;Stermatik s.c.;4;(+48)793210110;biuro@stermatik.pl;https://stermatik.pl/;www.se.com;ul. Słoneczna 2;05-270;Marki;;poland;
1013585;Stermatik s.c.;4;+48696488844;marcin.kot@stermatik.pl;www.stermatik.pl;www.se.com;Słoneczna 2;05-270;Marki;Mazowieckie;poland;
1013586;Warsztat Produkcyjno-Przemysłowy - W.P.P. Zdzisław Lityński;4;(44)7351721;wpp@wpp.biz.pl;https://wpp.biz.pl/;www.se.com;ul. Instalacyjna 6;97-427;Rogowiec;Lodzkie;poland;
1013587;ZAE Sp. z o.o.;4;+48717955011;dh@zae.pl;www.zae.pl/o-firmie/;www.se.com;ul. Fabryczna 14;53-609;Wrocław;;poland;
1013588;ZENEX Sp. z o.o.;4;(+48)691911181;zenex@zenex.pl;zenex.pl/;www.se.com;ul. Wiosenna 35;63-200;Jarocin;;poland;
1013589;Automa Sp. z o.o.;4;+48585223764;biuro@automa.pl;https://www.automa.pl/;www.se.com;ul. Narwicka 10;80-557;Gdańsk;Pomorskie;poland;
1013590;ZIE Tadeusz Gostkiewicz Sp. z o.o.;4;(+48)0895334349;t.gostkiewicz@gostkiewicz.pl;www.gostkiewicz.pl/;www.se.com;ul. Piłsudskiego 66A;10-449;Olsztyn;Warminsko-mazurskie;poland;
1013591;ZPUE S.A.;4;+48413881000;office@zpue.pl;https://zpue.pl/;www.se.com;ul. Jędrzejowska 79C;29-100;Włoszczowa;Swietokrzyskie;poland;
1013592;BLAKS S.A.;4;+48222430885;adm@blaks.pl;www.blaks.pl/;www.se.com;ul.Szyszkowa 20;02-285;Warszawa;Mazowieckie;poland;
1013593;Blumenbecker Polska;4;+48323515065;bp@blumenbecker.com;https://www.blumenbecker.com/pl/;www.se.com;ul. Ligocka 103;40-568;Katowice;Slaskie;poland;
1013594;DSF Inwestycje S.C.;4;+48795599060;biuro@dsfinwestycje.pl;dsfinwestycje.pl/;www.se.com;ul. Wigury 21;90-319;Łódź;;poland;
1013595;Dynamik Sp. z o.o.;4;+48122999299;centrala@dynamik.com.pl;https://www.dynamik.com.pl/;www.se.com;Albatrosów 13;30-716;Kraków;;poland;
1013596;A-LAN Technologie Sp. z o.o. Sp. K.;4;;michal.marko@a-lan.pl;;www.se.com;Dobrego Pasterza 36A;31-416;Kraków;Malopolskie;poland;
1013597;AB Systems Sp. z o.o.;4;+48122900312;piotr.parylak@absystems.pl;www.absystems.pl;www.se.com;ul. Pułkownika Dąbka 8;30-732;Kraków;;poland;
1013598;ARP System Sp. z o.o.;4;228851428;pawel.kolbicz@arpsystem.pl;arpsystem.pl;www.se.com;Bruzdowa 96D/3;02-991;Warszawa;Mazowieckie;poland;
1013599;Silco Sp. z o.o. Sp.k.;4;+(48)587629090;silco@silco.pl;silco.pl;www.se.com;Klukowska 7e;80-298;Gdansk;Pomorskie;poland;
1013600;SIM-TECH MAŁKOWSKI MARCIN;4;+48507711554;sim-tech@o2.pl;;www.se.com;DWORNA 18/2;18-400;ŁOMŻA;Podlaskie;poland;
1013601;SPED S.j.;4;+48730093604;radek@it.sped.pl;;www.se.com;Krakowska 180;52-015;Wrocław;Dolnoslaskie;poland;
1013602;Statim Piotr Wypijewski;4;+48228321170;grzegorz.markiewicz@statim.com.pl;;www.se.com;Głogowska 3;01-743;Warszawa;Mazowieckie;poland;
1013603;STIMO Sp. z o.o;4;+48134201030;biuro@stimo.pl;www.stimo.pl;www.se.com;Prezydenta R. Kaczorowskiego 6;38-400;Krosno;Podkarpackie;poland;
1013604;Sunnet Sp. z o.o.;4;;krzysztof.szweda@sunnet.pl;www.sunnet.pl;www.se.com;Kraśnięta 119;80-177;Gdańsk;Pomorskie;poland;
1013605;Symbit Sp. z o.o.;4;+48535857770;jacek.rebacz@symbit.pl;;www.se.com;Lasockiego 39a/2;20-612;Lublin;Lubelskie;poland;
1013606;Syntis sp z o.o.;4;+48856743364;biuro@syntis.pl;;www.se.com;Ciołkowskiego 11/1;15523;Grabówka;Podlaskie;poland;
1013607;System Data Sp. z o.o.;4;+48175818282;robert.sienko@systemdata.pl;;www.se.com;ul. Sienkiewicza 42;39-300;Mielec;Podkarpackie;poland;
1013608;SZTORM IT Izabela Burzyńska;4;+48570658689;biuro@sztorm.eu;;www.se.com;lokatorska 13a/121;93-021;lodz;Lodzkie;poland;
1013610;Technitel Polska S.A.;4;+48426564098;handel@technitel.pl;www.grupatechnitel.pl;www.se.com;Stefanii Kuropatwińskiej 16;95-100;Zgierz;Lodzkie;poland;
1013611;thomas it;4;+48324449430;info@thomas-it.pl;;www.se.com;ul. Opolska 22;40-084;Katowice;Slaskie;poland;
1013612;TTS Company Sp. z o. o.;4;;radoslaw.skwira@tts.com.pl;www.apnsmb.pl;www.se.com;Domaniewska 42;02-672;Warszawa;Mazowieckie;poland;
1013616;Ventus Communications Sp. z o.o.;4;+48618614884;ventus@ventus.pl;;www.se.com;ul. Swoboda 12;60-391;Poznań;Wielkopolskie;poland;
1013621;Wachowiak & Syn s.c.;4;601586062;info@wachowiakisyn.pl;www.wachowiakisyn.pl;www.se.com;Grunwaldzka 165D/43;60-322;Poznań;Wielkopolskie;poland;
1013622;WASKO S.A.;4;+48501561584;j.sroka@wasko.pl;www.wasko.pl;www.se.com;ul. Berbeckiego 6;44-100;Gliwice;Slaskie;poland;
1013623;Wildfusion Group;4;+48327635000;;;www.se.com;ul. Mikołowska 31;41-400;Mysłowice;Slaskie;poland;
1013624;World IT;4;+48515648023;ryszard.oliwa@worldit.com.pl;www.worldit.com.pl;www.se.com;Światowa 24;02-229;Warszawa;Mazowieckie;poland;
1013625;Xcomp spółka z ograniczoną odpowiedzialnością sp.k.;4;+48913123482;grzegorz.swiderski@xcomp.pl;www.xcomp.pl;www.se.com;ul. Białowieska 6B;71-010;Szczecin;;poland;
1013626;Xylent sp. z o.o.;4;+48717234245;apc@xylent.pl;;www.se.com;Świeradowska 51/57/102A;50-559;Wrocław;Dolnoslaskie;poland;
1013628;Atende S.A.;4;+48222957300;kontakt@atende.pl;;www.se.com;Plac Konesera 10A,;03-736;Warszawa;Mazowieckie;poland;
1013629;BAKPOL mgr inz. Czeslaw Zablocki;4;796132823;bakpol@bakpol.com.pl;www.bakpol.com.pl;www.se.com;Ordynacka 11/17;00-364;Warszawa;Mazowieckie;poland;
1013630;Bechtle direct Polska Sp. z o o.;4;713479949;bartlomiej.szponar@bechtle.com;www.bechtle.pl;www.se.com;ul.Krakowska 29;50-424;Wrocław;;poland;
1013631;Bino Computers S. Bobek, B. Bielak, S. Bara S.J.;4;+48122601103;biuro@bino.com.pl;https://bino.pl;www.se.com;Wrząsowice 182;32-040;Świątniki Górne;Malopolskie;poland;
1013633;BRASCO INTEGRATOR SP. Z O.O. SP.K.;4;+48327756846;brasco@brasco.com.pl;www.brasco.com.pl;www.se.com;Zaolziańska 11;41-800;Zabrze;Slaskie;poland;
1013634;Business Power Sp. z o.o.;4;+48695370452;marcin.karolak@businesspower.com.pl;;www.se.com;ul. Transportowców 11;02-858;Warszawa;Mazowieckie;poland;
1013635;ADESCO Sp. z o. o.;4;+48723003403;tomasz.pielat@adesco.pl;;www.se.com;Mełgiewska 11 lok. 35;20-209;Lublin;Lubelskie;poland;
1013636;Centrum Informatyki ZETO SA;4;+48857483200;zeto@zeto.bialystok.pl;www.zeto.bialystok.pl;www.se.com;Skorupska 9;15-048;Białystok;Podlaskie;poland;
1013637;CEZAR Cezary Machnio i Piotr Gębka Sp. z o.o.;4;+483600021;przetargi@cezarkomputery.pl;;www.se.com;Wolność 8, lok. 4;26-600;Radom;Mazowieckie;poland;
1013638;Cezar Sp. z o.o.;4;+48228872160;c.felus@cezar.pl;cezar.pl;www.se.com;Aspekt 42;01-904;Warszawa;Mazowieckie;poland;
1013639;Clarifity Sp. z o.o. sp.k.;4;+48613072758;biuro@clarifity.pl;www.clarifity.pl;www.se.com;Św. Marcin 29/8;61-806;Poznań;Wielkopolskie;poland;
1013640;Cloud Power Sp.z o.o.;4;+48504113750;pawel.winek@cloud-power.pl;;www.se.com;Żegańska 1;04-713;Warszawa;Mazowieckie;poland;
1013641;Cocon Systemy Komputerowe Sp. z o.o. Sp. k.;4;+48665455055;szymon.zwolinski@cocon.pl;www.cocon.pl;www.se.com;ul. Dworcowa 10a;46-300;Olesno;Opolskie;poland;
1013642;Computer Service Support Beskidy Sp. z o.o.;4;+48601525258;mszamborski@cssbeskidy.pl;www.cssbeskidy.pl;www.se.com;ul Filarowa 47;43-300;Bielsko-Biała;Slaskie;poland;
1013643;CPD System Sp. z o.o.;4;+48505595119;j.banowski@unikkon.pl;;www.se.com;ul. Skorupki 13;05-220;Zielonka;Mazowieckie;poland;
1013644;CROCOM COMPUTER SYSTEMS S.C.;4;+48583450575;;www.crocom.com.pl;www.se.com;ul. G. Narutowicza 11/12;80-952;Gdańsk;Pomorskie;poland;
1013645;DATECH Systemy i Sieci Komputerowe;4;663765894;d.pozniak@datech.com.pl;www.datech.cz;www.se.com;Słodowa 24;67-200;Głogów;Dolnoslaskie;poland;
1013647;DC Serwis;4;888415666;robert.jackowski@dcserwis.eu;www.dcserwis.eu;www.se.com;Al.Jerozolimskie 123;05-831;Warszaw;Mazowieckie;poland;
1013648;DELKOM 2000 SP. Z O.O.;4;585859580;biznes@delkom.pl;;www.se.com;I wszej Brygady Pancernej Wojska Polskiego 36;84-200;Wejherowo;Pomorskie;poland;
1013651;DreamITeam sp. z o.o.;4;48513008513;michal.ruta@dreamiteam.pl;;www.se.com;Posag 7 Panien 10;02-495;Warszawa;Mazowieckie;poland;
1013652;E-Direct Cloud Solutions Sp. z o.o.;4;+48228141480;szelaznicki@edirect.pl;www.edirect.pl;www.se.com;ulśw. Jacka Odrowąża 15;03-310;Warszawa;Mazowieckie;poland;
1013653;e-Tech Jacek Sójka Sp. J.;4;+48426760034;jsojka@e-tech.eu.pl;;www.se.com;ul. Nowa 29/31;90-030;Łódź;Lodzkie;poland;
1013654;ELBIT - Jacek S. Klimaszewski;4;+48322696662;;www.elbit.com.pl;www.se.com;ul. 3 Kwietnia 21;41-253;Czeladź 3;Slaskie;poland;
1013657;Alfa Protect SC;4;+48607644406;biuro@apjg.pl;;www.se.com;Drzymały 25/8;58-500;Jelenia Góra;Dolnoslaskie;poland;
1013658;EMMA-PC Technologie Komputerowe SP.J.;4;;biuro@emma-pc.pl;www.emma-pc.pl;www.se.com;ulDomaniewska 22A;02-672;Warszawa;Mazowieckie;poland;
1013659;Eokna;4;+48570503131;eokna@outlook.com;;www.se.com;Myśliwska 5B /188;30718;Kraków;Malopolskie;poland;
1013660;ESKOM E. i S. Niklewicz Sp.j.;4;+48221005582;apc@eskom.com.pl;www.eskom.com.pl;www.se.com;ul. Puławska 45B/Piaseczno;00-138;Warszawa;Mazowieckie;poland;
1013662;Ewa i Tomasz Pawelscy Przedsiębiorstwo Prywatne s.c.;4;+48783329595;sieciownia@home.pl;;www.se.com;Makowa 22;55-093;Kiełczów;Dolnoslaskie;poland;
1013663;Exanet Sp. z o.o. Sp. k.;4;618512760;biuro@exanet.pl;www.exanet.pl;www.se.com;ul. Winogrady 70A;61-659;Poznań;Wielkopolskie;poland;
1013664;Fast IT Sp. z o.o. Sp.k.;4;426133700;sprzedaz@fast.com.pl;www.fast.com.pl;www.se.com;Brukowa 12;91-341;Lodz;Lodzkie;poland;
1013665;Fima Polska Sp. z o.o.;4;+48221005050;serwis@fimapolska.pl;www.fimapolska.pl;www.se.com;Poleczki 12;02-822;Warszawa;Mazowieckie;poland;
1013666;Forteca IT;4;577177294;krzysztof.bugno@fortecait.pl;https://fortecait.pl;www.se.com;Tuwima 58;90-004;Łódź;;poland;
1013667;Geotechnology Sp. z o. o. Spółka Komandytowa;4;792123512;apc@geotechnology.pl;https://www.geotechnology.pl/;www.se.com;Hrubieszowska 2;01-209;warszawa;Mazowieckie;poland;
1013668;ALLIGO Sp. z o.o., Sp.k.;4;+48225335150;jacek.uljanicki@alligo.pl;https://www.alligo.pl/;www.se.com;Ciołka 13 lok.10;01-445;Warsaw;Mazowieckie;poland;
1013669;Grandmetric Sp. z o.o.;4;+48616468434;info@grandmetric.com;https://www.grandmetric.com/pl/home/;www.se.com;Baśniowa 42;60-193;POZNAN;Wielkopolskie;poland;
1013670;Gravizz Management;4;;biuro@gravizz.com.pl;;www.se.com;Sępia 23;04-512;Warszawa;Mazowieckie;poland;
1013671;Hardsoft-Telekom Jarosław Kaźmierczak;4;+48616657171;piotr_j@ht.poznan.pl;www.ht.poznan.pl;www.se.com;ul.Namysłowska 17/19;60-166;Poznań;Wielkopolskie;poland;
1013672;HENWAR;4;+48228282818;biuro@henwar.pl;www.henwar.pl;www.se.com;ul.W.Perzyńskiego 20;01-883;Warszawa;Mazowieckie;poland;
1013673;IdeaConcept Jacek Hawrylczak;4;+48605830901;jacek.hawrylczak@ideaconcept.expert;www.ideaconcept.expert;www.se.com;Zacisze 5B lok. 101;65-775;Zielona Góra;Lubuskie;poland;
1013674;Indata Connect Sp.z o.o.;4;+48515166966;pk@in-data.pl;;www.se.com;Strzegomska 138;54204;Wrocław;Dolnoslaskie;poland;
1013677;INNERGO SYSTEMS SP. Z O.O.;4;+48519311426;anna.bragiel@innergo.pl;www.innergo.pl;www.se.com;Odrowąża 15;03-310;Warszawa;Mazowieckie;poland;
1013678;Integrated Solutions Sp. z o.o.;4;+48607283511;gbanasiak@i-s.com.pl;www.integratedsolutions.pl;www.se.com;Karolkowa 30;01-207;Warszawa;Mazowieckie;poland;
1013680;IQRC Polska Sp. z o.o.;4;+48222501575;jacek.janiszewski@iqrc.pl;https://iqrc.pl/;www.se.com;Al. Jana Pawla II 27;00-867;Warszawa;Mazowieckie;poland;
1013681;ITPunkt Sp. z o.o;4;327970320;biuro@itpunkt.pl;https://itpunkt.pl;www.se.com;Wandy 18A;40-322;Katowice;Slaskie;poland;
1013682;KAMSOFT S.A.;4;+48326091275;jkopel@kamsoft.pl;www.kamsoft.pl;www.se.com;ul. 1 Maja 133;40-235;Katowice;Slaskie;poland;
1013684;Komputronik Biznes Sp.zo.o;4;+48535382123;jaroslaw.bankowski@komputronik-biznes.pl;https://www.komputronikbiznes.pl/;www.se.com;ul. Wołczyńska 37, 60-003 Poznań;60-003;Poznań;Wielkopolskie;poland;
1013685;KONSULTING DORADZTWO BIZNESOWE IWONA KOBYLSKA;4;+48123751515;grzegorz@artbi.eu;https://artbi.eu/;www.se.com;ul. WALLEK - WALEWSKIEGO 17A;30-094;Kraków;Malopolskie;poland;
1013686;Krzysztof Kwiatkowski KDevel;4;579064258;kkwiatkowski@kdevel.pl;;www.se.com;Kazimierza Pułaskiego 23A;20-461;Lublin;Lubelskie;poland;
1013687;KTK TECH SP. Z O.O.;4;+48531777189;biuro@ktktech.pl;;www.se.com;Odlewnicza 7;03-231;Warszawa;Mazowieckie;poland;
1013688;LOGON S.A.;4;+48523260000;justyna.rakoczy@logon.pl;www.logon.pl;www.se.com;ul. Piotrowskiego 7A;85-098;Bydgoszcz;;poland;
1013689;MA ROBOMATIK Mirosław Adamczuk;4;713485121;amirek@robomatik.com.pl;robomatik.com;www.se.com;ulMydlana 1;51-502;Wrocław;Dolnoslaskie;poland;
1013690;Alterkom sp. z o.o;4;126540685;krzysztof.wojarski@alterkom.pl;www.alterkom.pl;www.se.com;ul.Borkowska 25b/U2;30-438;Kraków;Malopolskie;poland;
1013692;Marktronic Computers s.c.;4;+48602457111;konsultant01@marktronic.pl;;www.se.com;ul. Piłsudskiego 13/1;26-600;Radom;Mazowieckie;poland;
1013693;Maxcon S.C.;4;+48(58)3440415;maxcon@maxcon.pl;https://www.maxcon.pl;www.se.com;Zbyszka z Bogdańca 1;80-419;Gdańsk;Pomorskie;poland;
1013695;Microsecond S.C.;4;;sklep@msec.pl;www.msec.pl;www.se.com;Mostowa 1/3;31-061;Krakow;Malopolskie;poland;
1013696;Mikrob S.A.;4;+48627309610;info@mikrob.pl;www.mikrob.pl;www.se.com;Przemysłowa 7;63-500;Ostrzeszów;Wielkopolskie;poland;
1013697;Mikron Granatowski Macioszek sp.j.;4;510129700;jacek@mik.pl;www.mik.pl;www.se.com;ul. Kropidły 1/8;45-092;Opole;Opolskie;poland;
1013698;Milestone Dom Wdrożeniowy Sp. z o.o.;4;;kontakt@milestonedw.pl;www.milestonedw.pl;www.se.com;ul. Tęczowa 13;53-601;Wrocław;Dolnoslaskie;poland;
1013699;MK SYSTEM;4;126561144;biuro@mksystem.eu;mksystem.info;www.se.com;ulDekerta 2/17;30-703;Kraków;Malopolskie;poland;
1013700;MX Solution Sp. z o.o.;4;+48713474011;andrzek.berntek@mxsolution.pl;;www.se.com;Al. Poprzeczna 82;51-167;Wrocław;Dolnoslaskie;poland;
1013701;AODC SP. Z O.O.;4;;filipiak@aodc.pl;www.aodc.pl;www.se.com;ZawiÅ‚a 65L;30-390;Kraków;Malopolskie;poland;
1013702;Net-o-logy Sp. z o.o.;4;;andrzej.lodziana@netology.com.pl;www.netology.pl;www.se.com;Graniczna 29;;Katowice;Slaskie;poland;
1013703;NETZ Sp. z o.o.;4;+48663300353;handlowy@netz.pl;netz.pl;www.se.com;Nad Stawem 7;80-454;Gdansk;Pomorskie;poland;
1013704;NEWIND Sp. z o.o.;4;+48668312782;adam.mlynarczyk@newind.pl;;www.se.com;ul. Duńska 11;54-427;Wrocław;Dolnoslaskie;poland;
1013705;Ngroup Sp. z o.o.;4;;marcin.sloma@ngroup.eu;;www.se.com;Al. Jana Pawła II 61C lok. 304;01-031;Warszawa;Mazowieckie;poland;
1013707;Nowe Technologie Tranzystorowe;4;+48502029255;ntt@home.pl;ntt.home.pl;www.se.com;Rembielińskiego 3/12;09-400;Płock;Mazowieckie;poland;
1013708;NTI Polska s.c.;4;535366042;ustanczyk@ntipolska.pl;www.ntipolska.pl;www.se.com;ul. Perłowa 2/2 72-010;72-010;Police;;poland;
1013709;OLPRINT Sp. z o.o.;4;+48717963030;sprzedaz@olprint.com.pl;www.olprint.com.pl;www.se.com;ul. Krakowska 82;50-427;Wrocław;Dolnoslaskie;poland;
1013710;ONE SYSTEM SP. Z O. O.;4;+48222441394;piotr.trzeciak@onesystem.pl;www.onesystem.pl;www.se.com;Wspólna;00-684;WARSZAWA;Mazowieckie;poland;
1013711;OPTeam S.A.;4;+48178672156;mchochon@opteam.pl;www.opteam.pl;www.se.com;Tajęcina 113/ Jasionka;36-002;Rzeszów;Podkarpackie;poland;
1013712;APN Promise S.A.;4;+48223551600;radoslaw.skwira@promise.pl;www.promise.com.pl;www.se.com;Domaniewska 44a;02-672;Warszawa;Mazowieckie;poland;
1013713;OPTIMA SERWIS Zieliński Sp. k.;4;510126677;nikodem@optimaserwis.pl;www.optimaserwis.pl;www.se.com;Aluzyjna 28;03-149;Warszawa;Mazowieckie;poland;
1013714;P.H.U."KOMTECH-BIS" Katarzyna Zięba;4;606-216-365;komtechbis@gmail.com;www.komtechbis.pl;www.se.com;ul. Sokola 4;26-110;Skarżysko-Kamienna;;poland;
1013715;PRETOR Sp. z o.o.;4;+48583033133;pretor@pretor.pl;www.pretor.com.pl;www.se.com;ul. Rakoczego 31;80-169;Gdańsk;Pomorskie;poland;
1013717;Przedsiębiorstwo Informatyczne Unisol;4;601777319;biuro@unisol.pl;www.unisol.pl;www.se.com;Strzeszynska 31;60-479;Poznan;Wielkopolskie;poland;
1013719;Q4Net Sp. z o.o;4;+48514601060;waldemar.lignarski@q4net.pl;www.q4net.pl;www.se.com;Al. Karkonoska 59;53-015;Wroclaw;Dolnoslaskie;poland;
1013720;QUMAK S.A.;4;+48601968837;konrad.cieslak@qumak.pl;;www.se.com;ul. Kobierzyńska 2;30-402;Kraków;Malopolskie;poland;
1013721;RESET-PC Sp. J;4;+48815320425;;www.reset-pc.com.pl;www.se.com;ul. Ochotnicza 6;20-012;Lublin;Lubelskie;poland;
1013722;SI4IT Sp. z o.o.;4;+48601866860;sebastian.jelinski@si4it.pl;;www.se.com;Kutnowska 24A;53-135;Wrocław;Dolnoslaskie;poland;
