Customer number;Customer name;Customer type;Number;E-mail;Address;Remark;Address row 1;Zip code;City/Province;State/Region;Country;
1012443;1ST Call Technologies Ltd Moorgate Croft Bus Park;4;;dw@1stcalltechnologies.co.uk;;www.se.com;Moorgate Croft Bus Park;S60 2DH;ROTHERHAM;;unitedkingdom;
1012444;AAC Ltd;4;02083964440;mike.c@aac-ltd.com;www.aac-ltd.com;www.se.com;Abbey House, Floor 2450 Bath RoadLongford;UB7 0EB;West Drayton;;unitedkingdom;
1012445;Amey Datel Technology Ltd;4;;alistair.shutler@amey.co.uk;www.amey.co.uk;www.se.com;North West Hub15th Floor City TowerPiccadilly Plaza;M1 4BT;MANCHESTER;;unitedkingdom;
1012449;System Controls Ltd C4 Fergusons Way;4;07850206366;alan@systemcontrols-ltd.co.uk;;www.se.com;C4 Fergusons Way;BT41 4LZ;ANTRIM;Antrim;unitedkingdom;
1012451;TES (NI) Ltd;4;+442886761141;pavel.silutins@tesgroup.com;;www.se.com;16 Kilcronagh Business Park;BT80 9HJ;COOKSTOWN;Tyrone;unitedkingdom;
1012453;The Automated Technology Group Ltd;4;01582400690;simon.stevens@woodplc.com;www.woodplc.com;www.se.com;Unit 59 Wrest Park;MK45 4HS;BEDFORD;;unitedkingdom;
1012455;VAR SERVICES LTD;4;+441773603110;;www.varservices.co.uk;www.se.com;27 MAIN ROAD;NG16 5JU;NOTTINGHAM;Nottinghamshire;unitedkingdom;
1012456;Anord Mardix (UK) Ltd;4;+441539720161;;;www.se.com;Castle MillsAynam Road;LA9 7DE;KENDAL;;unitedkingdom;
1012457;Westbury Control Systems Ltd;4;;petermellors@westbury-uk.com;;www.se.com;Regent street;LE192DT;Leicester;Leicestershire;unitedkingdom;
1012458;Westmont Systems;4;;jason@westmont.co.uk;www.westmont.co.uk;www.se.com;Unit 4 Burnside Business Court;KY11 1NZ;Inverkeithing;Fife;unitedkingdom;
1012460;ARO Performance Systems Ltd;4;;andrew.osborn@arops.co.uk;;www.se.com;Lexham HouseForest RoadBinfield;RG42 4HP;BRACKNELL;;unitedkingdom;
1012461;Associated Technology Services Ltd;4;+441275879485;mathew@atscontrols.co.uk;www.atscontrols.co.uk;www.se.com;Unit 4 Westfield Court Barns Ground Kenn;BS21 6FQ;CLEVEDON;Somerset;unitedkingdom;
1012462;AU Automation;4;01555890101;acoats@au-automation.co.uk;www.au-automation.co.uk;www.se.com;Unit 3 Block 1, Milton Industrial Estate,Teiglum Road;ML11 0JN;LANARK;Lanarkshire;unitedkingdom;
1012463;Audiolux Electronic Systems Ltd;4;+441515383654;;;www.se.com;25 Bradman Road Moreton;CH46 7SH;WIRRAL;;unitedkingdom;
1012464;Automated Building & Energy Controls Ltd;4;+441684853780;matthew.morrall@abec.co.uk;;www.se.com;7 Miller CourtSevern DriveTewkesbury Business Park;GL20 8DN;TEWKESBURY;Gloucestershire;unitedkingdom;
1012465;Automation XL;4;01224798400;david.swanson@xlg.co.uk;www.xlg.co.uk;www.se.com;Blackburn Business ParkWoodburn RoadBlackburn;AB21 0PS;Aberdeen;Aberdeenshire;unitedkingdom;
1012466;Bells Power Solutions;4;02032590100;contact@bellspowersolutions.co.uk;;www.se.com;Unit 8 Belvedere Business Park;EC2A 4HB;London;Greater London;unitedkingdom;
1012467;ADI Building Mgmt Systems Ltd;4;+441214512255;;;www.se.com;66 Melchett Road;B30 3HX;BIRMINGHAM;Warwickshire;unitedkingdom;
1012468;Ben Addison Ltd;4;+441226764749;;;www.se.com;12 Foxmill View Millhouse Green;S36 9AB;SHEFFIELD;South Yorkshire;unitedkingdom;
1012471;Bilfinger UK Ltd;4;+44(0)1615375555;info.b-uk@bilfinger.com;www.uk.bilfinger.com/;www.se.com;Wilson HouseKelburn CourtDaten ParkBirchwood;WA3 6UT;Warrington;;unitedkingdom;
1012472;Building Controls Maintenance Ltd;4;+447836749401;;;www.se.com;Blaen-Yr-AfonGraig;SA16 0DH;BURRY PORT;;unitedkingdom;
1012474;Building Management Solutions Integrators;4;+441753738000;jsmith@bmsi.co.uk;www.bmsi.co.uk;www.se.com;7500 Daresbury ParkDaresbury;WA4 4BS;WARRINGTON;;unitedkingdom;
1012476;Building Services Controls;4;;andy@bsc-ltd.co.uk;;www.se.com;unit 1b europa way;sa5 4aj;Swansea;West Glamorgan;unitedkingdom;
1012477;Building Technology Systems Ltd;4;+441925419416;cknight@buildingtechnologysystems.co.uk;www.buildingtechnologysystems.co.uk;www.se.com;234 Europa Boulevard;WA5 7TN;WARRINGTON;Cheshire;unitedkingdom;
1012480;Caledonia Technologies;4;07891326502;kpratt@cal-tech.co.uk;www.cal-tech.co.uk;www.se.com;Scottish Enterprise Technology Park;G75 0QR;East Kilbride;Lancashire;unitedkingdom;
1012483;Capula;4;01785827000;sales@capula.com;www.capula.com;www.se.com;ORION HOUSEBeacon RoadStone Business Park;ST15 OLT;STONE;Staffordshire;unitedkingdom;
1012485;Cetix Ltd;4;;joshua.temple@cetix.co.uk;;www.se.com;Sycamore Road;S651EN;Rotherham;South Yorkshire;unitedkingdom;
1012486;Chartwell Controls Limited;4;01732864200;p.coker@chartwell-limited.com;;www.se.com;Unit 7 Edenbridge Trading Estate, Hever Road;TN8 5EA;Edenbridge;;unitedkingdom;
1012487;CloudNet Intelligence Consulting;4;447522534252;bret.kean@cloudnetintelligence.com;www.cloudnetintelligence.com;www.se.com;33 Berks Hill;WD35AJ;Herts;Middlesex;unitedkingdom;
1012490;Comfort Controls Ltd;4;+441442248328;dave.coley@comfortcontrols.co.uk;;www.se.com;Unit 9 Sovereign Park;HP2 7DA;Hemel Hempstead;;unitedkingdom;
1012492;Cougar Automation;4;;richh@cougar-automation.com;;www.se.com;Unit F14 Kestrel Court, Portishead;BS20 7AN;Bristol;;unitedkingdom;
1012493;Cougar Automation (Projects);4;02392269960;sales@cougarautomation.com;www.cougar-automation.com;www.se.com;Wellington GateSilverthorne Way;PO7 7XY;WATERLOOVILLE;Hampshire;unitedkingdom;
1012494;Cougar Automation Ltd;4;02476941301;dave.burnley@cougar-automation.com;www.cougar-automation.com;www.se.com;Business Innovation CentreHarry Weston Road,Binley Business Park;CV3 2TX;Coventry;;unitedkingdom;
1012495;Cougar Automation UK - Huddersfield;4;;mark.campbell@cougarautomation.com;www.cougar-automation.com;www.se.com;Park Mill Way;HD8 9XJ;Huddersfield;;unitedkingdom;
1012496;DilMotion Control Ltd;4;01908597454;sales@motion-control.co.uk;;www.se.com;1 Wharfside;MK2 2AZ;Milton Keynes;Buckinghamshire;unitedkingdom;
1012497;Discrete Solutions;4;+441924664621;;www.discretesolutions.co.uk;www.se.com;Penistone 1, Suite 5 Regent Court St Mary's Street;S36 6DT;Penistone;South Yorkshire;unitedkingdom;
1012498;DP Systems (Scotland) Ltd Unit 1 Lomond Business Park;4;+441592772577;enquiries@dp-sgroup.co.uk;;www.se.com;Unit 1 Lomond Business Park;KY6 2PJ;GLENROTHES;Flintshire;unitedkingdom;
1012499;E-TEC POWER MANAGEMENT LTD;4;01252744800;eaudiche@e-tecpowerman.co.uk;;www.se.com;UNIT C15 , 21 HURCULES WAY;GU14 6UU;FARNBOROUGH;;unitedkingdom;
1012502;E2 Services Ltd;4;+442030022500;paulcorrigan@e2-services.co.uk;;www.se.com;Unit 6 Ball Mill Top Busines Park;WR2 6LS;WORCESTER;Worcestershire;unitedkingdom;
1012503;ECS Power & Controls Ltd;4;;greg.nichols@ecs-anglia.co.uk;;www.se.com;Environ House, Pinelands Road, Horsford,;NR10 3FA;NORWICH;;unitedkingdom;
1012506;Equinix;4;;yohan.blake@eu.equinix.com;;www.se.com;Buckingham Avenue Slough;SL1 4NB;Berkshire;;unitedkingdom;
1012507;Fairfield Control Systems Ltd;4;+441623835350;sales@fairfields.co.uk;www.fairfields.co.uk;www.se.com;Randall Park Way;DN22 7WF;Retford;Nottinghamshire;unitedkingdom;
1012508;Galliford Try - Water South;4;;russell.palmer@gallifordtry.co.uk;;www.se.com;Eagle Way;EX27JX;Exeter;;unitedkingdom;
1012509;Global Instrumentation Ltd;4;+441795411534;p.wetherfield@global-associates.co.uk;;www.se.com;T/A Global AssociatesSuite 40, 940 Innovation BuildingKent Science Park;ME9 8HL;SITTINGBOURNE;;unitedkingdom;
1012510;Grants Electrical Services NI Ltd 18A Pennybridge Industrial Estate;4;;rodney@mandtswitchgear.com;;www.se.com;18A Pennybridge Industrial Estate;BT42 3HB;BALLYMENA;;unitedkingdom;
1012512;Harries Automation and Control Ltd;4;01554777460;enquiries@harriesautomation.com;hacltd-group.com/;www.se.com;Systems HouseUnit 8 Trostre Industrial Est;SA14 9UU;LLANELLI;;unitedkingdom;
1012515;InControl System Ltd;4;01246959140;jan.hemper@incontrol.co.uk;;www.se.com;Coney Green Business CentreClay Cross;S45 9JW;Chesterfield;;unitedkingdom;
1012518;Integrated Control Solutions (Eastern) Ltd;4;+441603879510;tim.mcmonagle@ics-eastern.co.uk;www.ics-eastern.co.uk;www.se.com;Unit 10 Collers WayReepham;NR10 4SW;NORWICH;;unitedkingdom;
1012519;Integrated Energy Management Solutions Ltd;4;+441723892971;;;www.se.com;Hill View Main Street- Flixton;YO11 3UB;SCARBOROUGH;North Yorkshire;unitedkingdom;
1012520;Intergrated Systems & Technologies Ltd;4;+447810452913;;;www.se.com;34 Stocksway;HD8 8DL;HUDDERSFIELD;West Yorkshire;unitedkingdom;
1012522;AimTeQ Energy Management Ltd;4;+441285655772;andrew.phillips@aimteq.co.uk;www.aimteq.co.uk;www.se.com;Unit 8 Cirencester Office Park;GL7 6JJ;Cirencester;Gloucestershire;unitedkingdom;
1012524;Kendra Energy Solutions;4;01628945000;sdavis@kendraenergy.co.uk;www.kendraenergy.co.uk/;www.se.com;Bourne End Business Park, Cores End Rd;SL8 5AS;Bourne End;Buckinghamshire;unitedkingdom;
1012525;KTEC Automation 3 Sperrin View Business Park;4;;rodney@k-tec.co.uk;;www.se.com;3 Sperrin View Business Park;BT46 5LT;MAGHERAFELT;;unitedkingdom;
1012527;Laplace Solutions Limited;4;+441419490000;sales@laplacesolutions.com;www.laplacesolutions.com;www.se.com;Garscadden House;G15 8TG;Glasgow;Lanarkshire;unitedkingdom;
1012528;Lloret Control Systems Ltd;4;+442084104600;darren.lovelock@lloret.co.uk;;www.se.com;Lloret House20 Ullswater Crescent;CR5 2HR;Coulsdon;;unitedkingdom;
1012529;MAST Systems;4;;brian@mastsystems.co.uk;www.mastsystems.co.uk;www.se.com;Grove House1 Kilmartin PlaceTannochside Business Park;G71 5PH;Uddingston;;unitedkingdom;
1012530;McDermid Controls Ltd;4;+441355571215;sales@mcdermidcontrols.co.uk;;www.se.com;10 Albion WayEAST KILBRIDEG75 0YN;G75 0YN;EAST KILBRIDE;;unitedkingdom;
1012531;MODE CONTROL LTD.;4;+44(0)1202367387;hello@modecontrol.co.uk;;www.se.com;The Studio;BH12 4JT;Poole;Dorset;unitedkingdom;
1012532;More Solutions Ltd;4;+448454589555;;www.more-solutions.co.uk;www.se.com;6A Belgic Square;PE1 5XF;PETERBOROUGH;Cambridgeshire;unitedkingdom;
1012534;Morson Engineering Group t/a Ematics;4;+4416198929;andres.mederos@ematics.co.uk;;www.se.com;37 Liverpool Road, Irlam, Manchester, M44 6EB;M44 6EB;Manchester;Greater Manchester;unitedkingdom;
1012535;North East Controls Ltd;4;+441912171800;derekillman@necontrols.co.uk;;www.se.com;13 Park Drive;NE3 5QB;Gosforth, Newcastle upon Tyne;Tyne and Wear;unitedkingdom;
1012536;Optima Control Solutions Ltd;4;;gary.ripley@optimacs.com;;www.se.com;capricorn park;bb1 5qr;Blackburn;;unitedkingdom;
1012537;Optimum BMS;4;+441389767699;sales@optimumbms.co.uk;;www.se.com;Unit 38 Bankend RoadBroadmeadow Ind Estate;G82 2RT;DUMBARTON;;unitedkingdom;
1012538;P Ducker Systems Ltd Olympus House Stephenson Way;4;;mike.guest@pdslimited.co.uk;;www.se.com;Olympus House;DE21 6LY;DERBY;Derbyshire;unitedkingdom;
1012539;PacSoft UK;4;;milner@pacsoft.co.uk;;www.se.com;Sutton St Nicholas;HR1 3DF;Hereford;;unitedkingdom;
1012540;Phoenix Control Systems Ltd 7D The Green;4;;gdavies@phoenixcontrol.co.uk;;www.se.com;7D The Green;OX14 4RR;ABINGDON;Oxfordshire;unitedkingdom;
1012541;Powell System Engineering;4;+441689879000;wayne@powell-systems.co.uk;;www.se.com;Unit 2, Fitzroy Business Park, Sandy Ln,;DA14 5N;Sidcup;Kent;unitedkingdom;
1012542;Process Safety Solutions;4;01224588747;dgreen@pssuk.co.uk;www.processsafetysolutions.co.uk;www.se.com;341 Great Western Road;AB10 6NW;Aberdeen;Aberdeenshire;unitedkingdom;
1012545;Roomfoss Control Systems Ltd;4;+441553771413;bobby@roomfoss.co.uk;www.roomfoss.co.uk;www.se.com;Unit 51 Bergen WayNorth Lynn Industrial Estate;PE30 2JG;KINGS LYNN;;unitedkingdom;
1012546;Samelco Automation Systems;4;+441516477999;;www.samelco.com;www.se.com;Unit 6 Price Street Business Park Park Street- Birkenhead;CH41 3PR;WIRRAL;;unitedkingdom;
1012553;Silchester Control Systems Ltd;4;01420561902;djones@silchester.co.uk;www.silchester.co.uk;www.se.com;Unit 5B Mansfield Business ParkFour Marks;GU34 5PZ;ALTON;Hampshire;unitedkingdom;
1012555;127 Solutions;4;;tom.morton@127solutions.co.uk;www.127solutions.co.uk;www.se.com;The Heath, Business & Technical Park,;WA7 4QX;Runcorn;Cheshire;unitedkingdom;
1012556;3C Technology Ltd;4;;dan.kite@3ctech.co.uk;www.3ctech.co.uk;www.se.com;Unit 6, Grovelands,;HP2 7TE;Hemel;Hertfordshire;unitedkingdom;
1012557;Academia Ltd - Enfield;4;;george.jero@academia.co.uk;;www.se.com;8 Kinetic Cresent Innova Park;EN3 7XH;Enfield;Middlesex;unitedkingdom;
1012559;Comtec Enterprises Ltd;4;08000087599;sales@comtec.com;https://www.comtec.com/;www.se.com;Comtec House;RH2 9EL;Reigate;Surrey;unitedkingdom;
1012560;Connectix Ltd;4;01376346600;;www.connectixcablingsystems.com;www.se.com;Unit 500 Avenue West Skyline 120;CM77 7AA;Braintree;Essex;unitedkingdom;
1012561;Connecture Limited;4;01158384800;hello@connecture.co.uk;www.connecture.co.uk;www.se.com;The Nowcomm Building, Stanier Way,;DE21 6BF;Derby;Derbyshire;unitedkingdom;
1012562;Continu Ltd.-Belfast;4;;info@continu-ups.com;www.continu-ups.com;www.se.com;Harbour Court- 9 Heron Road;BT3 9HB;Belfast;Antrim;unitedkingdom;
1012563;Couno;4;01702811222;hello@couno.co.uk;https://www.couno.co.uk/;www.se.com;19 Station Rd;SS1 3JY;Southend-on-Sea;Essex;unitedkingdom;
1012564;Critical Power Supplies Ltd;4;01844340340;sales@criticalpowersupplies.co.uk;;www.se.com;Unit F Howland Road;OX9 3GQ;Thame;Oxfordshire;unitedkingdom;
1012565;CRS Electrical Supplies Ltd;4;02077208868;steve.curtis@crselec.co.uk;;www.se.com;155 Larkhall Lane,Clapham,LONDON;SW4 6RF;Gtr London;;unitedkingdom;
1012566;Crusade Computer Solutions LTD;4;;chris.quick@crusade-cs.co.uk;;www.se.com;Synatiel Building;WS11 9TB;Norton Canes;Staffordshire;unitedkingdom;
1012567;CSE;4;00441628529448;paul.phillips@cseuk.com;https://www.cse-distributors.co.uk/;www.se.com;Thomas Road;HP10 0PE;High Wycombe;Buckinghamshire;unitedkingdom;
1012568;ACT Ltd - Harrogate;4;;peter.diamond@a-c-t.co.uk;a-c-t.co.uk;www.se.com;Langdale House 23 Saltergate Drive;HG3 2YE;Harrogate;North Yorkshire;unitedkingdom;
1012569;Cybrid Solutions;4;03455670006;enquiries@cybridsolutions.com;www.cybrid.solutions;www.se.com;Langstone Technology Park;PO9 1SA;Havant;Hampshire;unitedkingdom;
1012571;Data Centre Response;4;01993708855;jack.ogden@dcresponse.co.uk;www.dcresponse.co.uk;www.se.com;Unit 71 Shrivenham Hundred Business Park;SN6 8TY;Watchfield;Wiltshire;unitedkingdom;
1012572;Data-Path;4;01460279030;will@data-path.co.uk;www.data-path.co.uk;www.se.com;Unit 2, Crewkerne Business Park, Northern Way,;TA18 7HJ;Crewkerne;Somerset;unitedkingdom;
1012573;DataConnectivity Ltd - Cambridge;4;01223750000;david@dataconnectivity.uk;www.dataconnectivity.uk;www.se.com;Orwell House Cowley Road;CB4 0PP;Cambridge;Cambridgeshire;unitedkingdom;
1012574;Datek Solutions Ltd;4;;dkhurmi@datek.co.uk;;www.se.com;Unit 13, Elder WayWaterside Drive;SL3 6EP;Langley;Berkshire;unitedkingdom;
1012575;DC Systems UK ltd;4;;niall.mckiernon@btinternet.com;www.d-c-systems.co.uk;www.se.com;Carpenter Court, Maple Rd, Bramhall;SK7 2DH;Stockport;Greater Manchester;unitedkingdom;
1012576;Deans Computer Services;4;01937541411;gbrook@deansplc.co.uk;https://www.deansplc.co.uk;www.se.com;Boston Lodge;LS23 6EA;Boston Spa;West Yorkshire;unitedkingdom;
1012577;Decorous IT Solutions;4;01727884562;sales@decorous.net;decorous.net;www.se.com;Fountain Court, Victoria Square,Victoria Street Victoria Square Victoria Street;AL1 3TF;St Albans;Hertfordshire;unitedkingdom;
1012578;DELL;4;;thomas.mulligan@dell.com;www.dell.com;www.se.com;Dell HouseThe BoulevardCain Road;RG12 1LF;Bracknell;Berkshire;unitedkingdom;
1012579;ADM Computing;4;01227473500;kailas.bryant@adm-computing.co.uk;www.adm-computing.co.uk;www.se.com;ADM Computing, Chaucer Road,;CT1 1HH;Canterbury;Kent;unitedkingdom;
1012580;Denmans Electrical WholeSalers Ltd;4;1202547396;;;www.se.com;2 Malvern Road,Mooredown,BOURNEMOUTH;BH9 3AQ;Dorset;Dorset;unitedkingdom;
1012581;Denmans Electrical WholeSalers Ltd;4;1978291186;wrexham@denmans.co.uk;;www.se.com;Unit 3 Plas Acton Ind Estate;LL11 2UB;WREXHAM;;unitedkingdom;
1012583;DGtal-Mind Limited;4;07947656327;anthony@dgtal-mind.com;www.dgtal-mind.com;www.se.com;30 Tyndall Gardens;E10 6QL;London;Greater London;unitedkingdom;
1012584;Digital Devices Ltd;4;02037728475;jimal@ddevices.com;;www.se.com;Unit 16 The Metro Center;NW10 7PA;London;Greater London;unitedkingdom;
1012585;Direct Imaging Supplies;4;01653917999;phil@directimagingsupplies.co.uk;www.directimaging.co.uk;www.se.com;Ground Floor, The Maltings, Castlegate, Malton, North;YO17 7DP;Yorkshire;West Yorkshire;unitedkingdom;
1012587;DP Building Systems;4;;jon@dpbuildingsystems.co.uk;;www.se.com;DP Building Systems Unit 1 Kings Road;B11 2AL;Tyseley;;unitedkingdom;
1012588;Drum Brae Solutions Ltd;4;01312020330;mike@drumbrae.net;www.dumbrae.net;www.se.com;5-7 Drumbrae Avenue;EH12 8TE;Edinburgh;;unitedkingdom;
1012589;DSI Communications Limited;4;07836513758;david.watson@dsiuk.com;www.dsiuk.com;www.se.com;10 Tillingbourne Gardens;N3 3JL;Finchley;Castlereagh;unitedkingdom;
1012590;Advanced Media Engineering Ltd;4;;simon@amesolutions.co.uk;www.amesolutions.co.uk;www.se.com;2nd Floor Wear House Topsham Road;EX2 7AE;Exeter;Devon;unitedkingdom;
1012591;DSI Ltd;4;01322520480or02080170007;paul.lyons@dsiltd.co.uk;www.dsiltd.co.uk;www.se.com;10 Mulberry Court;DA1 4BF;Dartford;Kent;unitedkingdom;
1012592;DYNAMIC TECHNOLOGIES EUROPE LTD;4;08456588810;martyn.smith@dteuro.com;www.dteonline.com;www.se.com;3 Thornton Chase;MK14 6FD;Milton Keynes;Buckinghamshire;unitedkingdom;
1012594;EACS Ltd.;4;;matthew.dunn@eacs.com;www.eacs.com;www.se.com;7 Ramsay Court;PE29 6FY;Huntingdon;Cambridgeshire;unitedkingdom;
1012595;EBT Communications;4;08008404181;rob.colquhoun@ebtmaintenance.co.uk;www.ebtcomms.co.uk;www.se.com;4 Farrington Way;NG16 3BF;Eastwood;Nottinghamshire;unitedkingdom;
1012596;Ebuyer UK LTD - Goole;4;01430433671;business@ebuyer.com;www.ebuyer.com;www.se.com;Ferry Road;DN14 7UW;Howden;East Riding of Yorkshire;unitedkingdom;
1012597;Ecl-ips;4;01527872000;aaron@ecl-ips.com;;www.se.com;Waterside House, The Courtyard, Harris Business, Park;B60 4DJ;STOKE PRIOR;Worcestershire;unitedkingdom;
1012598;Edmundson Electrical - Plymout;4;;stuart.martin@eel.co.uk;;www.se.com;Plymouth trade park Macadam road Cattedown;PL4 0RU;Plymouth;Devon;unitedkingdom;
1012599;Edmundson Electrical Ltd;4;1522522301;;www.edmundson-electrical.co.uk;www.se.com;Sunningdale Trading Estate,Dixon Street,LINCOLN;LN6 7UB;Lincolnshire;Lincolnshire;unitedkingdom;
1012600;Edmundson Electrical Ltd;4;1904415711;;www.edmundson-electrical.co.uk;www.se.com;Unit 1 Alexandra Court,James Street,YORK;YO10 3DP;Yorkshire;North Yorkshire;unitedkingdom;
1012601;Advanced Power Technology;4;01943831990;info@advancedpower.co.uk;www.advancedpower.co.uk;www.se.com;150 Main Street;LS29 0LY;Addingham;West Yorkshire;unitedkingdom;
1012602;Edmundson Electrical Ltd;4;01246269646;chesterfield.449@eel.co.uk;;www.se.com;Unit 4b Broom Business Park,Bridge Way,CHESTERFIELD;S41 9QG;Derbyshire;;unitedkingdom;
1012603;Edmundson Electrical Ltd;4;;james.stopps@eel.co.uk;;www.se.com;Station House Works,London Road,BICESTER;OX26 6HU;Oxfordshire;;unitedkingdom;
1012605;Edmundson Electrical Ltd;4;1284760393;;www.edmundson-electrical.co.uk;www.se.com;Dettingen Way,Blenheim Industrial Park,BURY ST EDMUNDS;IP33 3TU;Suffolk;;unitedkingdom;
1012606;Edmundson Electrical Ltd;4;1494520061;;www.edmundson-electrical.co.uk;www.se.com;Unit 15 Blenheim Road,Cressex Business Park,HIGH WYCOMBE;HP12 3RS;Buckinghamshire;Buckinghamshire;unitedkingdom;
1012607;Edmundson Electrical Ltd;4;1271313333;;www.edmundson-electrical.co.uk;www.se.com;Fishleigh Road,Roundswell Business Park,BARNSTAPLE;EX31 3UD;Devon;;unitedkingdom;
1012608;Edmundson Electrical Ltd;4;1913830950;;www.edmundson-electrical.co.uk;www.se.com;Unit B3 Abbey Road Ind Est,Pity Me,DURHAM;DH1 5HB;County Durham;;unitedkingdom;
1012609;Edmundson Electrical Ltd;4;1314532311;;;www.se.com;3 Cultins Road,Sighthill,EDINBURGH;EH11 4DG;Midlothian;Midlothian;unitedkingdom;
1012610;Edmundson Electrical Ltd;4;1159506321;;;www.se.com;Unit 2 Daleside Road,NOTTINGHAM;NG2 4DG;Nottinghamshire;Nottinghamshire;unitedkingdom;
1012611;Edmundson Electrical Ltd;4;1142444641;;www.edmundson-electrical.co.uk;www.se.com;38-40 Catley Road,SHEFFIELD;S9 5JF;South Yorkshire;;unitedkingdom;
1012612;ADVANCED SOLUTIONS UPS LIMITED;4;+442393200180;dgreen@asups.co.uk;www.asups.co.uk;www.se.com;*34 Basepoint,;PO7 7TH;WATERLOOVILLE,;Hampshire;unitedkingdom;
1012613;Efficiency IT Ltd;4;02038974100;nick.ewing@efficiencyit.com;www.efficiencyit.com;www.se.com;20-22 Wenlock Street;N1 7GU;London;;unitedkingdom;
1012614;ejobber Limited;4;01908915603;tim@ejobber.co.uk;www.ejobber.co.uk;www.se.com;1 Ladymeadow Court, Middleton;MK10 9HZ;Milton Keynes;Buckinghamshire;unitedkingdom;
1012615;Electric Center;4;1242221948;;www.electric-center.co.uk;www.se.com;Cheltenham Trade Pk,28 Enterprise Way,CHELTENHAM;GL51 8LZ;Gloucestershire;;unitedkingdom;
1012616;Electric Center;4;1535691111;keighley.858@electric-center.co.uk;www.edmundson-electrical.co.uk;www.se.com;Unit 3 Keighley Ind Park,Royd Ings Avenue,KEIGHLEY;BD21 4DZ;West Yorkshire;West Yorkshire;unitedkingdom;
1012617;Electric Center;4;1274737948;;;www.se.com;Unit 2a Windsor Street,BRADFORD;BD4 7AQ;West Yorkshire;West Yorkshire;unitedkingdom;
1012618;Electric Center;4;01414455566;ronnie.stevenson@electric-center.co.uk;;www.se.com;Unit 3, Roseberry Court,Ibrox Business Park,GLASGOW;G51 2JR;Lanarkshire;;unitedkingdom;
1012619;Electric Center;4;1473290109;;www.ac-electrical.co.uk;www.se.com;Unit 6 Bluestem Road,Ransomes Euro Park,IPSWICH;IP3 9RR;Suffolk;Suffolk;unitedkingdom;
1012621;eLocker;4;;sales@elocker.com;www.elocker.com;www.se.com;Icon Centre;NN110BQ;Daventry;Northamptonshire;unitedkingdom;
1012622;EnablesIT;4;;lizyjoanna@gmail.com;;www.se.com;Unit 5 Mole Business Park;KT22 7SF;Leatherhead;Surrey;unitedkingdom;
1012623;Agnito UK Ltd;4;01865524524;thomas@agnito.co.uk;www.agnito.co.uk;www.se.com;7200, The Quorum;OX4 2JZ;Oxford;Oxfordshire;unitedkingdom;
1012624;Enhanced Power Services Ltd;4;;sales@enhancedpower.co.uk;www.enhancedpower.co.uk;www.se.com;Blackbrook Business Park, Blackbrook Road,;PO15 5DR;Fareham;Hampshire;unitedkingdom;
1012625;Equus Life LLC;4;+447810045356;admin@equus.life;www.equus.life;www.se.com;1300 Daresbury Park;WA44HS;Warrington;Cheshire;unitedkingdom;
1012628;ESC POWER Limited;4;01235512236;contact@escpower.co.uk;www.escpower.co.uk;www.se.com;15 Stort Close;OX11 7UR;Didcot;Oxfordshire;unitedkingdom;
1012630;Eurocoms UK Ltd;4;1142835825;david@eurocoms.co.uk;;www.se.com;Unit D11;S2 1AS;Sheffield;South Yorkshire;unitedkingdom;
1012632;Eurotech Computer Services;4;;george@eurotech-computers.com;www.eurotech-computers.com;www.se.com;Cambridge road;kt12 2dp;Walton on Thames;Surrey;unitedkingdom;
1012633;Evaris Solutions PLC;4;03301241245;michaelt@evaris.com;www.evaris.com;www.se.com;Churchill House;wd6 2hp;Borehamwood;Hertfordshire;unitedkingdom;
1012634;Airnow Technology Limited;4;01133572069;jonny.hart@airnow.com;https://airnowtechnology.com/;www.se.com;Airebank House 419 Kirkstall Road;LS4 2EZ;Leeds;West Yorkshire;unitedkingdom;
1012635;Everslea Associates Limited;4;08458739305;paul@everslea.co.uk;www.everslea.com;www.se.com;Catalpa, 75 Grove Park;HP23 5JR;Tring;Hertfordshire;unitedkingdom;
1012636;Example IT Limited - Basingsto;4;01256373572;martin.pigoznis@exampleit.com;https://www.exampleit.com;www.se.com;Network House;RG21 4HG;Basingstoke;Hampshire;unitedkingdom;
1012637;Excel IT;4;;michael.burr@excelit.com;;www.se.com;Trafalgar House;RM20 3JT;Grays;Essex;unitedkingdom;
1012638;Excis Compliance Ltd;4;07913166017;louis@excis.com;https://excis.com;www.se.com;Ocean House, Bracknell Enterprise & Innovation Hub, The Ring,Bracknell, RG12 1AX;RG12 1AX;Bracknell;Berkshire;unitedkingdom;
1012639;Exertis UK Ltd - Basingstoke;4;01256707070;tom.ayling@exertis.co.uk;;www.se.com;Ashwood ,Chineham Business Park Chineham;RG24 8EH;Basingstoke;Hampshire;unitedkingdom;
1012640;Expert IT;4;02088196848;gavin@expertit.co.uk;;www.se.com;Suite E Hollies House;EN6 5BL;Potters Bar;Hertfordshire;unitedkingdom;
1012641;Eyre & Elliston Ltd;4;01977604550;castleford@eegroup.co.uk;;www.se.com;Unit C2 Willowbridge Way,Off Willowbridge Lane,CASTLEFORD;WF10 5NP;West Yorkshire;;unitedkingdom;
1012642;F2 Networks Ltd;4;02081506969;sales@f2networks.co.uk;;www.se.com;158 Montrose AVenue;LU31HT;Luton;Bedfordshire;unitedkingdom;
1012643;First 4 IT Ltd;4;01423859370;andrewv@first4it.co.uk;;www.se.com;Sceptre House;HG2 8PB;Hornbeam Square North;;unitedkingdom;
1012644;Flow Networks Ltd;4;01513636392;;https://www.flownetworks.co.uk;www.se.com;OFFICE 103;CH44 5TN;LISCARD;Merseyside;unitedkingdom;
1012645;Akhter Computers PLC;4;01279821204;holly.pipe@akhter.co.uk;www.akhtercomputers.co.uk;www.se.com;Akhter House, Perry Road;CM18 7PN;Harlow;Essex;unitedkingdom;
1012646;Fluent2 Limited - London;4;;tom@fluent2.co.uk;www.fluent2.co.uk;www.se.com;42-44 Bishopsgate;EC2N 4AH;London;Greater London;unitedkingdom;
1012647;Form IT Solutions;4;01582572727;sales@formits.com;www.formits.com/apc;www.se.com;Premier Business ParkDencora Way;LU3 3HP;Luton;;unitedkingdom;
1012648;Fourteen London Ltd -;4;08452340823;kevin@fourteenlondon.co.uk;www.fourteenlondon.co.uk;www.se.com;443 Ashley Road, Parkstone , Poole, Dorset BH14 0AX;BH14 0AX;poole;Dorset;unitedkingdom;
1012649;Fusion Spaces Ltd;4;;info@fusion-spaces.com;www.fusion-spaces.com;www.se.com;12a Fleet Business Park;GU52 8BF;Fleet;Hampshire;unitedkingdom;
1012650;Gaia Technologies;4;;ejaz.ahmed@gaia-tech.com;www.gaia-tech.com;www.se.com;Woodlands HouseParc BritanniaParc Menai;LL57 4FA;Bangor;;unitedkingdom;
1012651;Galtec Solutions LTD;4;01133689398;t.walker@galtec.com;www.galtecsolutions.com;www.se.com;Bridge End House;LS184DF;Leeds;West Yorkshire;unitedkingdom;
1012652;GENESIS BUSINESS SYSTEMS LTD.;4;7960952514;dave.foster@genesisit.co.uk;www.genesisit.co.uk;www.se.com;Genesis House Goulton Street;HU3 4DD;Hull;;unitedkingdom;
1012653;GENISYS;4;;malcolm.topple@genisys-group.com;www.genisys-group.com;www.se.com;The Loom, 14 Gowers Walk;E1 8PY;London;Greater London;unitedkingdom;
1012654;Geniyisis Systems;4;01989566893;support@geniyisis.com;www.geniyisis.com;www.se.com;Geniyisis House, Berkeley Close;HR9 7XL;Ross-on-Wye;;unitedkingdom;
1012655;Global Advance Technology LTD;4;+442080891017;m.l@gatechnology.co.uk;www.gatechnology.co.uk;www.se.com;20-22 Wenlock Road;N1 7GU;London;Londonderry;unitedkingdom;
1012656;Alltek Solutions Ltd - Telford;4;;stuart@allteksolutions.co.uk;www.allteksolutions.co.uk;www.se.com;Unit B6 Hortonwood 10;TF1 7ES;Telford;Shropshire;unitedkingdom;
1012657;Globe Microsystems Ltd;4;01372471000;gvarley@globemicro.com;www.globemicro.com;www.se.com;Unit D7;KT10 8BL;Esher;Surrey;unitedkingdom;
1012658;Green Cloud IT;4;01612505000;liam@greencloudit.co.uk;www.greencloudit.co.uk;www.se.com;unit 2 Southgate industrial estate, green lane;OL10 1ND;HEywood;Lancashire;unitedkingdom;
1012659;Group B Wholesale Ltd;4;2087493616;;;www.se.com;436-438 Uxbridge Road;W12 0NS;LONDON;;unitedkingdom;
1012660;H Lilley & Co.Ltd;4;2088507630;;;www.se.com;82 Footscray Rd,LONDON;SE9 2SU;Gtr London;;unitedkingdom;
1012661;Haptic Networks Ltd;4;;mark@haptic-networks.com;www.Haptic-Networks.com;www.se.com;Unit 3 Orion Park;NN15 6PP;Kettering;;unitedkingdom;
1012662;Headtex Limited;4;;chris.wood@headtex.co.uk;;www.se.com;Century House100 Ringer LaneClowne,;S43 4BZ;Nr Chesterfield;Derbyshire;unitedkingdom;
1012664;Hosker Technical;4;01244478192;mike@hosker.tech;https://hosker.tech;www.se.com;Laburnum Cottage;CH53BF;Ewloe;Flintshire;unitedkingdom;
1012665;Icelantic;4;01313463252;;www.icelantic.com;www.se.com;15 Logie Mill;EH7 4HG;Edinburgh;Midlothian;unitedkingdom;
1012666;ics&m ltd - bridgwater;4;;david@icsm.co.uk;;www.se.com;unit15d sedgemount industrial park;ta64ar;bridgwater;;unitedkingdom;
1012667;3C Technology Ltd;4;01206790060;rhonda.baker@3ctech.co.uk;www.3ctech.co.uk;www.se.com;Network House;CO2 8LA;Colchester;;unitedkingdom;
1012668;Amax IT Supplies Ltd.;4;2084272242;sanjai@amax-it.co.uk;;www.se.com;Unit B1B;HA1 4HX;London;Greater London;unitedkingdom;
1012669;iCT4 Limited - Redruth;4;01209311344;sales@ict4.co.uk;;www.se.com;Trevenon House, Church Road;TR15 3PT;Redruth;Cornwall;unitedkingdom;
1012670;ilicomm Technology Solutions Ltd;4;01212893434;hello@ilicomm.com;https://www.ilicomm.com/;www.se.com;Unit 5, Aston Cross Business Village;B6 5RQ;Birmingham;West Midlands;unitedkingdom;
1012671;Imagestore Ltd;4;02380736500;ash@imagestore.co.uk;www.imagestore.co.uk;www.se.com;Suite 3 Kingfisher House Rownhams Lane, North Baddesley;SO52 9LP;SOUTHAMPTON;Hampshire;unitedkingdom;
1012672;Independent Electrical Supplies Ltd;4;01633222212;johng@iesltdnewport.co.uk;;www.se.com;Unit 4-5 Greenwich Road,Maegles Industrial Estate,NEWPORT;NP20 2NN;South Wales;Gwent;unitedkingdom;
1012674;Ingram Micro UK Ltd;4;01908807072;alexander.judd@ingrammicro.com;https://uk.ingrammicro.eu/;www.se.com;CBXII West, Midsummer Boulevard;MK9 2EA;MILTON KEYNES;Buckinghamshire;unitedkingdom;
1012675;INK Networks;4;02039484555;sales@inknetworks.co.uk;https://inknetworks.co.uk/;www.se.com;Florentia Clothing Village, Kosteas Cottage;N4 1TD;London;;unitedkingdom;
1012676;Insight Direct UK Limited;4;;iukbiddesk@uk.insight.com;uk.insight.com;www.se.com;The Atrium 1 Harefield Road;UB8 1PH;Uxbridge;Greater London;unitedkingdom;
1012677;INSIGNIA IT LIMITED - Harlow;4;;kamran.khan@insigniait.co.uk;www.insigniait.co.uk;www.se.com;Unit 81 Greenway Business Cente Greenway;CM19 5QE;Harlow;Essex;unitedkingdom;
1012678;Integrated Tech Ltd;4;03335777531;steve.heyd-smith@integratedtechltd.com;www.integratedtechltd.com;www.se.com;52 Thomas Flawn Road;NN9 5PA;Irthlingborough;;unitedkingdom;
1012679;AMC IT;4;01536513679;sales@amccomputersupplies.com;https://www.amc-it.uk/;www.se.com;Unit 6, Cherry Hall Road;NN14 1UE;Kettering;Northamptonshire;unitedkingdom;
1012680;IT Dept Consulting Ltd;4;01315533800;hello@itdept.co.uk;www.itdept.co.uk;www.se.com;13 McLaren Road;EH9 2BN;Edinburgh;Midlothian;unitedkingdom;
1012681;IT Warehouse;4;08435321088;apc@it-warehouse.co;www.it-warehouse.co;www.se.com;International House;SO10 2RZ;Southampton;Hampshire;unitedkingdom;
1012682;IT10 Ltd;4;;tom@it10.co.uk;;www.se.com;35 Tunis Road;W12 7EZ;London;Greater London;unitedkingdom;
1012683;itCare247msp Ltd;4;+443301798657;sales@itcare247msp.com;www.itcare247msp.com;www.se.com;The Forge;E14 3AE;London;Greater London;unitedkingdom;
1012684;Itmsystems;4;441733567259;info@itmsystems.net;www.itmsystems.com;www.se.com;Broadway Court;PE1 1RP;Peterborough;Cambridgeshire;unitedkingdom;
1012685;J A B Electrical Supplies Limited;4;;morris@jab-esl.co.uk;;www.se.com;Units Z7 and Z8 West Park 26,WELLINGTON;TA21 9AD;Somerset;;unitedkingdom;
1012686;James Cash.co.uk;4;;james@jamescash.co.uk;;www.se.com;Bromley House, 12 Dicksons Green Road;DY2 7DH;Dudley;;unitedkingdom;
1012687;Jesfer Technology;4;8081233545;bc@jesfertechnology.com;;www.se.com;The Annex Unit;HP2 7FW;Hemel Hempstead;Hertfordshire;unitedkingdom;
1012689;Jigsaw 24;4;03332400888;;www.jigsaw24.com;www.se.com;The Old MillHigh Church Street;NG7 7JA;Nottingham;Nottinghamshire;unitedkingdom;
1012690;Amicus ITS;4;07976840099;simon.jennings@amicusits.co.uk;www.amicusits.co.uk;www.se.com;1-3 Trinity Court,Brunel Road;SO40 3WX;SOUTHAMPTON;Hampshire;unitedkingdom;
1012691;Jungle IT;4;;mike@jungleit.co.uk;www.jungleit.co.uk;www.se.com;2, Feast Field;LS18 4TJ;Leeds;West Yorkshire;unitedkingdom;
1012692;Karmic Synergy;4;01492484060;sam@karmicsynergy.co.uk;;www.se.com;16 Trinity Square;LL20 2RB;Llandudno;Clwyd;unitedkingdom;
1012693;KBS Computer Supplies Ltd;4;00442890370088;trevor.gilliland@kbsgroup.co.uk;https://www.kbsgroup.co.uk;www.se.com;159 Dargan Crescent;BT3 9JP;Belfast;Antrim;unitedkingdom;
1012694;Kestronics;4;01727812222;m.shirran@kestronics.co.uk;www.kestronics.co.uk;www.se.com;Unit 26, North Orbital Commercial Park,;AL1 1XB;St Albans;;unitedkingdom;
1012695;Keysource Ltd - Head Office;4;07810805545;richard.clifford@keysource.co.uk;www.keysource.couk;www.se.com;3 City Place;RH6 0PA;Gatwick;West Sussex;unitedkingdom;
1012696;KEYZONE COMPUTER PRODUCTS LTD;4;1753695093;becky.froud@keyzone.com;www.keyzone.com;www.se.com;Devonshire House;HA7 1JS;Stanmore;Middlesex;unitedkingdom;
1012697;KFP Total IT Solutions;4;07870548751;abennett@kfpit.com;www.kfpit.com;www.se.com;17 Blacklands Way, Abingdon Business Park;OX14 1DZ;Abingdon, Oxfordshire;Oxfordshire;unitedkingdom;
1012698;KFP Total IT Solutions LTD;4;01235539101;jmoss@kfpit.com;www.kfpit.com;www.se.com;4 Foxcombe Court;OX14 1DYZ;Abingdon;Oxfordshire;unitedkingdom;
1012699;Kikatek;4;;marketing@kikatek.com;www.kikatek.com;www.se.com;Unit 8 Mill west;sl2 5ad;Slough;Berkshire;unitedkingdom;
1012700;KUIPER TECHNOLOGY LIMITED;4;01213895078;sales@kuipertech.co.uk;www.kuipertech.co.uk;www.se.com;Unit 4, Leaford Way, Leaford Road;B33 9TX;Birmingham;West Midlands;unitedkingdom;
1012701;Amillan Ltd - Solihull;4;08455048885;nigel.cowie@amillan.co.uk;www.amillan.co.uk;www.se.com;Number One, Highlands Court Cranmore Avenue;B90 4LE;Solihull;Warwickshire;unitedkingdom;
1012704;Lanway CBS Ltd;4;;g.jagger@lanway.co.uk;www.lanway.co.uk;www.se.com;Crown House, Bridgewater Close;BB11 5TE;Burnley;;unitedkingdom;
1012705;Lazenby IT & Security Consultancy Limited;4;01993846770;advice@lazenbyit.co.uk;www.lazenbyit.co.uk;www.se.com;22 Crawley Mills;OX29 9TJ;Witney;Oxfordshire;unitedkingdom;
1012706;LDD GROUP LTD;4;;markp@ldd.co.uk;www.ldd.co.uk;www.se.com;UNIT C2/C3 WIRA BUSINESS PARK;LS16 6EB;LEEDS;West Yorkshire;unitedkingdom;
1012708;Levitas Solutions Ltd;4;03301244742;tony@levitas-solutions.com;levitassolutions.co.uk;www.se.com;9 Clumber Drive;BD19 4RP;Cleckheaton;West Yorkshire;unitedkingdom;
1012709;Lima Networks Ltd;4;3448754555;enquiries@datacentre-uk.com;www.datacentre-uk.com;www.se.com;6 Digital Park;M50 1DR;Manchester;;unitedkingdom;
1012710;Links Electrical Supplies Ltd Unit 3, Oswestry Trade Park;4;01691672871;russ@linkselectrical.co.uk;;www.se.com;Unit 2 Links Hub;SY10 8GA;OSWESTRY;Shropshire;unitedkingdom;
1012711;Lobster Net (trading name of D);4;;nazeem.ullah@itslobsternet.co.uk;www.itslobsternet.co.uk;www.se.com;Unit E4, The Seedbed Centre Langston Road;IG10 3TQ;London;Greater London;unitedkingdom;
1012712;AML Midlands Ltd-Derby;4;;anthony@amlltd.co.uk;www.amlltd.co.uk;www.se.com;Suite 3 Charlton House Riverside Park Raynesway;DE21 7BF;Derby;Derbyshire;unitedkingdom;
1012713;Luso Electronic Products LTD;4;02075881109;yogesh.k@lusoelectronics.com;https://www.lusoelectronics.com/;www.se.com;595 Salisbury house;EC2m 5QQ;London;Greater London;unitedkingdom;
1012714;Macher;4;+441342715455;msoutham@macher-distribution.co.uk;macher-distribution.co.uk/;www.se.com;Axiom House 1st Floor;RH6 7HF;Horley;Surrey;unitedkingdom;
1012715;Manx Technology Group;4;+441624639420;joe.hughes@mtg.im;www.manxtechgroup.com;www.se.com;Minerva House;IM44QJ;Douglas;Isle of Man;unitedkingdom;
1012716;Massgrove Electrical Ltd Brent Green Works;4;;raj@massgrove.com;;www.se.com;Brent Green Works;NW4 2EX;LONDON;;unitedkingdom;
1012717;Matrix IT Computers Ltd;4;;angus@matrixcomputers.co.uk;;www.se.com;Unit 2Parkview CourtSt Pauls Rd;BD18 3DZ;Shipley;West Yorkshire;unitedkingdom;
1012718;MB Technology;4;01612500933;sarah@mbtechnology.co.uk;;www.se.com;2nd Floor Lowry Mill;M27 6DB;Manchester;Greater Manchester;unitedkingdom;
1012720;Media Logic Ltd-Sheffield;4;01142662222;roger@medialogic.net;www.medialogic.net;www.se.com;68 Cardoness Road;S10 5RU;Sheffield;South Yorkshire;unitedkingdom;
1012721;Medlock Electrical Distributors Ltd;4;02083485191;jimmy.saeed@medlocks.co.uk;;www.se.com;Avenue Investment Co Ltd,605-609 Green Lanes Harringay,LONDON;N8 0RE;Gtr London;;unitedkingdom;
1012722;MERCURY SYSTEMS ENGINEERS;4;02380336620;itsupport@mercury-systems.co.uk;www.mercury-systems.co.uk;www.se.com;Unit 34 b New Forest Enterprise centre;SO40 9LA;SOUTHAMPTON;;unitedkingdom;
1012724;Merseygrid Limited;4;01514735975;andrew.procter@mglworld.com;www.mglworld.com;www.se.com;Fairfield House, Binns Road;L7 9NE;Liverpool;Merseyside;unitedkingdom;
1012725;Metartec Ltd;4;08455040444;liam.dean@metartec.com;www.metartec.com;www.se.com;Solutions House;BT3 9LE;Belfast;Down;unitedkingdom;
1012726;Microsolv Systems Ltd;4;02077871199;support@microsolv.co.uk;;www.se.com;2 Old School HouseThe Lanterns Bridge Lane;SW11 3AD;LONDON;Greater London;unitedkingdom;
1012727;Midland Computers Ltd;4;;ian.cox@midlandcomputers.com;www.midlandcomputers.com;www.se.com;Unit 4 Sovereign ParkHalesfield 24;TF7 4NZ;Telford;Shropshire;unitedkingdom;
1012729;Millgate Computer Systems;4;;stacie.churchman@millgate.co.uk;www.millgate.co.uk;www.se.com;7 Vantage Drive;S60 1DX;Sheffield;South Yorkshire;unitedkingdom;
1012730;Mint Support Ltd - Wakefield;4;;info@mint-group.co.uk;www.mintsupport.co.uk;www.se.com;39 Woodthorpe Park Drive Sandal;WF26SU;Wakefield;;unitedkingdom;
1012731;Miragetek Global Resources;4;02033754718;vijay@miragetek.co.uk;www.miragetek.co.uk;www.se.com;Southbridge House, Southbridge Place;CR0 4HA;Croydon;Surrey;unitedkingdom;
1012732;MLR Networks;4;;imorris@mlrnetworks.co.uk;www.mlrnetworks.co.uk;www.se.com;St Michaels House,Hale Rd;WA8 8XL;Widnes;Cheshire;unitedkingdom;
1012734;AN4 GROUP;4;;sales@an4group.co.uk;;www.se.com;8 The Windmills St Marys Close;GU34 1EF;Alton;Hampshire;unitedkingdom;
1012736;Mr;4;;suraj.shukla@options-direct.com;www.options-direct.com;www.se.com;parkshot house;TW9 2PR;richmond;Middlesex;unitedkingdom;
1012737;MRS Systems (UK) Ltd;4;01252616000;mike@mrssystems.co.uk;;www.se.com;1 Blue Prior Business Park;GU52 0RJ;Church Crookham;Hampshire;unitedkingdom;
1012738;Multiplex Engineering Limited;4;01248551839;info@multiplexeng.co.uk;www.multiplexeng.co.uk;www.se.com;Unit 4;S41 7JD;Chesterfield;Derbyshire;unitedkingdom;
1012741;MyPremier - Newcastle under Ly;4;1782567953;hbeveridge@mypremier.co.uk;mypremier.co.uk/;www.se.com;MyPremier Lymedale Business Centre, Hooters Hall Road,;ST5 9QF;Newcastle under Lyme;Staffordshire;unitedkingdom;
1012742;NASA Data Systems;4;01372360980;mwilley@nasadata.com;www.nasadata.com;www.se.com;319 Kingston Road;KT22 7TU;Leatherhead;Surrey;unitedkingdom;
1012743;NBM Distribution ltd;4;1923270301;sales@nbm-distribution.co.uk;;www.se.com;NBM DISTRIBUTION LTD;WD48ST;KINGS LANGLEY;Hertfordshire;unitedkingdom;
1012744;Neticonic Limited;4;;rob.amey@neticonic.com;;www.se.com;50 Claughton Street;WA10 1SN;St Helens;;unitedkingdom;
1012745;ANIXTER  LTD;4;01895276911;farhan.sheikh@anixter.com;www.anixter.co.uk;www.se.com;Beasley Court | 3 Warwick Place;UB8 1PG;Uxbridge;;unitedkingdom;
1012746;Netline Marketing Limited - Mi;4;;mustafa.shaikh@netlineuk.com;www.netlineuk.com;www.se.com;170 Church Road;CR4 3BW;Mitcham;Greater London;unitedkingdom;
1012747;NETprotocol Ltd - Bury;4;01617962200;matt.widdowson@netprotocol.net;www.netprotocol.net;www.se.com;Imperial House;BL9 5BN;Bury;Greater Manchester;unitedkingdom;
1012748;Networklife Group;4;08456802014;sales@networklifegroup.com;www.networklifegroup.com;www.se.com;48 Warwick Street;W1B 5AW;LONDON;Greater London;unitedkingdom;
1012749;NEVIS COMPUTERS LTD.;4;;simon.walker@nevis.co.uk;www.nevis.co.uk;www.se.com;16 Wool Gate;BD16 1PE;Bingley;West Yorkshire;unitedkingdom;
1012751;Nexstor Ltd;4;+441623705330;mmoss@nexstor.co.uk;https://nexstor.com;www.se.com;5 Acorn Business Park, Commercial Gate;NG18 1EX;Mansfield;Nottinghamshire;unitedkingdom;
1012752;Next Solution Ltd;4;08442250482;ian.blackman@nextsolution.co.uk;www.nextsolution.co.uk;www.se.com;Unit 21;LE10 1BB;Hinckley;Leicestershire;unitedkingdom;
1012753;Nexus Open Systems Ltd;4;;phillip.norgate@nexusos.co.uk;https://www.nexusos.co.uk/;www.se.com;Vale House;EX2 5AZ;Exeter;Devon;unitedkingdom;
1012755;Nimbus Computer Solution Ltd;4;02890080030;onlineorders@nimbuscs.com;www.nimbuscs.com;www.se.com;3C Heron Wharf, Heron Rd,;BT3 9LE;Belfast;Antrim;unitedkingdom;
1012756;Applied Technologies Group Ltd;4;02825220110;john@applied-ict.net;www.applied-ict.net;www.se.com;Unit 8 Ross House;BT44 0EN;BALLYMENA;Antrim;unitedkingdom;
1012757;Nolte IT Services;4;02073607515;info@nolteits.co.uk;;www.se.com;35 Hogarth Avenue;TW15 1QB;Ashford;Surrey;unitedkingdom;
1012758;Norbain SD;4;01189125000;buzz.coates@norbain.com;www.norbain.com;www.se.com;Easthampstead Road;RG12 1YQ;Bracknell;Berkshire;unitedkingdom;
1012759;Northstar Services Ltd;4;01275406691;sales@northstarltd.co.uk;www.northstarltd.co.uk;www.se.com;First Floor, 7a Triangle Centre;BS21 6HX;BRISTOL;Somerset;unitedkingdom;
1012762;NTS Technology partners;4;;stuart.james@ntsuk.com;;www.se.com;Range Road;OX29 0YN;Witney;Oxfordshire;unitedkingdom;
1012763;OCF Limited;4;01142572200;info@ocf.co.uk;;www.se.com;5 Rotunda Business Centre, Thorncliffe Park, Chapeltown,;S35 2PG;Sheffield;South Yorkshire;unitedkingdom;
1012764;OhmCo Electrical Ltd;4;;john.reynolds@ohmcoelectrical.co.uk;www.ohmcoelectrical.ltd;www.se.com;Flat 3 Cavendish House;BN227BS;Eastbourne;East Sussex;unitedkingdom;
1012765;On365 Limited;4;01509261100;sales@on365.co.uk;www.on365.co.uk;www.se.com;10 Weldon Road;LE11 5RN;Loughborough;Leicestershire;unitedkingdom;
1012767;Arcus Technology - Barnsley;4;;sales@arcustechnology.co.uk;www.arcustechnology.co.uk;www.se.com;6 Great Cliffe Court Great Cliffe Road Dodworth;S75 3SP;Barnsley;South Yorkshire;unitedkingdom;
1012768;OnLiTech Limited;4;0148868207;carl@onlitech.co.uk;www.onlitech.co.uk;www.se.com;UNIT 2 NEATES YARD;RG17 0NB;HUNGERFORD;Berkshire;unitedkingdom;
1012769;OS systems;4;01908477535;stephen.stewart@os-systems.co.uk;www.os-systems.co.uk;www.se.com;Unit A3, 10 First Ave, Bletchley, Milton Keynes;MK1 1DN;Milton Keynes;Buckinghamshire;unitedkingdom;
1012770;Our IT Department;4;01480708888;greg.finlay@ouritdept.co.uk;www.ouritdept.co.uk;www.se.com;6 Eaton Court;PE19 8ER;St Neots;Bedfordshire;unitedkingdom;
1012771;PCS BUSINESS SYSTEMS;4;01536532900;ask@pcs-systems.com;https://www.pcs-systems.com/;www.se.com;2-4 Northfield Point;NN16 9QJ;Kettering;Northamptonshire;unitedkingdom;
1012772;Phoenix Computers-Sheffield;4;;mlimb@phoenix-comp.co.uk;www.phoenix-comp.co.uk/;www.se.com;56 Broadfield Road;S8 0XJ;Sheffield;South Yorkshire;unitedkingdom;
1012773;Phoenix IT Solutions;4;01205365102;sales@modelcomp.co.uk;www.phoenixit.tech;www.se.com;53 Wide Bargate;PE21 6SH;Boston;Lincolnshire;unitedkingdom;
1012774;Pioneer Information Solutions Ltd;4;02082049628;info@pioneeris.co.uk;www.pioneeris.co.uk;www.se.com;194 Honeypot Lane;HA7 1EE;Stanmore;Middlesex;unitedkingdom;
1012775;Plan-IT Office Solutions Ltd -;4;;education@plan-itos.com;www.plan-itos.com;www.se.com;Billing Wharf Station Road;NN7 1NH;Northampton;Northamptonshire;unitedkingdom;
1012776;Planet Office Equipment Limited;4;2087513351;orders@planet-uk.com;www.planet-uk.com;www.se.com;Unit 6, Devonshire Court;TW13 7LU;Feltham;Middlesex;unitedkingdom;
1012777;Probrand Ltd;4;;anthony@icomm.co.uk;;www.se.com;37/55 Camden Street;B1 3BP;Birmingham;;unitedkingdom;
1012778;4 way solutions;4;;srobson@4waysolutions.co.uk;www.4waysolutions.co.uk;www.se.com;4 Station Close, Potters Bar;EN6 1TL;London;;unitedkingdom;
1012779;Ashdale Engineering Ltd;4;2890783000;csimms@ashdale.co.uk;www.ashdale.co.uk;www.se.com;39 York Park, Shore Road;BT15 3PX;Belfast;Antrim;unitedkingdom;
1012780;Procom Professional Services Limited;4;01482382050;stuart.ingram@procom-it.com;www.procom-it.com;www.se.com;The Deep Business Centre;HU1 4BG;Kingstob Upon Hull;East Riding of Yorkshire;unitedkingdom;
1012781;Project Design Engineers Ltd;4;;colin.connolly@pde.co.uk;;www.se.com;25 Randalstown Road;BT41 4LJ;ANTRIM;;unitedkingdom;
1012783;Protect Power Systems Ltd;4;02080502974;mail@protectpowersystems.com;https://protectpowersystems.com;www.se.com;Unit 24 Nottingham South & Wilford Business Park;NG117EP;Nottingham;Nottinghamshire;unitedkingdom;
1012784;Qual Limited;4;01293400720;preteshp@qual.co.uk;www.qual.co.uk;www.se.com;Unit 10, Gatwick Metro Centre;RH69GA;Horley;Surrey;unitedkingdom;
1012785;Quality Electrical Distribution Ltd 445 Oakshott Place, Walton Summit;4;01772517010;joc@qedgroup.co.uk;;www.se.com;445 Oakshott Place;PR5 8AT;PRESTON;Lancashire;unitedkingdom;
1012787;Quzo;4;02036579723;info@quzo.net;https://www.quzo.net;www.se.com;158 City Road;WC1E 7HU;London;;unitedkingdom;
1012789;Radwell;4;1782576800;roleksyk@radwell.co.uk;;www.se.com;Dalewood road;ST5 9QZ;Newcastle-under-Lyme;;unitedkingdom;
1012790;Ashton Office Supplies - lanca;4;;phil.barnes@ashtonoffice.co.uk;;www.se.com;Ashton Office Supplies Ltd;ol7 0ns;lancashire;Lancashire;unitedkingdom;
1012791;Raman Power Technologies;4;02039508988;pgohil@ramanpower.com;www.ramanpower.com;www.se.com;Suite 116, Bizspace Business Centre, 4-6 Wadsworth Road;UB67JJ;Perivale;Londonderry;unitedkingdom;
1012792;Ramcare Ltd;4;01903762555;info@ramcare.ltd.uk;www.ramcare.co.uk;www.se.com;31-37 Penhill Road;BN15 8HA;Lancing;;unitedkingdom;
1012793;Ranger Computer Systems;4;;abryant@bpx.co.uk;www.rangercomputersystems.com;www.se.com;Ross Walk;LE4 5HA;Leicester;Leicestershire;unitedkingdom;
1012794;Redpalm Technology Services Ltd;4;;adam.white@redpalm.co.uk;www.redpalm.co.uk;www.se.com;12 Moulton Park Office Village;NN3 6AP;Northampton;Northamptonshire;unitedkingdom;
1012795;Redway Networks;4;01908046400;sales@redwaynetworks.com;www.redwaynetworks.com;www.se.com;70 Alston Drive Bradwell Abbey;MK13;Milton Keynes;Buckinghamshire;unitedkingdom;
1012796;Reflex Data Systems Ltd - Beve;4;;alamb200@hotmail.com;;www.se.com;Reflex House;HU17 0TB;Beverley;South Yorkshire;unitedkingdom;
1012798;Remark Group - Peterborough;4;;kevin@remark-group.co.uk;www.Remark-Group.co.uk;www.se.com;Lake Ridge,;PE2 9FT;Peterborough;Cambridgeshire;unitedkingdom;
1012799;Restore Plc;4;01708527621;marios.frangoullides@restore.co.uk;www.restore.co.uk;www.se.com;Redhill Distribution Centre;RH1 5DY;Redhill;Surrey;unitedkingdom;
1012800;REXEL;4;1223423204;;;www.se.com;150-152 Cowley Road;CB4 0DL;CAMBRIDGE;Cambridgeshire;unitedkingdom;
1012801;AT&T (GB) Ltd Units 9&10 Phoenix Trade Park;4;;purchasing@attgb.co.uk;;www.se.com;Units 9&10 Phoenix Trade Park;TW8 9PL;BRENTFORD;;unitedkingdom;
1012802;REXEL PRESTON;4;01772654954;brian.kellett@neweyandeyre.co.uk;;www.se.com;Unit M Guild Trading Estate,Fletcher Road,PRESTON;PR1 5DP;Lancashire;Lancashire;unitedkingdom;
1012803;REXEL REDRUTH;4;1209219800;;;www.se.com;Unit 4 Carn Brea Business Park,REDRUTH;TR15 3RQ;Cornwall;;unitedkingdom;
1012804;ROBERT M DONALDSON LTD;4;;scot.docherty@rmduk.com;www.rmduk.com;www.se.com;THE HARLANDS ALLOA;FK10 1TB;ALLOA;Clackmannanshire;unitedkingdom;
1012805;Saphire Computers Ltd - Gospor;4;02392512090;quotes@saphire-computers.co.uk;www.saphire-computers.co.uk;www.se.com;Unit 2 Marine Trades Centre;PO12 1BG;Gosport;Hampshire;unitedkingdom;
1012806;SCAN. COMPUTERS;4;01204474747;stevea@scan.co.uk;www.scan.co.uk;www.se.com;27 28 Enterprise Pk;BL6 6PE;Bolton;Greater Manchester;unitedkingdom;
1012807;Scattergood & Johnson Ltd;4;1132430203;;;www.se.com;Lowfields Road,LEEDS;LS12 6ET;West Yorkshire;West Yorkshire;unitedkingdom;
1012808;Secure Power Ltd;4;08445679770;sales@secure-power.co.uk;www.secure-power.co.uk;www.se.com;Unit 4, Acres Hill Business Park;S9 4LR;Sheffield;;unitedkingdom;
1012809;Sensible Computing Soutions;4;;steve.beall@sensible.co.uk;www.sensible.co.uk;www.se.com;Unit 5 Firtree Lane;LE6 0FH;Leicester;Leicestershire;unitedkingdom;
1012810;Server Room Environments Ltd;4;08000306838;projects@serverroomenvironments.co.uk;https://www.serverroomenvironments.co.uk;www.se.com;St. Andrews Business Centre, Bromfield Industrial Estate;CH7 1XB;Mold;;unitedkingdom;
1012811;Servertek Ltd;4;02476950850;;https://www.servertek.co.uk;www.se.com;Swan House Business Centre;CV13 0LJ;Nuneaton;Warwickshire;unitedkingdom;
1012812;Atmos Technology Ltd;4;;iain.mcglade@atmostechnology.co.uk;www.atmostechnology.co.uk;www.se.com;he Mansion, Bletchley Park, Bletchley;MK3 6EB;Milton Keyne;Buckinghamshire;unitedkingdom;
1012814;Shape Systems Ltd - Coventry;4;02476682882Press1ForSales;tim@shapesystems.com;www.shapesystems.com;www.se.com;211-213 Rotherham Road;CV6 4FL;Coventry;Warwickshire;unitedkingdom;
1012815;Sheargold Ltd;4;;hemal@sheargoldltd.com;;www.se.com;Unit 1 Imperial ParkStonefield Way;HA4 0JW;SOUTH RUISLIP;Greater London;unitedkingdom;
1012816;SHI Corporation UK Limited;4;+44(0)1908300370;erind_hoxha@shi.com;;www.se.com;401 Grafton Gate, Ground Floor;MK9 1AQ;Milton Keynes;Buckinghamshire;unitedkingdom;
1012817;SICL Limited;4;;lev.lajti@sicl.co.uk;;www.se.com;SICL House, 131 Upper Wortley Road;LS12 4JG;Leeds;West Yorkshire;unitedkingdom;
1012818;SICL UK Ltd;4;;paul.owen@sicl.com;www.sicl.com;www.se.com;Unit 15, Pavilion Business Park;LS12 6AJ;Leeds;West Yorkshire;unitedkingdom;
1012819;Sidney Group Ltd;4;+441223798559;apc@sidneygroup.co.uk;;www.se.com;St John's Innovation Centre, Cowley Road;CB4 0WS;Cambridge;Cambridgeshire;unitedkingdom;
1012820;SL-Complete Limited;4;02071839392;stefan.dean@sl-complete.com;www.sl-complete.com;www.se.com;MANOR COTTAGE;HA5 3EN;PINNER;;unitedkingdom;
1012821;SL-Complete Limited - Harrow;4;;neil.allen@sl-complete.com;www.sl-complete.com;www.se.com;London Office, 3 Harkett Close;HA3 7EY;Harrow;Middlesex;unitedkingdom;
1012822;Smart Solutions GRP Limited;4;07756671234;lee@mysmartgroup.co.uk;www.mysmartgroup.co.uk;www.se.com;Unit 7 The Office Village;PE1 1YN;Peterborough;;unitedkingdom;
1012823;AU Associates Limited t/a Datacommxpress.com;4;+1420561502;alanb@datacommxpress.com;www.datacommxpress.com;www.se.com;62 Lapwing Way, Four Mark;GU345FD;Alton;Hampshire;unitedkingdom;
1012824;Soft Sell;4;;ayub@soft-sell.co.uk;www.soft-sell.co.uk;www.se.com;74 Darwen Street,;BB2 2BL;Blackburn;Lancashire;unitedkingdom;
1012825;Softcat LTD;4;;thomasha@softcat.com;www.softcat.com;www.se.com;Thames Industrial EstateFieldhouse Lane;SL7 1LW;Marlow;Buckinghamshire;unitedkingdom;
1012826;Sol-Tec - Reading;4;;cmakuyana@sol-tec.com;www.sol-tec.com;www.se.com;Sol-Tec Ltd Thames Court Richfield Avenue;RG45 6GY;Reading;Berkshire;unitedkingdom;
1012827;Solab;4;01224213033;sean.lynch@solab.co.uk;www.solab.co.uk;www.se.com;Bridge House;AB11 6JN;Aberdeen;Aberdeenshire;unitedkingdom;
1012828;Sole Systems Ltd;4;01428681300;jamesw@solesystems.co.uk;www.solesystems.co.uk;www.se.com;3 Ardington Courtyard;GU8 5NF;Godalming;Surrey;unitedkingdom;
1012829;Source UPS;4;01252692559;gavin@sourceups.co.uk;www.sourceups.co.uk;www.se.com;Intec House.;GU51 4JA;Fleet;Hampshire;unitedkingdom;
1012830;Specialist Power Systems;4;;adam.baverstock@specialistpower.com;;www.se.com;3 Kempston Court;MK43 9PQ;Kempston Hardwick;Bedfordshire;unitedkingdom;
1012831;Stage Electrics;4;;steve.parsons@stage-electrics.co.uk;;www.se.com;Encore House, Unit 3, Britannia Road,;BS34 5TA;Bristol;Sth. Gloucestershire;unitedkingdom;
1012832;Stone Computers Limited;4;08448221122;marketing@stonegroup.co.uk;https://www.stonegroup.co.uk/;www.se.com;Granite One Hundred;ST18 9AA;Stafford;Staffordshire;unitedkingdom;
1012833;Stratton Networks;4;01992240030;steve@strattonnetworks.co.uk;www.strattonnetworks.co.uk;www.se.com;40a Wilbury WayALEXANDER HOUSE;SG4 0AP;Hitchin;Hertfordshire;unitedkingdom;
1012834;Autodata Products Limited;4;+44(0)2077497949;sales@autodata.co.uk;www.autodata.co.uk;www.se.com;49-51 Central Street;EC1V 8AB;London;Greater London;unitedkingdom;
1012835;STRAWBERRY GLOBAL TECHNOLOGY LTD;4;2089731414;benbolt@strawberrygt.com;;www.se.com;1-2 HAMPTON HILL BUSINESS PARK;TW12 1NP;HAMPTON;Middlesex;unitedkingdom;
1012836;Stridon Limited;4;+44.20.3006.2140;ideas@stridon.co.uk;www.stridon.co.uk;www.se.com;6-8 Bonhill Street;EC2A 4BX;London;Greater London;unitedkingdom;
1012837;Sudlows Ltd;4;;pauljackson@sudlows.com;;www.se.com;Ducie WorksHulme Hall Lane;M40 8HH;MANCHESTER;Greater Manchester;unitedkingdom;
1012838;Sumillion;4;;sales@sumillion.com;www.sumillion.com;www.se.com;Church Ln;;Basingstoke;;unitedkingdom;
1012839;SupPortal UK Ltd;4;01256831130;sales@supportal-uk.com;https://www.supportal-uk.com;www.se.com;.;SO15 8QP;Southampton;Hampshire;unitedkingdom;
1012840;Talkdata Limited;4;;dip@talkdata.co.uk;;www.se.com;New House,Ground Floor Shop 67 Hatton Garden;EC1N 8;London;;unitedkingdom;
1012841;TandyUK Servers;4;01903247011;admin@tandyukservers.co.uk;https://www.tandyukservers.co.uk;www.se.com;2 Carlisle House;BN11 5HB;Worthing;West Sussex;unitedkingdom;
1012842;Tangible Benefit Ltd;4;;sales@tangiblebenefit.com;www.tangiblebenefit.com;www.se.com;28-29 White Lion Street;N1 9PD;London;Greater London;unitedkingdom;
1012843;Target Components;4;;stephen.walker@serversplus.com;www.serversplus.com;www.se.com;Pioneer Way;WF10 5QU;Castleford;;unitedkingdom;
1012844;TECD Solutions LTD;4;01189739395;mark@tecd.co.uk;tecdsolutions.com;www.se.com;Unit 9 Reading Road;RG279DB;Hook;Hampshire;unitedkingdom;
1012845;Automation Software Engineering;4;+441386791800;tony.bowen@aseuk.com;;www.se.com;Unit 6 Stockwood Business ParkStockwood;B96 6SX;NR REDDITCH;;unitedkingdom;
1012846;tech twenty one;4;00441279293221;sales@techtwentyone.co.uk;;www.se.com;Endeavour House;CM24 1SJ;Stansted;Essex;unitedkingdom;
1012847;Technical Reality;4;08006890664;hello@technicalreality.co.uk;www.technicalreality.co.uk;www.se.com;Kemp House;EC1V 2NX;London;Greater London;unitedkingdom;
1012848;Technique - Thatcham;4;;bart@techniqueit.co.uk;www.techniqueit.co.uk;www.se.com;6 Thatcham Busines Village Colthrop Way;RG19 4LW;Thatcham;Berkshire;unitedkingdom;
1012849;Tecnologika;4;;giulioantonelli@tecnologika.co.uk;www.tecnologika.co.uk;www.se.com;91 Brick Lane;E1 6QL;London;Greater London;unitedkingdom;
1012850;TET Ltd;4;02075539950;kashm@tet.co.uk;www.tet.co.uk;www.se.com;D9, Friarsgate Business Park;NW10 7SE;London;Greater London;unitedkingdom;
1012851;TGC Computers Ltd - Wakefield;4;08452578017;sally.broadbent@tgccomputers.co.uk;;www.se.com;Unit 6 Lister Park Green Lane Featherstone;WF7 6FE;Wakefield;West Yorkshire;unitedkingdom;
1012855;Think BIG Tech;4;01843570000;richard@thinkbigtech.co.uk;https://thinkbigtech.co.uk/;www.se.com;Dane Park Road,;CT11 7LT;Ramsgate;Kent;unitedkingdom;
1012856;Axia Computer Systems Ltd;4;01923333111;sales@axia.co.uk;;www.se.com;Axia House;WD17 1UH;Watford;Hertfordshire;unitedkingdom;
1012857;TI Group;4;+442033285655;sam.sharma@thetigroup.com;thetigroup.com;www.se.com;115 Southwark Bridge Road;SE1 0AX;London;Greater London;unitedkingdom;
1012858;TLC (Southern) Ltd - London;4;;rgooding@g1.tv;;www.se.com;Unit 10 Chelsea Fields Ind Est,278 Western Rd, Merton,LONDON;SW19 2QA;Gtr London;;unitedkingdom;
1012859;Total Computer Networks Ltd;4;08456470000;info@totalcomputers.co.uk;;www.se.com;Unit 1-3 Brooklands Court;NN15 6FD;Kettering;Northamptonshire;unitedkingdom;
1012860;Trams Ltd;4;02078207111;sales@trams.co.uk;;www.se.com;33 Queen Street;EC4R 1AP;London;Greater London;unitedkingdom;
1012861;Trilogy Technologies;4;;punit.vadgama@trilogytechnologies.com;www.trilogytechnologies.com;www.se.com;2, Lincoln House, 296 - 302 High Holborn;WC1V 7JH;London;Greater London;unitedkingdom;
1012862;tritek ltd;4;03333001439;;https://www.tekshop247.com;www.se.com;Tritek Ltd;BB1 5QB;blackburn;;unitedkingdom;
1012863;Trust Systems Ltd - Cirenceste;4;01285898054;bops@trustsystems.co.uk;www.trustsystems.co.uk;www.se.com;Unit 20-21, Cirencester Office Park;GL7 6JJ;Cirencester;Gloucestershire;unitedkingdom;
1012864;TSE Power;4;01268523083;sales@tse-ups.com;www.tsepower.co.uk;www.se.com;Unit 3, Honywood Business Park;SS14 3HW;Basildon;Essex;unitedkingdom;
1012865;UIX Technologies Ltd;4;00447515915001;harisha.nair@uixtech.com;https://uixtech.com;www.se.com;202 Sutton Point;Sm14SY;Sutton;Greater London;unitedkingdom;
1012866;UK IT ONLINE - Birmingham;4;;neil.jelley@ukitonline.com;;www.se.com;Unit 32 The Business Centre Tyseley;B11 2BA;Birmingham;;unitedkingdom;
1012867;Badger Computer Services Ltd;4;;enquiries@badgeruk.com;www.badgeruk.com;www.se.com;2 Island Centre Way;EN3 6GS;Enfield;;unitedkingdom;
1012869;UKCS;4;;adamm@ukcs.co.uk;www.ukcs.co.uk;www.se.com;27 Chartergate, Quarry Park Close, Moulton Business Park;NN3 6QB;Northamptonshire;Northamptonshire;unitedkingdom;
1012870;Ultima Computers Ltd-Wadhurst;4;;jason.dowsey@ultima-office.com;www.ultima-computers.co.uk;www.se.com;Wadhurst Business Park Faircrouch Lane;TN5 6PT;Wadhurst;East Sussex;unitedkingdom;
1012871;Upgrade Options;4;08712311961;adamr@upgrade.co.uk;www.upgrade.co.uk;www.se.com;ClocktowerGreenhills Rural Enterprise CentreGreenhills Estate;GU10 2DZ;Tilford;Surrey;unitedkingdom;
1012872;Vale Systems;4;+441672812000;steve.stewart@valesystems.co.uk;www.valesystems.co.uk;www.se.com;24 High Street;SN8 3AF;Burbage;Wiltshire;unitedkingdom;
1012873;Valusys Limited;4;01903791266;stephen.s@valusys.co.uk;www.valusys.co.uk;www.se.com;UNIT 8;BN11 2RN;WORTHING;;unitedkingdom;
1012874;Vanquish Technologies Ltd;4;;sales@vanquishtech.co.uk;www.vanquishtech.co.uk/;www.se.com;Unit A, Ascensis Tower, Juniper Drive;SW181AY;London;;unitedkingdom;
1012875;Vantage IT Solutions Limited;4;01296668966;enquiries@vantageit.co.uk;www.vantageit.co.uk;www.se.com;Unit 2 Airfield Park;HP23 4QR;Tring;;unitedkingdom;
1012876;Vector Projects Associates Ltd;4;02085710901;lhector@vpait.com;;www.se.com;Unit 4 Triangle Centre;UB13EJ;Southall;Middlesex;unitedkingdom;
1012878;Banner Group Ltd;4;;eric.hamer@banneruk.com;;www.se.com;Newland House;WF6 2TZ;Normanton;West Yorkshire;unitedkingdom;
1012879;Vikrus Ltd;4;;info@vikrusit.com;www.vikrusit.com;www.se.com;231 Kenton Road;HA7 2HW;Harrow;Middlesex;unitedkingdom;
1012880;Vitrx Limited - High Wycombe;4;;dbreith@vitrx.co.uk;www.vitrx.co.uk;www.se.com;The Chapel, Britwell Road;Sl1 8DF;Burnham;Buckinghamshire;unitedkingdom;
1012881;Viva Enterprises Ltd - Cricklewood;4;;ravi@vivaenterprises.co.uk;;www.se.com;t/a Arrow Elec Trade Discount Ctr,The Goods Inward,Hessop Road,LONDON;NW2 6RX;Gtr London;;unitedkingdom;
1012882;Vohkus Limited - Southampton;4;;andrew.gillan@vohkus.com;www.vohkus.com;www.se.com;25 Worship Street;EC2A 2DX;London;Greater London;unitedkingdom;
1012883;Western Automation /HTE/ETS;4;;andrew.surtees@uk-electric.net;;www.se.com;Unit 14, Taurus Park 11,Europa Boulevard,WARRINGTON;WA5 7ZT;Cheshire;;unitedkingdom;
1012884;Western Electrical Ltd;4;1752268411;;;www.se.com;Plymouth Trade Park,32 Macadam Road, Cattedown,PLYMOUTH;PL4 0RU;Devon;Devon;unitedkingdom;
1012885;Westwood Associates Ltd;4;01753887161;nigel.welsh@westwoodassociates.co.uk;;www.se.com;Hapden House;SL9 9DP;Chalfont st Peter;;unitedkingdom;
1012886;Workspace Technology Ltd;4;07795364584;andy.orton@workspace-technology.com;www.workspace-technology.com;www.se.com;Unit 10 Reddicap Trading Estate;B75 7BU;SUTTON COLDFIELD;West Midlands;unitedkingdom;
1012887;Xpress Datacom Supplies Limited;4;01480400705;chris@xpressdatacom.co.uk;;www.se.com;Castle Hill House;PE29 3TE;Huntingdon;Cambridgeshire;unitedkingdom;
1012888;Yellowbus Solutions;4;;mark@yellowbus.co.uk;;www.se.com;4th Floor North, 401 Faraday Street,;WA3 6GA;Warrington;Cheshire;unitedkingdom;
1012889;4Networks.co.uk;4;01143216444;sales@4networks.co.uk;4networks.co.uk;www.se.com;Regus The Balance;S1 2GU;Sheffield;South Yorkshire;unitedkingdom;
1012890;BCL Power Ltd;4;01908607548;info@bclpower.co.uk;www.bclpower.co.uk;www.se.com;Unit 13 Beaufort Court;MK5 8HL;Milton Keynes;Buckinghamshire;unitedkingdom;
1012891;YESSS Electrical (A) Ltd;4;;glenn.paffett@yesss.co.uk;;www.se.com;Unit 2 Deacon Estate,TUNBRIDGE WELLS;TN2 3EH;Kent;Kent;unitedkingdom;
1012893;YESSS Electrical (B) Ltd;4;;harriet.black@yesss.co.uk;;www.se.com;Units 6C & 6D Europa Park,GRIMSBY;DN31 2UJ;South Humberside;;unitedkingdom;
1012895;YESSS Electrical (B) Ltd;4;01516667358;rory.harper@yesss.co.uk;;www.se.com;Units 3 & 4 Priory Point,St Marys Gate,BIRKENHEAD;CH41 5HU;Merseyside;Cheshire;unitedkingdom;
1012896;Zones UK Ltd;4;02076087676;eleonora.rocca@ukzones.com;https://uk.zones.com/;www.se.com;St. Clements House, 27 Clements Lane,;EC4N 7AE;London;Greater London;unitedkingdom;
1012897;Bechtle UK;4;;giles.norris@bechtle.com;www.bechtle.co.uk;www.se.com;Turnpike House, Methuen Park;SN14 0GF;Chippenham;Wiltshire;unitedkingdom;
1012898;Bennett & Fountain;4;2089980061;;;www.se.com;2-4 Argyle Road;W13 8AD;EALING;;unitedkingdom;
1012899;Black Bear IT Solutions;4;01524889158;richard.alford@blackbearitsolutions.co.uk;www.blackbearitsolutions.co.uk;www.se.com;2 Norfolk Street;LA1 2BW;Lancaster;;unitedkingdom;
1012900;Black Box Network Services (UK) Ltd;4;;james.garlick@blackbox.com;www.blackbox.co.uk;www.se.com;3 Bennet Court;RG2 0QX;READING;Berkshire;unitedkingdom;
1012901;Blue Helix;4;01293528888;sales@bluehelix.co.uk;www.bluehelix.co.uk;www.se.com;A Trading Div of Norbain Holdings Ltd, South Corner;RH11 0PH;Lowfield Heath, Crawley;West Sussex;unitedkingdom;
1012902;Blue Surf Networks Ltd;4;01245200592;ricky@bluesurfnetworks.co.uk;www.bluesurfnetworks.com;www.se.com;Rosewood, Southend Road;CM2 7TE;Chelmsford;Essex;unitedkingdom;
1012903;Bluepoint Corporation Limited;4;;rpp@bluepoint.net;www.bluepoint.net;www.se.com;DavyAvenue Knowlhill;MK5 8PB;Milton Keynes;Buckinghamshire;unitedkingdom;
1012904;BOFFINS COMPUTER WORKSHOP;4;;chrisd@boffins.co.uk;;www.se.com;Thame House;HP17 8HU;Aylesbury;Buckinghamshire;unitedkingdom;
1012905;Box Ltd;4;;tom.newell@box.co.uk;;www.se.com;First Avenue, Minworth, Sutton Coldfield;B76 1BA;Birmingham;West Midlands;unitedkingdom;
1012906;A J Hurst Ltd;4;02890770037;alan.irvine@ajhurst.com;www.ajhurst.com;www.se.com;Unit 10 Graham Industrial Park,Dargan Crescent;BT3 9LP;BELFAST;;unitedkingdom;
1012907;boxxe Limited;4;;hardware@boxxe.com;www.boxxe.com;www.se.com;EAST MOOR HOUSE SUTTON-ON-THE-FOREST;YO61 1ET;YORK;North Yorkshire;unitedkingdom;
1012908;Breeze Office Solutions;4;01371859888;murray@breezeoffice.co.uk;www.breezeoffice.co.uk;www.se.com;3 Flitch Industrial Estate;CM6 1XJ;Dunmow;Essex;unitedkingdom;
1012910;BT Business Direct Ltd;4;08704293303;pan.kountanis@bt.com;https://www.businessdirect.bt.com/;www.se.com;Alpha Beta House;BL6 6PE;Bolton;;unitedkingdom;
1012911;Bubble IT - Nottingham;4;;tariq@bubbleit.com;;www.se.com;Beetson;NG9 2AW;Nottingham;Nottinghamshire;unitedkingdom;
1012912;CAE Technology Services;4;;zahra.ali@caeuk.com;www.caeuk.com;www.se.com;CAE HouseColonial Way;WD24 4PT;Watford;Greater London;unitedkingdom;
1012913;Calder IT Ltd;4;03300020088;sales@calderit.com;www.calderit.com;www.se.com;Suite F8 Trinity House;HX1 2QR;Halifax;West Yorkshire;unitedkingdom;
1012915;Cameo Computer Services UK Ltd;4;3300584224;ian.blackman@cameouk.com;www.cameouk.com;www.se.com;6 Merus Court, Meridian Business Park;LE19 1RJ;Leicester;Leicestershire;unitedkingdom;
1012916;CCS Media Ltd;4;;jameel.yadallee@ccsmedia.com;www.ccsmedia.com/;www.se.com;Old Birdholme HouseDerby Road;S40 2EX;Chesterfield;Derbyshire;unitedkingdom;
1012917;Aabyss Limited;4;441517333223;troy.midwood@aabyss.uk;;www.se.com;19 Meridian Business Village;L24 9LG;Liverpool;Merseyside;unitedkingdom;
1012918;CCT Infotech Ltd;4;;jon.grubb@cct-infotech.co.uk;www.cct-infotech.co.uk;www.se.com;Matrich House, Hatfield Hi-Tech Park, Goulton Street;HU3 4DD;Hull;East Riding of Yorkshire;unitedkingdom;
1012919;CDW;4;02077916000;info@uk.cdw.com;www.uk.cdw.com;www.se.com;10 Fleet Place;EC4M 7RB;London;Greater London;unitedkingdom;
1012920;CEF Airdrie Ltd;4;;kevin.wright@cef.co.uk;;www.se.com;Unit 3 Block 2, Victoria Ind Est;ML6 9BY;AIRDRIE;;unitedkingdom;
1012922;CEF Barnsley Ltd;4;01226288261;michael.muscroft@cef.co.uk;;www.se.com;Hunningley Close;S70 3DP;BARNSLEY;South Yorkshire;unitedkingdom;
1012923;CEF Bulwell Ltd;4;01159757317;craig.barber@cef.co.uk;;www.se.com;Unit 3 Saxondale Court,Leen Drive, Hucknall Lane,BULWELL;NG6 8EP;Nottinghamshire;Nottinghamshire;unitedkingdom;
1012924;CEF Chester Ltd;4;;andrew.skinner@cef.co.uk;;www.se.com;Unit 1 Deva Court,Lightfoot Street,CHESTER;CH2 3AD;Cheshire;;unitedkingdom;
1012925;CEF Chesterfield Ltd;4;;geoff.dickens@cef.co.uk;;www.se.com;Sheffield Road;S41 7JH;CHESTERFIELD;;unitedkingdom;
1012926;CEF Livingston Ltd;4;1506439188;;;www.se.com;Grange Road,Houstoun Ind Est,LIVINGSTON;EH54 5DE;West Lothian;West Lothian;unitedkingdom;
1012928;Ability IT Services Ltd;4;01482222477;enquiries@abilityit.co.uk;https://www.abilityit.co.uk;www.se.com;300 Hawthorn Avenue;HU3 5LL;Kingston Upon Hull;East Riding of Yorkshire;unitedkingdom;
1012929;CEF Southport Ltd;4;;keith.whiting@cef.co.uk;;www.se.com;16A Hart St,SOUTHPORT;PR8 6BT;Merseyside;;unitedkingdom;
1012930;CEF Swansea Ltd;4;;sales.swansea@cef.co.uk;;www.se.com;Tower House, Felinfach,Swansea West Bus Park,SWANSEA;SA5 4HF;West Glamorgan;;unitedkingdom;
1012933;Centerprise International;4;01256378000;modsupport@centerprise.co.uk;www.centerprise.co.uk;www.se.com;Hampshire International Business Park;RG24 8GQ;Basingstoke;Hampshire;unitedkingdom;
1012934;CENTRAL IT SOLUTIONS - Warwick;4;;steve.cole@citsltd.com;;www.se.com;Unit 8 Amco Building Ravens Bank Pa;B98 9EX;Warwickshire;Warwickshire;unitedkingdom;
1012935;Central Support Technologies Ltd;4;01628531400;help@cstltd.com;www.cstltd.com;www.se.com;The Pump House, Stag Place;HP10 0TT;Wooburn Green;Buckinghamshire;unitedkingdom;
1012936;CETSAT Ltd;4;08001953838;chris.kimmins@cetsat.com;https://cetsat.com;www.se.com;Telstar House/Mead Av,;BA22 8RT;Yeovil;Somerset;unitedkingdom;
1012937;Charles Square Limited;4;02038138910;bcohen@charlessq.co.uk;;www.se.com;16 Charles Street;W1J 5DS;London;Greater London;unitedkingdom;
1012939;Absolutely PC;4;;john@absolutleypc.co.uk;;www.se.com;Unit 1 Grove Industrial State, Gloucefter Road,Patch Way,;BS34 5BB;Bristol;Somerset;unitedkingdom;
1012940;China Telecom (Europe) Ltd.;4;+44(0)2075377156;leopeng@chinatelecomglobal.com;https://www.chinatelecomeurope.com/;www.se.com;2nd Floor, Bellerive House,;E14 9SZ;London;Greater London;unitedkingdom;
1012941;Chingford Electrical Supplies;4;02085319919;sales@chingfordelectrical.co.uk;www.chingfordelectrical.co.uk;www.se.com;5-9 Chingford Mount Road;E4 8LU;London;Greater London;unitedkingdom;
1012942;city electrical factors;4;02084272286;david.flynn@cef.co.uk;;www.se.com;unit 12 waverly industrial park;ha14tr;harrow;Middlesex;unitedkingdom;
1012946;Clarion Information systems LT;4;01216631214;leonw@clarionis.com;www.clarionis.com;www.se.com;Unit M26, Hastingwood Industrial Estate Wood Lane, Erdington;B24 9QR;Birmingham;West Midlands;unitedkingdom;
1012947;ClickOn IT London Ltd - Kingst;4;;mal@clickonitlondon.co.uk;www.clickonitlondon.co.uk;www.se.com;KBC Kingston Exchange;KT2 5AA;Kingston Upon Thames;Greater London;unitedkingdom;
1012950;Abtec Network Systems LTD;4;;dh@abtecnet.com;;www.se.com;Barents House, Northampton Rd, Compass Point, Market Harborough;LE16 9HW;Leicestershire;Leicestershire;unitedkingdom;
1012951;Comcen Computer Supplies Ltd;4;01792515566;sales@comcen.co.uk;www.comcen.co.uk;www.se.com;Bruce Road;SA5 4HS;Swansea;West Glamorgan;unitedkingdom;
1012952;Commercial IT Services Limited;4;01242703400;managedit@commercial.co.uk;https://commercial.co.uk/managed-it/;www.se.com;Commercial House;GL530DL;Cheltenham;Gloucestershire;unitedkingdom;
1012953;COMMERCIAL SYSTEMS CONSULTANTS;4;;sales@comsyco.co.uk;;www.se.com;397 ANLABY ROAD;HU3 6AB;HULL;West Yorkshire;unitedkingdom;
1012954;Comms Express Ltd;4;08004880000;justin@comms-express.com;www.comms-express.com;www.se.com;Unit 7, Grafton Place;CM2 6TG;Chelmsford;Essex;unitedkingdom;
1012955;Comms-care;4;08702644303;justin.whitfield@comms-care.com;www.commscare.com;www.se.com;Cheshire Avenue;CW9 7UA;Northwich;Cheshire;unitedkingdom;
1012956;CommsSolutions;4;;alex@commssolutions.com;;www.se.com;65 Curzon Street;W1J 8PE;LONDON;Greater London;unitedkingdom;
1012957;Complete IT Systems Ltd;4;;daniel.bloomfield@cit-sys.co.uk;www.cit-sys.co.uk;www.se.com;Unit 1 The Courtyard;BD3 7AY;Bradford;West Yorkshire;unitedkingdom;
1012958;Compusolve IT Solutions Ltd;4;01916620100;andrew@compusolvesystems.co.uk;www.compusolve-it.co.uk;www.se.com;Sinclair Court, Darrell Street;NE13 7DS;Newcastle upon Tyne;Tyne and Wear;unitedkingdom;
1012959;COMPUTER SOLUTIONS PEOPLE LTD;4;;chris.scott@computersolutionspeople.com;;www.se.com;223 Southampton Road;PO6 4PY;Hants;Hampshire;unitedkingdom;
1012960;Computerengland.com Ltd;4;01614774442;mark@computerengland.com;www.computerengland.com;www.se.com;53 Buxton Road;SK2 6LS;Stockport;Cheshire;unitedkingdom;
